{"at":"2026-05-12T21:22:53+00:00","event":"assertion","data":{"status":"pass","name":"setup creates contexts A and B","details":"QA_RT_20260512_212253_02e17cc9"}}
{"at":"2026-05-12T21:22:53+00:00","event":"assertion","data":{"status":"pass","name":"TEST 1 setup created beliefs in A\/B","details":""}}
{"at":"2026-05-12T21:22:53+00:00","event":"assertion","data":{"status":"pass","name":"TEST 1 no B marker visible in context A bundle","details":""}}
{"at":"2026-05-12T21:22:53+00:00","event":"assertion","data":{"status":"pass","name":"TEST 1 no A marker visible in context B bundle","details":""}}
{"at":"2026-05-12T21:22:53+00:00","event":"assertion","data":{"status":"pass","name":"TEST 1 social dynamics scoped rows exist","details":""}}
{"at":"2026-05-12T21:22:53+00:00","event":"assertion","data":{"status":"pass","name":"TEST 1B strict read A returns only scoped A rows","details":""}}
{"at":"2026-05-12T21:22:53+00:00","event":"assertion","data":{"status":"pass","name":"TEST 1B strict read A excludes B and legacy NULL","details":""}}
{"at":"2026-05-12T21:22:53+00:00","event":"assertion","data":{"status":"pass","name":"TEST 1B strict read B returns only scoped B rows","details":""}}
{"at":"2026-05-12T21:22:53+00:00","event":"assertion","data":{"status":"pass","name":"TEST 1B strict read B excludes A and legacy NULL","details":""}}
{"at":"2026-05-12T21:22:53+00:00","event":"assertion","data":{"status":"pass","name":"TEST 1B opt-in legacy read returns A plus legacy only","details":""}}
{"at":"2026-05-12T21:22:53+00:00","event":"assertion","data":{"status":"pass","name":"TEST 1B prompt social block A excludes legacy and context B","details":""}}
{"at":"2026-05-12T21:22:53+00:00","event":"assertion","data":{"status":"pass","name":"TEST 1B prompt social block B excludes legacy and context A","details":""}}
{"at":"2026-05-12T21:22:53+00:00","event":"assertion","data":{"status":"pass","name":"TEST 1B social endpoint marks include_legacy=true on explicit opt-in","details":""}}
{"at":"2026-05-12T21:22:53+00:00","event":"assertion","data":{"status":"pass","name":"TEST 1B social endpoint marks legacy opt-in active","details":""}}
{"at":"2026-05-12T21:22:53+00:00","event":"assertion","data":{"status":"pass","name":"TEST 2 narrative recompute returns context A","details":""}}
{"at":"2026-05-12T21:22:53+00:00","event":"assertion","data":{"status":"pass","name":"TEST 2 narrative recompute does not update belief rows","details":""}}
{"at":"2026-05-12T21:22:53+00:00","event":"assertion","data":{"status":"pass","name":"TEST 2 narrative recompute does not append belief events","details":""}}
{"at":"2026-05-12T21:22:53+00:00","event":"assertion","data":{"status":"pass","name":"TEST 3 memory compiler runs twice","details":""}}
{"at":"2026-05-12T21:22:53+00:00","event":"assertion","data":{"status":"pass","name":"TEST 3 compiler does not mutate memory.md","details":""}}
{"at":"2026-05-12T21:22:53+00:00","event":"assertion","data":{"status":"pass","name":"TEST 3 compiler does not mutate beliefs","details":""}}
{"at":"2026-05-12T21:22:53+00:00","event":"assertion","data":{"status":"pass","name":"TEST 3 compiler does not mutate narrative","details":""}}
{"at":"2026-05-12T21:22:53+00:00","event":"assertion","data":{"status":"pass","name":"TEST 4 creates S1\/S2 snapshots","details":""}}
{"at":"2026-05-12T21:22:53+00:00","event":"assertion","data":{"status":"pass","name":"TEST 4 S1 payload stable after live mutation","details":""}}
{"at":"2026-05-12T21:22:53+00:00","event":"assertion","data":{"status":"pass","name":"TEST 4 snapshot compare returns ok","details":""}}
{"at":"2026-05-12T21:22:53+00:00","event":"assertion","data":{"status":"pass","name":"TEST 4 snapshot compare does not mutate live state","details":""}}
{"at":"2026-05-12T21:22:53+00:00","event":"assertion","data":{"status":"pass","name":"TEST 4 snapshot compare does not rewrite S1","details":""}}
{"at":"2026-05-12T21:22:53+00:00","event":"assertion","data":{"status":"pass","name":"TEST 4 no silent restore method exposed on ContextSnapshotService","details":""}}
{"at":"2026-05-12T21:22:53+00:00","event":"assertion","data":{"status":"pass","name":"TEST 5 context comparison returns ok","details":""}}
{"at":"2026-05-12T21:22:53+00:00","event":"assertion","data":{"status":"pass","name":"TEST 5 comparison declares runtime_meta.read_only","details":""}}
{"at":"2026-05-12T21:22:53+00:00","event":"assertion","data":{"status":"pass","name":"TEST 5 comparison does not change active context","details":""}}
{"at":"2026-05-12T21:22:53+00:00","event":"assertion","data":{"status":"pass","name":"TEST 5 comparison does not mutate context A tables","details":""}}
{"at":"2026-05-12T21:22:53+00:00","event":"assertion","data":{"status":"pass","name":"TEST 5 comparison does not mutate context B tables","details":""}}
{"at":"2026-05-12T21:22:53+00:00","event":"assertion","data":{"status":"pass","name":"TEST 5 comparison does not mutate context A files","details":""}}
{"at":"2026-05-12T21:22:53+00:00","event":"assertion","data":{"status":"pass","name":"TEST 5 comparison does not mutate context B files","details":""}}
{"at":"2026-05-12T21:22:53+00:00","event":"assertion","data":{"status":"pass","name":"TEST 6 PromptBuilder buildDecisionRoomMessages completes","details":""}}
{"at":"2026-05-12T21:22:53+00:00","event":"assertion","data":{"status":"pass","name":"TEST 6 PromptBuilder does not write SQLite","details":"app_logs delta=0"}}
{"at":"2026-05-12T21:22:53+00:00","event":"assertion","data":{"status":"pass","name":"TEST 6 PromptBuilder does not write filesystem","details":"memory existed before=no, after=no"}}
{"at":"2026-05-12T21:22:53+00:00","event":"assertion","data":{"status":"pass","name":"TEST 6 PromptBuilder with missing memory does not create memory.md","details":""}}
{"at":"2026-05-12T21:22:53+00:00","event":"assertion","data":{"status":"pass","name":"TEST 6 prompt trace and cognitive budget present","details":""}}
{"at":"2026-05-12T21:22:53+00:00","event":"assertion","data":{"status":"pass","name":"TEST 6 all prompt trace steps map to registry definitions","details":""}}
{"at":"2026-05-12T21:22:53+00:00","event":"assertion","data":{"status":"pass","name":"TEST 6 prompt message shape is stable","details":""}}
{"at":"2026-05-12T21:22:53+00:00","event":"assertion","data":{"status":"pass","name":"TEST 6 setup writes existing memory file","details":""}}
{"at":"2026-05-12T21:22:53+00:00","event":"assertion","data":{"status":"pass","name":"TEST 6 PromptBuilder build with existing memory completes","details":""}}
{"at":"2026-05-12T21:22:53+00:00","event":"assertion","data":{"status":"pass","name":"TEST 6 PromptBuilder with existing memory does not modify memory.md","details":""}}
{"at":"2026-05-12T21:22:53+00:00","event":"assertion","data":{"status":"pass","name":"TEST 6 PromptBuilder reads existing memory without content mutation","details":""}}
{"at":"2026-05-12T21:22:53+00:00","event":"assertion","data":{"status":"pass","name":"TEST 6 PromptBuilder does not reference Logger::logPromptBuild","details":""}}
{"at":"2026-05-12T21:22:53+00:00","event":"assertion","data":{"status":"pass","name":"TEST 6 PromptBuilder does not reference ensureFile","details":""}}
{"at":"2026-05-12T21:22:53+00:00","event":"assertion","data":{"status":"pass","name":"TEST 6 social repository defaults never enable legacy NULL rows","details":""}}
{"at":"2026-05-12T21:22:53+00:00","event":"assertion","data":{"status":"pass","name":"TEST 6 SocialPromptContextBuilder avoids global summary call when context can be provided","details":""}}
{"at":"2026-05-12T21:22:53+00:00","event":"assertion","data":{"status":"pass","name":"TEST 7 situated chat returns ok","details":""}}
{"at":"2026-05-12T21:22:53+00:00","event":"assertion","data":{"status":"pass","name":"TEST 7 situated chat returns cognitive_runtime","details":""}}
{"at":"2026-05-12T21:22:53+00:00","event":"assertion","data":{"status":"pass","name":"TEST 7 situated chat returns prompt_injection_trace","details":""}}
{"at":"2026-05-12T21:22:53+00:00","event":"assertion","data":{"status":"pass","name":"TEST 7 situated chat trace steps map to registry definitions","details":""}}
{"at":"2026-05-12T21:22:53+00:00","event":"assertion","data":{"status":"pass","name":"TEST 7 situated chat does not leak context A marker into B prompt","details":""}}
{"at":"2026-05-12T21:22:53+00:00","event":"assertion","data":{"status":"pass","name":"TEST 7 situated chat uses B scoped sources","details":""}}
{"at":"2026-05-12T21:22:53+00:00","event":"assertion","data":{"status":"pass","name":"TEST 8 static PromptBuilder has no persistence calls","details":""}}
{"at":"2026-05-12T21:22:53+00:00","event":"assertion","data":{"status":"pass","name":"TEST 8 static PromptBuilder has no filesystem writes","details":""}}
{"at":"2026-05-12T21:22:53+00:00","event":"assertion","data":{"status":"pass","name":"TEST 8 static PromptBuilder has no repository writes","details":""}}
{"at":"2026-05-12T21:22:53+00:00","event":"assertion","data":{"status":"pass","name":"TEST 8 forbidden call graph src\/Domain\/StrategicContext\/StrategicNarrativeService.php","details":""}}
{"at":"2026-05-12T21:22:53+00:00","event":"assertion","data":{"status":"pass","name":"TEST 8 forbidden call graph src\/Domain\/StrategicContext\/MemoryCompilerService.php","details":""}}
{"at":"2026-05-12T21:22:53+00:00","event":"assertion","data":{"status":"pass","name":"TEST 8 forbidden call graph src\/Domain\/StrategicContext\/ContextSnapshotService.php","details":""}}
{"at":"2026-05-12T21:22:53+00:00","event":"assertion","data":{"status":"pass","name":"TEST 8 forbidden call graph src\/Domain\/SocialDynamics\/SocialPromptContextBuilder.php","details":""}}
{"at":"2026-05-12T21:22:53+00:00","event":"assertion","data":{"status":"pass","name":"TEST 8 static includeLegacyNullRows=true not used as default","details":""}}
{"at":"2026-05-12T21:22:53+00:00","event":"assertion","data":{"status":"pass","name":"TEST 8 SocialPromptContextBuilder passes explicit strict-context arguments to summarizeForPrompt","details":""}}
{"at":"2026-05-12T21:22:53+00:00","event":"assertion","data":{"status":"pass","name":"TEST 8 runners do not opt-in legacy social reads by default","details":""}}
{"at":"2026-05-12T21:22:53+00:00","event":"assertion","data":{"status":"pass","name":"TEST 9 mutation guard blocks forbidden PromptBuilder -> SQLite write","details":""}}
{"at":"2026-05-12T21:22:53+00:00","event":"assertion","data":{"status":"pass","name":"CHAOS comparison asymmetric A\/chaos does not crash","details":""}}
{"at":"2026-05-12T21:22:53+00:00","event":"assertion","data":{"status":"pass","name":"CHAOS Decision Room trace complete and registry declared","details":""}}
{"at":"2026-05-12T21:22:53+00:00","event":"assertion","data":{"status":"pass","name":"CHAOS CognitiveBudgetEngine prunes huge context traceably","details":""}}
{"at":"2026-05-12T21:22:53+00:00","event":"assertion","data":{"status":"pass","name":"CHAOS user prompt remains bounded after pruning","details":""}}
{"at":"2026-05-12T21:22:53+00:00","event":"assertion","data":{"status":"pass","name":"CHAOS Decision Room prompt does not leak context A marker","details":""}}
{"at":"2026-05-13T11:04:50+00:00","event":"assertion","data":{"status":"pass","name":"setup creates contexts A and B","details":"QA_RT_20260513_110450_86d1cf12"}}
{"at":"2026-05-13T11:04:50+00:00","event":"assertion","data":{"status":"pass","name":"TEST 1 setup created beliefs in A\/B","details":""}}
{"at":"2026-05-13T11:04:50+00:00","event":"assertion","data":{"status":"pass","name":"TEST 1 no B marker visible in context A bundle","details":""}}
{"at":"2026-05-13T11:04:50+00:00","event":"assertion","data":{"status":"pass","name":"TEST 1 no A marker visible in context B bundle","details":""}}
{"at":"2026-05-13T11:04:50+00:00","event":"assertion","data":{"status":"pass","name":"TEST 1 social dynamics scoped rows exist","details":""}}
{"at":"2026-05-13T11:04:50+00:00","event":"assertion","data":{"status":"pass","name":"TEST 1B strict read A returns only scoped A rows","details":""}}
{"at":"2026-05-13T11:04:50+00:00","event":"assertion","data":{"status":"pass","name":"TEST 1B strict read A excludes B and legacy NULL","details":""}}
{"at":"2026-05-13T11:04:50+00:00","event":"assertion","data":{"status":"pass","name":"TEST 1B strict read B returns only scoped B rows","details":""}}
{"at":"2026-05-13T11:04:50+00:00","event":"assertion","data":{"status":"pass","name":"TEST 1B strict read B excludes A and legacy NULL","details":""}}
{"at":"2026-05-13T11:04:50+00:00","event":"assertion","data":{"status":"pass","name":"TEST 1B opt-in legacy read returns A plus legacy only","details":""}}
{"at":"2026-05-13T11:04:50+00:00","event":"assertion","data":{"status":"pass","name":"TEST 1B prompt social block A excludes legacy and context B","details":""}}
{"at":"2026-05-13T11:04:50+00:00","event":"assertion","data":{"status":"pass","name":"TEST 1B prompt social block B excludes legacy and context A","details":""}}
{"at":"2026-05-13T11:04:50+00:00","event":"assertion","data":{"status":"pass","name":"TEST 1B social endpoint marks include_legacy=true on explicit opt-in","details":""}}
{"at":"2026-05-13T11:04:50+00:00","event":"assertion","data":{"status":"pass","name":"TEST 1B social endpoint marks legacy opt-in active","details":""}}
{"at":"2026-05-13T11:04:50+00:00","event":"assertion","data":{"status":"pass","name":"TEST 2 narrative recompute returns context A","details":""}}
{"at":"2026-05-13T11:04:50+00:00","event":"assertion","data":{"status":"pass","name":"TEST 2 narrative recompute does not update belief rows","details":""}}
{"at":"2026-05-13T11:04:50+00:00","event":"assertion","data":{"status":"pass","name":"TEST 2 narrative recompute does not append belief events","details":""}}
{"at":"2026-05-13T11:04:50+00:00","event":"assertion","data":{"status":"pass","name":"TEST 3 memory compiler runs twice","details":""}}
{"at":"2026-05-13T11:04:50+00:00","event":"assertion","data":{"status":"pass","name":"TEST 3 compiler does not mutate memory.md","details":""}}
{"at":"2026-05-13T11:04:50+00:00","event":"assertion","data":{"status":"pass","name":"TEST 3 compiler does not mutate beliefs","details":""}}
{"at":"2026-05-13T11:04:50+00:00","event":"assertion","data":{"status":"pass","name":"TEST 3 compiler does not mutate narrative","details":""}}
{"at":"2026-05-13T11:04:50+00:00","event":"assertion","data":{"status":"pass","name":"TEST 4 creates S1\/S2 snapshots","details":""}}
{"at":"2026-05-13T11:04:50+00:00","event":"assertion","data":{"status":"pass","name":"TEST 4 S1 payload stable after live mutation","details":""}}
{"at":"2026-05-13T11:04:50+00:00","event":"assertion","data":{"status":"pass","name":"TEST 4 snapshot compare returns ok","details":""}}
{"at":"2026-05-13T11:04:50+00:00","event":"assertion","data":{"status":"pass","name":"TEST 4 snapshot compare does not mutate live state","details":""}}
{"at":"2026-05-13T11:04:50+00:00","event":"assertion","data":{"status":"pass","name":"TEST 4 snapshot compare does not rewrite S1","details":""}}
{"at":"2026-05-13T11:04:50+00:00","event":"assertion","data":{"status":"pass","name":"TEST 4 no silent restore method exposed on ContextSnapshotService","details":""}}
{"at":"2026-05-13T11:04:50+00:00","event":"assertion","data":{"status":"pass","name":"TEST 5 context comparison returns ok","details":""}}
{"at":"2026-05-13T11:04:50+00:00","event":"assertion","data":{"status":"pass","name":"TEST 5 comparison declares runtime_meta.read_only","details":""}}
{"at":"2026-05-13T11:04:50+00:00","event":"assertion","data":{"status":"pass","name":"TEST 5 comparison does not change active context","details":""}}
{"at":"2026-05-13T11:04:50+00:00","event":"assertion","data":{"status":"pass","name":"TEST 5 comparison does not mutate context A tables","details":""}}
{"at":"2026-05-13T11:04:50+00:00","event":"assertion","data":{"status":"pass","name":"TEST 5 comparison does not mutate context B tables","details":""}}
{"at":"2026-05-13T11:04:50+00:00","event":"assertion","data":{"status":"pass","name":"TEST 5 comparison does not mutate context A files","details":""}}
{"at":"2026-05-13T11:04:50+00:00","event":"assertion","data":{"status":"pass","name":"TEST 5 comparison does not mutate context B files","details":""}}
{"at":"2026-05-13T11:04:50+00:00","event":"assertion","data":{"status":"pass","name":"TEST 6 PromptBuilder buildDecisionRoomMessages completes","details":""}}
{"at":"2026-05-13T11:04:50+00:00","event":"assertion","data":{"status":"pass","name":"TEST 6 PromptBuilder does not write SQLite","details":"app_logs delta=0"}}
{"at":"2026-05-13T11:04:50+00:00","event":"assertion","data":{"status":"pass","name":"TEST 6 PromptBuilder does not write filesystem","details":"memory existed before=no, after=no"}}
{"at":"2026-05-13T11:04:50+00:00","event":"assertion","data":{"status":"pass","name":"TEST 6 PromptBuilder with missing memory does not create memory.md","details":""}}
{"at":"2026-05-13T11:04:50+00:00","event":"assertion","data":{"status":"pass","name":"TEST 6 prompt trace and cognitive budget present","details":""}}
{"at":"2026-05-13T11:04:50+00:00","event":"assertion","data":{"status":"pass","name":"TEST 6 all prompt trace steps map to registry definitions","details":""}}
{"at":"2026-05-13T11:04:50+00:00","event":"assertion","data":{"status":"pass","name":"TEST 6 prompt message shape is stable","details":""}}
{"at":"2026-05-13T11:04:50+00:00","event":"assertion","data":{"status":"pass","name":"TEST 6 setup writes existing memory file","details":""}}
{"at":"2026-05-13T11:04:50+00:00","event":"assertion","data":{"status":"pass","name":"TEST 6 PromptBuilder build with existing memory completes","details":""}}
{"at":"2026-05-13T11:04:50+00:00","event":"assertion","data":{"status":"pass","name":"TEST 6 PromptBuilder with existing memory does not modify memory.md","details":""}}
{"at":"2026-05-13T11:04:50+00:00","event":"assertion","data":{"status":"pass","name":"TEST 6 PromptBuilder reads existing memory without content mutation","details":""}}
{"at":"2026-05-13T11:04:50+00:00","event":"assertion","data":{"status":"pass","name":"TEST 6 PromptBuilder does not reference Logger::logPromptBuild","details":""}}
{"at":"2026-05-13T11:04:50+00:00","event":"assertion","data":{"status":"pass","name":"TEST 6 PromptBuilder does not reference ensureFile","details":""}}
{"at":"2026-05-13T11:04:50+00:00","event":"assertion","data":{"status":"pass","name":"TEST 6 social repository defaults never enable legacy NULL rows","details":""}}
{"at":"2026-05-13T11:04:50+00:00","event":"assertion","data":{"status":"pass","name":"TEST 6 SocialPromptContextBuilder avoids global summary call when context can be provided","details":""}}
{"at":"2026-05-13T11:04:50+00:00","event":"assertion","data":{"status":"pass","name":"TEST 7 situated chat returns ok","details":""}}
{"at":"2026-05-13T11:04:50+00:00","event":"assertion","data":{"status":"pass","name":"TEST 7 situated chat returns cognitive_runtime","details":""}}
{"at":"2026-05-13T11:04:50+00:00","event":"assertion","data":{"status":"pass","name":"TEST 7 situated chat returns prompt_injection_trace","details":""}}
{"at":"2026-05-13T11:04:50+00:00","event":"assertion","data":{"status":"pass","name":"TEST 7 situated chat trace steps map to registry definitions","details":""}}
{"at":"2026-05-13T11:04:50+00:00","event":"assertion","data":{"status":"pass","name":"TEST 7 situated chat does not leak context A marker into B prompt","details":""}}
{"at":"2026-05-13T11:04:50+00:00","event":"assertion","data":{"status":"pass","name":"TEST 7 situated chat uses B scoped sources","details":""}}
{"at":"2026-05-13T11:04:50+00:00","event":"assertion","data":{"status":"pass","name":"TEST 8 static PromptBuilder has no persistence calls","details":""}}
{"at":"2026-05-13T11:04:50+00:00","event":"assertion","data":{"status":"pass","name":"TEST 8 static PromptBuilder has no filesystem writes","details":""}}
{"at":"2026-05-13T11:04:50+00:00","event":"assertion","data":{"status":"pass","name":"TEST 8 static PromptBuilder has no repository writes","details":""}}
{"at":"2026-05-13T11:04:50+00:00","event":"assertion","data":{"status":"pass","name":"TEST 8 forbidden call graph src\/Domain\/StrategicContext\/StrategicNarrativeService.php","details":""}}
{"at":"2026-05-13T11:04:50+00:00","event":"assertion","data":{"status":"pass","name":"TEST 8 forbidden call graph src\/Domain\/StrategicContext\/MemoryCompilerService.php","details":""}}
{"at":"2026-05-13T11:04:50+00:00","event":"assertion","data":{"status":"pass","name":"TEST 8 forbidden call graph src\/Domain\/StrategicContext\/ContextSnapshotService.php","details":""}}
{"at":"2026-05-13T11:04:50+00:00","event":"assertion","data":{"status":"pass","name":"TEST 8 forbidden call graph src\/Domain\/SocialDynamics\/SocialPromptContextBuilder.php","details":""}}
{"at":"2026-05-13T11:04:50+00:00","event":"assertion","data":{"status":"pass","name":"TEST 8 static includeLegacyNullRows=true not used as default","details":""}}
{"at":"2026-05-13T11:04:50+00:00","event":"assertion","data":{"status":"pass","name":"TEST 8 SocialPromptContextBuilder passes explicit strict-context arguments to summarizeForPrompt","details":""}}
{"at":"2026-05-13T11:04:50+00:00","event":"assertion","data":{"status":"pass","name":"TEST 8 runners do not opt-in legacy social reads by default","details":""}}
{"at":"2026-05-13T11:04:50+00:00","event":"assertion","data":{"status":"pass","name":"TEST 9 mutation guard blocks forbidden PromptBuilder -> SQLite write","details":""}}
{"at":"2026-05-13T11:04:50+00:00","event":"assertion","data":{"status":"pass","name":"CHAOS comparison asymmetric A\/chaos does not crash","details":""}}
{"at":"2026-05-13T11:04:50+00:00","event":"assertion","data":{"status":"pass","name":"CHAOS Decision Room trace complete and registry declared","details":""}}
{"at":"2026-05-13T11:04:50+00:00","event":"assertion","data":{"status":"pass","name":"CHAOS CognitiveBudgetEngine prunes huge context traceably","details":""}}
{"at":"2026-05-13T11:04:50+00:00","event":"assertion","data":{"status":"pass","name":"CHAOS user prompt remains bounded after pruning","details":""}}
{"at":"2026-05-13T11:04:50+00:00","event":"assertion","data":{"status":"pass","name":"CHAOS Decision Room prompt does not leak context A marker","details":""}}
{"at":"2026-05-13T11:25:46+00:00","event":"assertion","data":{"status":"pass","name":"setup creates contexts A and B","details":"QA_RT_20260513_112546_e3312df7"}}
{"at":"2026-05-13T11:25:46+00:00","event":"assertion","data":{"status":"pass","name":"TEST 1 setup created beliefs in A\/B","details":""}}
{"at":"2026-05-13T11:25:46+00:00","event":"assertion","data":{"status":"pass","name":"TEST 1 no B marker visible in context A bundle","details":""}}
{"at":"2026-05-13T11:25:46+00:00","event":"assertion","data":{"status":"pass","name":"TEST 1 no A marker visible in context B bundle","details":""}}
{"at":"2026-05-13T11:25:46+00:00","event":"assertion","data":{"status":"pass","name":"TEST 1 social dynamics scoped rows exist","details":""}}
{"at":"2026-05-13T11:25:46+00:00","event":"assertion","data":{"status":"pass","name":"TEST 1B strict read A returns only scoped A rows","details":""}}
{"at":"2026-05-13T11:25:46+00:00","event":"assertion","data":{"status":"pass","name":"TEST 1B strict read A excludes B and legacy NULL","details":""}}
{"at":"2026-05-13T11:25:46+00:00","event":"assertion","data":{"status":"pass","name":"TEST 1B strict read B returns only scoped B rows","details":""}}
{"at":"2026-05-13T11:25:46+00:00","event":"assertion","data":{"status":"pass","name":"TEST 1B strict read B excludes A and legacy NULL","details":""}}
{"at":"2026-05-13T11:25:46+00:00","event":"assertion","data":{"status":"pass","name":"TEST 1B opt-in legacy read returns A plus legacy only","details":""}}
{"at":"2026-05-13T11:25:46+00:00","event":"assertion","data":{"status":"pass","name":"TEST 1B prompt social block A excludes legacy and context B","details":""}}
{"at":"2026-05-13T11:25:46+00:00","event":"assertion","data":{"status":"pass","name":"TEST 1B prompt social block B excludes legacy and context A","details":""}}
{"at":"2026-05-13T11:25:46+00:00","event":"assertion","data":{"status":"pass","name":"TEST 1B social endpoint marks include_legacy=true on explicit opt-in","details":""}}
{"at":"2026-05-13T11:25:46+00:00","event":"assertion","data":{"status":"pass","name":"TEST 1B social endpoint marks legacy opt-in active","details":""}}
{"at":"2026-05-13T11:25:46+00:00","event":"assertion","data":{"status":"pass","name":"TEST 2 narrative recompute returns context A","details":""}}
{"at":"2026-05-13T11:25:46+00:00","event":"assertion","data":{"status":"pass","name":"TEST 2 narrative recompute does not update belief rows","details":""}}
{"at":"2026-05-13T11:25:46+00:00","event":"assertion","data":{"status":"pass","name":"TEST 2 narrative recompute does not append belief events","details":""}}
{"at":"2026-05-13T11:25:46+00:00","event":"assertion","data":{"status":"pass","name":"TEST 3 memory compiler runs twice","details":""}}
{"at":"2026-05-13T11:25:46+00:00","event":"assertion","data":{"status":"pass","name":"TEST 3 compiler does not mutate memory.md","details":""}}
{"at":"2026-05-13T11:25:46+00:00","event":"assertion","data":{"status":"pass","name":"TEST 3 compiler does not mutate beliefs","details":""}}
{"at":"2026-05-13T11:25:46+00:00","event":"assertion","data":{"status":"pass","name":"TEST 3 compiler does not mutate narrative","details":""}}
{"at":"2026-05-13T11:25:46+00:00","event":"assertion","data":{"status":"pass","name":"TEST 4 creates S1\/S2 snapshots","details":""}}
{"at":"2026-05-13T11:25:46+00:00","event":"assertion","data":{"status":"pass","name":"TEST 4 S1 payload stable after live mutation","details":""}}
{"at":"2026-05-13T11:25:46+00:00","event":"assertion","data":{"status":"pass","name":"TEST 4 snapshot compare returns ok","details":""}}
{"at":"2026-05-13T11:25:46+00:00","event":"assertion","data":{"status":"pass","name":"TEST 4 snapshot compare does not mutate live state","details":""}}
{"at":"2026-05-13T11:25:46+00:00","event":"assertion","data":{"status":"pass","name":"TEST 4 snapshot compare does not rewrite S1","details":""}}
{"at":"2026-05-13T11:25:46+00:00","event":"assertion","data":{"status":"pass","name":"TEST 4 no silent restore method exposed on ContextSnapshotService","details":""}}
{"at":"2026-05-13T11:25:46+00:00","event":"assertion","data":{"status":"pass","name":"TEST 5 context comparison returns ok","details":""}}
{"at":"2026-05-13T11:25:46+00:00","event":"assertion","data":{"status":"pass","name":"TEST 5 comparison declares runtime_meta.read_only","details":""}}
{"at":"2026-05-13T11:25:46+00:00","event":"assertion","data":{"status":"pass","name":"TEST 5 comparison does not change active context","details":""}}
{"at":"2026-05-13T11:25:46+00:00","event":"assertion","data":{"status":"pass","name":"TEST 5 comparison does not mutate context A tables","details":""}}
{"at":"2026-05-13T11:25:46+00:00","event":"assertion","data":{"status":"pass","name":"TEST 5 comparison does not mutate context B tables","details":""}}
{"at":"2026-05-13T11:25:46+00:00","event":"assertion","data":{"status":"pass","name":"TEST 5 comparison does not mutate context A files","details":""}}
{"at":"2026-05-13T11:25:46+00:00","event":"assertion","data":{"status":"pass","name":"TEST 5 comparison does not mutate context B files","details":""}}
{"at":"2026-05-13T11:25:46+00:00","event":"assertion","data":{"status":"pass","name":"TEST 6 PromptBuilder buildDecisionRoomMessages completes","details":""}}
{"at":"2026-05-13T11:25:46+00:00","event":"assertion","data":{"status":"pass","name":"TEST 6 PromptBuilder does not write SQLite","details":"app_logs delta=0"}}
{"at":"2026-05-13T11:25:46+00:00","event":"assertion","data":{"status":"pass","name":"TEST 6 PromptBuilder does not write filesystem","details":"memory existed before=no, after=no"}}
{"at":"2026-05-13T11:25:46+00:00","event":"assertion","data":{"status":"pass","name":"TEST 6 PromptBuilder with missing memory does not create memory.md","details":""}}
{"at":"2026-05-13T11:25:46+00:00","event":"assertion","data":{"status":"pass","name":"TEST 6 prompt trace and cognitive budget present","details":""}}
{"at":"2026-05-13T11:25:46+00:00","event":"assertion","data":{"status":"pass","name":"TEST 6 all prompt trace steps map to registry definitions","details":""}}
{"at":"2026-05-13T11:25:46+00:00","event":"assertion","data":{"status":"pass","name":"TEST 6 prompt message shape is stable","details":""}}
{"at":"2026-05-13T11:25:46+00:00","event":"assertion","data":{"status":"pass","name":"TEST 6 setup writes existing memory file","details":""}}
{"at":"2026-05-13T11:25:46+00:00","event":"assertion","data":{"status":"pass","name":"TEST 6 PromptBuilder build with existing memory completes","details":""}}
{"at":"2026-05-13T11:25:46+00:00","event":"assertion","data":{"status":"pass","name":"TEST 6 PromptBuilder with existing memory does not modify memory.md","details":""}}
{"at":"2026-05-13T11:25:46+00:00","event":"assertion","data":{"status":"pass","name":"TEST 6 PromptBuilder reads existing memory without content mutation","details":""}}
{"at":"2026-05-13T11:25:46+00:00","event":"assertion","data":{"status":"pass","name":"TEST 6 PromptBuilder does not reference Logger::logPromptBuild","details":""}}
{"at":"2026-05-13T11:25:46+00:00","event":"assertion","data":{"status":"pass","name":"TEST 6 PromptBuilder does not reference ensureFile","details":""}}
{"at":"2026-05-13T11:25:46+00:00","event":"assertion","data":{"status":"pass","name":"TEST 6 social repository defaults never enable legacy NULL rows","details":""}}
{"at":"2026-05-13T11:25:46+00:00","event":"assertion","data":{"status":"pass","name":"TEST 6 SocialPromptContextBuilder avoids global summary call when context can be provided","details":""}}
{"at":"2026-05-13T11:25:46+00:00","event":"assertion","data":{"status":"pass","name":"TEST 7 situated chat returns ok","details":""}}
{"at":"2026-05-13T11:25:46+00:00","event":"assertion","data":{"status":"pass","name":"TEST 7 situated chat returns cognitive_runtime","details":""}}
{"at":"2026-05-13T11:25:46+00:00","event":"assertion","data":{"status":"pass","name":"TEST 7 situated chat returns prompt_injection_trace","details":""}}
{"at":"2026-05-13T11:25:46+00:00","event":"assertion","data":{"status":"pass","name":"TEST 7 situated chat trace steps map to registry definitions","details":""}}
{"at":"2026-05-13T11:25:46+00:00","event":"assertion","data":{"status":"pass","name":"TEST 7 situated chat does not leak context A marker into B prompt","details":""}}
{"at":"2026-05-13T11:25:46+00:00","event":"assertion","data":{"status":"pass","name":"TEST 7 situated chat uses B scoped sources","details":""}}
{"at":"2026-05-13T11:25:46+00:00","event":"assertion","data":{"status":"pass","name":"TEST 8 static PromptBuilder has no persistence calls","details":""}}
{"at":"2026-05-13T11:25:46+00:00","event":"assertion","data":{"status":"pass","name":"TEST 8 static PromptBuilder has no filesystem writes","details":""}}
{"at":"2026-05-13T11:25:46+00:00","event":"assertion","data":{"status":"pass","name":"TEST 8 static PromptBuilder has no repository writes","details":""}}
{"at":"2026-05-13T11:25:46+00:00","event":"assertion","data":{"status":"pass","name":"TEST 8 forbidden call graph src\/Domain\/StrategicContext\/StrategicNarrativeService.php","details":""}}
{"at":"2026-05-13T11:25:46+00:00","event":"assertion","data":{"status":"pass","name":"TEST 8 forbidden call graph src\/Domain\/StrategicContext\/MemoryCompilerService.php","details":""}}
{"at":"2026-05-13T11:25:46+00:00","event":"assertion","data":{"status":"pass","name":"TEST 8 forbidden call graph src\/Domain\/StrategicContext\/ContextSnapshotService.php","details":""}}
{"at":"2026-05-13T11:25:46+00:00","event":"assertion","data":{"status":"pass","name":"TEST 8 forbidden call graph src\/Domain\/SocialDynamics\/SocialPromptContextBuilder.php","details":""}}
{"at":"2026-05-13T11:25:46+00:00","event":"assertion","data":{"status":"pass","name":"TEST 8 static includeLegacyNullRows=true not used as default","details":""}}
{"at":"2026-05-13T11:25:46+00:00","event":"assertion","data":{"status":"pass","name":"TEST 8 SocialPromptContextBuilder passes explicit strict-context arguments to summarizeForPrompt","details":""}}
{"at":"2026-05-13T11:25:46+00:00","event":"assertion","data":{"status":"pass","name":"TEST 8 runners do not opt-in legacy social reads by default","details":""}}
{"at":"2026-05-13T11:25:46+00:00","event":"assertion","data":{"status":"pass","name":"TEST 9 mutation guard blocks forbidden PromptBuilder -> SQLite write","details":""}}
{"at":"2026-05-13T11:25:46+00:00","event":"assertion","data":{"status":"pass","name":"CHAOS comparison asymmetric A\/chaos does not crash","details":""}}
{"at":"2026-05-13T11:25:46+00:00","event":"assertion","data":{"status":"pass","name":"CHAOS Decision Room trace complete and registry declared","details":""}}
{"at":"2026-05-13T11:25:46+00:00","event":"assertion","data":{"status":"pass","name":"CHAOS CognitiveBudgetEngine prunes huge context traceably","details":""}}
{"at":"2026-05-13T11:25:46+00:00","event":"assertion","data":{"status":"pass","name":"CHAOS user prompt remains bounded after pruning","details":""}}
{"at":"2026-05-13T11:25:46+00:00","event":"assertion","data":{"status":"pass","name":"CHAOS Decision Room prompt does not leak context A marker","details":""}}
{"at":"2026-05-13T11:25:47+00:00","event":"assertion","data":{"status":"pass","name":"setup creates contexts A and B","details":"QA_RT_20260513_112547_cb472d62"}}
{"at":"2026-05-13T11:25:47+00:00","event":"assertion","data":{"status":"pass","name":"TEST 1 setup created beliefs in A\/B","details":""}}
{"at":"2026-05-13T11:25:47+00:00","event":"assertion","data":{"status":"pass","name":"TEST 1 no B marker visible in context A bundle","details":""}}
{"at":"2026-05-13T11:25:47+00:00","event":"assertion","data":{"status":"pass","name":"TEST 1 no A marker visible in context B bundle","details":""}}
{"at":"2026-05-13T11:25:47+00:00","event":"assertion","data":{"status":"pass","name":"TEST 1 social dynamics scoped rows exist","details":""}}
{"at":"2026-05-13T11:25:47+00:00","event":"assertion","data":{"status":"pass","name":"TEST 1B strict read A returns only scoped A rows","details":""}}
{"at":"2026-05-13T11:25:47+00:00","event":"assertion","data":{"status":"pass","name":"TEST 1B strict read A excludes B and legacy NULL","details":""}}
{"at":"2026-05-13T11:25:47+00:00","event":"assertion","data":{"status":"pass","name":"TEST 1B strict read B returns only scoped B rows","details":""}}
{"at":"2026-05-13T11:25:47+00:00","event":"assertion","data":{"status":"pass","name":"TEST 1B strict read B excludes A and legacy NULL","details":""}}
{"at":"2026-05-13T11:25:47+00:00","event":"assertion","data":{"status":"pass","name":"TEST 1B opt-in legacy read returns A plus legacy only","details":""}}
{"at":"2026-05-13T11:25:47+00:00","event":"assertion","data":{"status":"pass","name":"TEST 1B prompt social block A excludes legacy and context B","details":""}}
{"at":"2026-05-13T11:25:47+00:00","event":"assertion","data":{"status":"pass","name":"TEST 1B prompt social block B excludes legacy and context A","details":""}}
{"at":"2026-05-13T11:25:47+00:00","event":"assertion","data":{"status":"pass","name":"TEST 1B social endpoint marks include_legacy=true on explicit opt-in","details":""}}
{"at":"2026-05-13T11:25:47+00:00","event":"assertion","data":{"status":"pass","name":"TEST 1B social endpoint marks legacy opt-in active","details":""}}
{"at":"2026-05-13T11:25:47+00:00","event":"assertion","data":{"status":"pass","name":"TEST 2 narrative recompute returns context A","details":""}}
{"at":"2026-05-13T11:25:47+00:00","event":"assertion","data":{"status":"pass","name":"TEST 2 narrative recompute does not update belief rows","details":""}}
{"at":"2026-05-13T11:25:47+00:00","event":"assertion","data":{"status":"pass","name":"TEST 2 narrative recompute does not append belief events","details":""}}
{"at":"2026-05-13T11:25:47+00:00","event":"assertion","data":{"status":"pass","name":"TEST 3 memory compiler runs twice","details":""}}
{"at":"2026-05-13T11:25:47+00:00","event":"assertion","data":{"status":"pass","name":"TEST 3 compiler does not mutate memory.md","details":""}}
{"at":"2026-05-13T11:25:47+00:00","event":"assertion","data":{"status":"pass","name":"TEST 3 compiler does not mutate beliefs","details":""}}
{"at":"2026-05-13T11:25:47+00:00","event":"assertion","data":{"status":"pass","name":"TEST 3 compiler does not mutate narrative","details":""}}
{"at":"2026-05-13T11:25:47+00:00","event":"assertion","data":{"status":"pass","name":"TEST 4 creates S1\/S2 snapshots","details":""}}
{"at":"2026-05-13T11:25:47+00:00","event":"assertion","data":{"status":"pass","name":"TEST 4 S1 payload stable after live mutation","details":""}}
{"at":"2026-05-13T11:25:47+00:00","event":"assertion","data":{"status":"pass","name":"TEST 4 snapshot compare returns ok","details":""}}
{"at":"2026-05-13T11:25:47+00:00","event":"assertion","data":{"status":"pass","name":"TEST 4 snapshot compare does not mutate live state","details":""}}
{"at":"2026-05-13T11:25:47+00:00","event":"assertion","data":{"status":"pass","name":"TEST 4 snapshot compare does not rewrite S1","details":""}}
{"at":"2026-05-13T11:25:47+00:00","event":"assertion","data":{"status":"pass","name":"TEST 4 no silent restore method exposed on ContextSnapshotService","details":""}}
{"at":"2026-05-13T11:25:47+00:00","event":"assertion","data":{"status":"pass","name":"TEST 5 context comparison returns ok","details":""}}
{"at":"2026-05-13T11:25:47+00:00","event":"assertion","data":{"status":"pass","name":"TEST 5 comparison declares runtime_meta.read_only","details":""}}
{"at":"2026-05-13T11:25:47+00:00","event":"assertion","data":{"status":"pass","name":"TEST 5 comparison does not change active context","details":""}}
{"at":"2026-05-13T11:25:47+00:00","event":"assertion","data":{"status":"pass","name":"TEST 5 comparison does not mutate context A tables","details":""}}
{"at":"2026-05-13T11:25:47+00:00","event":"assertion","data":{"status":"pass","name":"TEST 5 comparison does not mutate context B tables","details":""}}
{"at":"2026-05-13T11:25:47+00:00","event":"assertion","data":{"status":"pass","name":"TEST 5 comparison does not mutate context A files","details":""}}
{"at":"2026-05-13T11:25:47+00:00","event":"assertion","data":{"status":"pass","name":"TEST 5 comparison does not mutate context B files","details":""}}
{"at":"2026-05-13T11:25:47+00:00","event":"assertion","data":{"status":"pass","name":"TEST 6 PromptBuilder buildDecisionRoomMessages completes","details":""}}
{"at":"2026-05-13T11:25:47+00:00","event":"assertion","data":{"status":"pass","name":"TEST 6 PromptBuilder does not write SQLite","details":"app_logs delta=0"}}
{"at":"2026-05-13T11:25:47+00:00","event":"assertion","data":{"status":"pass","name":"TEST 6 PromptBuilder does not write filesystem","details":"memory existed before=no, after=no"}}
{"at":"2026-05-13T11:25:47+00:00","event":"assertion","data":{"status":"pass","name":"TEST 6 PromptBuilder with missing memory does not create memory.md","details":""}}
{"at":"2026-05-13T11:25:47+00:00","event":"assertion","data":{"status":"pass","name":"TEST 6 prompt trace and cognitive budget present","details":""}}
{"at":"2026-05-13T11:25:47+00:00","event":"assertion","data":{"status":"pass","name":"TEST 6 all prompt trace steps map to registry definitions","details":""}}
{"at":"2026-05-13T11:25:47+00:00","event":"assertion","data":{"status":"pass","name":"TEST 6 prompt message shape is stable","details":""}}
{"at":"2026-05-13T11:25:47+00:00","event":"assertion","data":{"status":"pass","name":"TEST 6 setup writes existing memory file","details":""}}
{"at":"2026-05-13T11:25:47+00:00","event":"assertion","data":{"status":"pass","name":"TEST 6 PromptBuilder build with existing memory completes","details":""}}
{"at":"2026-05-13T11:25:47+00:00","event":"assertion","data":{"status":"pass","name":"TEST 6 PromptBuilder with existing memory does not modify memory.md","details":""}}
{"at":"2026-05-13T11:25:47+00:00","event":"assertion","data":{"status":"pass","name":"TEST 6 PromptBuilder reads existing memory without content mutation","details":""}}
{"at":"2026-05-13T11:25:47+00:00","event":"assertion","data":{"status":"pass","name":"TEST 6 PromptBuilder does not reference Logger::logPromptBuild","details":""}}
{"at":"2026-05-13T11:25:47+00:00","event":"assertion","data":{"status":"pass","name":"TEST 6 PromptBuilder does not reference ensureFile","details":""}}
{"at":"2026-05-13T11:25:47+00:00","event":"assertion","data":{"status":"pass","name":"TEST 6 social repository defaults never enable legacy NULL rows","details":""}}
{"at":"2026-05-13T11:25:47+00:00","event":"assertion","data":{"status":"pass","name":"TEST 6 SocialPromptContextBuilder avoids global summary call when context can be provided","details":""}}
{"at":"2026-05-13T11:25:47+00:00","event":"assertion","data":{"status":"pass","name":"TEST 7 situated chat returns ok","details":""}}
{"at":"2026-05-13T11:25:47+00:00","event":"assertion","data":{"status":"pass","name":"TEST 7 situated chat returns cognitive_runtime","details":""}}
{"at":"2026-05-13T11:25:47+00:00","event":"assertion","data":{"status":"pass","name":"TEST 7 situated chat returns prompt_injection_trace","details":""}}
{"at":"2026-05-13T11:25:47+00:00","event":"assertion","data":{"status":"pass","name":"TEST 7 situated chat trace steps map to registry definitions","details":""}}
{"at":"2026-05-13T11:25:47+00:00","event":"assertion","data":{"status":"pass","name":"TEST 7 situated chat does not leak context A marker into B prompt","details":""}}
{"at":"2026-05-13T11:25:47+00:00","event":"assertion","data":{"status":"pass","name":"TEST 7 situated chat uses B scoped sources","details":""}}
{"at":"2026-05-13T11:25:47+00:00","event":"assertion","data":{"status":"pass","name":"TEST 8 static PromptBuilder has no persistence calls","details":""}}
{"at":"2026-05-13T11:25:47+00:00","event":"assertion","data":{"status":"pass","name":"TEST 8 static PromptBuilder has no filesystem writes","details":""}}
{"at":"2026-05-13T11:25:47+00:00","event":"assertion","data":{"status":"pass","name":"TEST 8 static PromptBuilder has no repository writes","details":""}}
{"at":"2026-05-13T11:25:47+00:00","event":"assertion","data":{"status":"pass","name":"TEST 8 forbidden call graph src\/Domain\/StrategicContext\/StrategicNarrativeService.php","details":""}}
{"at":"2026-05-13T11:25:47+00:00","event":"assertion","data":{"status":"pass","name":"TEST 8 forbidden call graph src\/Domain\/StrategicContext\/MemoryCompilerService.php","details":""}}
{"at":"2026-05-13T11:25:47+00:00","event":"assertion","data":{"status":"pass","name":"TEST 8 forbidden call graph src\/Domain\/StrategicContext\/ContextSnapshotService.php","details":""}}
{"at":"2026-05-13T11:25:47+00:00","event":"assertion","data":{"status":"pass","name":"TEST 8 forbidden call graph src\/Domain\/SocialDynamics\/SocialPromptContextBuilder.php","details":""}}
{"at":"2026-05-13T11:25:47+00:00","event":"assertion","data":{"status":"pass","name":"TEST 8 static includeLegacyNullRows=true not used as default","details":""}}
{"at":"2026-05-13T11:25:47+00:00","event":"assertion","data":{"status":"pass","name":"TEST 8 SocialPromptContextBuilder passes explicit strict-context arguments to summarizeForPrompt","details":""}}
{"at":"2026-05-13T11:25:47+00:00","event":"assertion","data":{"status":"pass","name":"TEST 8 runners do not opt-in legacy social reads by default","details":""}}
{"at":"2026-05-13T11:25:47+00:00","event":"assertion","data":{"status":"pass","name":"TEST 9 mutation guard blocks forbidden PromptBuilder -> SQLite write","details":""}}
{"at":"2026-05-13T11:25:47+00:00","event":"assertion","data":{"status":"pass","name":"CHAOS comparison asymmetric A\/chaos does not crash","details":""}}
{"at":"2026-05-13T11:25:47+00:00","event":"assertion","data":{"status":"pass","name":"CHAOS Decision Room trace complete and registry declared","details":""}}
{"at":"2026-05-13T11:25:47+00:00","event":"assertion","data":{"status":"pass","name":"CHAOS CognitiveBudgetEngine prunes huge context traceably","details":""}}
{"at":"2026-05-13T11:25:47+00:00","event":"assertion","data":{"status":"pass","name":"CHAOS user prompt remains bounded after pruning","details":""}}
{"at":"2026-05-13T11:25:47+00:00","event":"assertion","data":{"status":"pass","name":"CHAOS Decision Room prompt does not leak context A marker","details":""}}
{"at":"2026-05-13T11:57:13+00:00","event":"assertion","data":{"status":"pass","name":"setup creates contexts A and B","details":"QA_RT_20260513_115713_53d857cb"}}
{"at":"2026-05-13T11:57:13+00:00","event":"assertion","data":{"status":"pass","name":"TEST 1 setup created beliefs in A\/B","details":""}}
{"at":"2026-05-13T11:57:13+00:00","event":"assertion","data":{"status":"pass","name":"TEST 1 no B marker visible in context A bundle","details":""}}
{"at":"2026-05-13T11:57:13+00:00","event":"assertion","data":{"status":"pass","name":"TEST 1 no A marker visible in context B bundle","details":""}}
{"at":"2026-05-13T11:57:13+00:00","event":"assertion","data":{"status":"pass","name":"TEST 1 social dynamics scoped rows exist","details":""}}
{"at":"2026-05-13T11:57:13+00:00","event":"assertion","data":{"status":"pass","name":"TEST 1B strict read A returns only scoped A rows","details":""}}
{"at":"2026-05-13T11:57:13+00:00","event":"assertion","data":{"status":"pass","name":"TEST 1B strict read A excludes B and legacy NULL","details":""}}
{"at":"2026-05-13T11:57:13+00:00","event":"assertion","data":{"status":"pass","name":"TEST 1B strict read B returns only scoped B rows","details":""}}
{"at":"2026-05-13T11:57:13+00:00","event":"assertion","data":{"status":"pass","name":"TEST 1B strict read B excludes A and legacy NULL","details":""}}
{"at":"2026-05-13T11:57:13+00:00","event":"assertion","data":{"status":"pass","name":"TEST 1B opt-in legacy read returns A plus legacy only","details":""}}
{"at":"2026-05-13T11:57:13+00:00","event":"assertion","data":{"status":"pass","name":"TEST 1B prompt social block A excludes legacy and context B","details":""}}
{"at":"2026-05-13T11:57:13+00:00","event":"assertion","data":{"status":"pass","name":"TEST 1B prompt social block B excludes legacy and context A","details":""}}
{"at":"2026-05-13T11:57:13+00:00","event":"assertion","data":{"status":"pass","name":"TEST 1B social endpoint marks include_legacy=true on explicit opt-in","details":""}}
{"at":"2026-05-13T11:57:13+00:00","event":"assertion","data":{"status":"pass","name":"TEST 1B social endpoint marks legacy opt-in active","details":""}}
{"at":"2026-05-13T11:57:13+00:00","event":"assertion","data":{"status":"pass","name":"TEST 2 narrative recompute returns context A","details":""}}
{"at":"2026-05-13T11:57:13+00:00","event":"assertion","data":{"status":"pass","name":"TEST 2 narrative recompute does not update belief rows","details":""}}
{"at":"2026-05-13T11:57:13+00:00","event":"assertion","data":{"status":"pass","name":"TEST 2 narrative recompute does not append belief events","details":""}}
{"at":"2026-05-13T11:57:13+00:00","event":"assertion","data":{"status":"pass","name":"TEST 3 memory compiler runs twice","details":""}}
{"at":"2026-05-13T11:57:13+00:00","event":"assertion","data":{"status":"pass","name":"TEST 3 compiler does not mutate memory.md","details":""}}
{"at":"2026-05-13T11:57:13+00:00","event":"assertion","data":{"status":"pass","name":"TEST 3 compiler does not mutate beliefs","details":""}}
{"at":"2026-05-13T11:57:13+00:00","event":"assertion","data":{"status":"pass","name":"TEST 3 compiler does not mutate narrative","details":""}}
{"at":"2026-05-13T11:57:13+00:00","event":"assertion","data":{"status":"pass","name":"TEST 4 creates S1\/S2 snapshots","details":""}}
{"at":"2026-05-13T11:57:13+00:00","event":"assertion","data":{"status":"pass","name":"TEST 4 S1 payload stable after live mutation","details":""}}
{"at":"2026-05-13T11:57:13+00:00","event":"assertion","data":{"status":"pass","name":"TEST 4 snapshot compare returns ok","details":""}}
{"at":"2026-05-13T11:57:13+00:00","event":"assertion","data":{"status":"pass","name":"TEST 4 snapshot compare does not mutate live state","details":""}}
{"at":"2026-05-13T11:57:13+00:00","event":"assertion","data":{"status":"pass","name":"TEST 4 snapshot compare does not rewrite S1","details":""}}
{"at":"2026-05-13T11:57:13+00:00","event":"assertion","data":{"status":"pass","name":"TEST 4 no silent restore method exposed on ContextSnapshotService","details":""}}
{"at":"2026-05-13T11:57:13+00:00","event":"assertion","data":{"status":"pass","name":"TEST 5 context comparison returns ok","details":""}}
{"at":"2026-05-13T11:57:13+00:00","event":"assertion","data":{"status":"pass","name":"TEST 5 comparison declares runtime_meta.read_only","details":""}}
{"at":"2026-05-13T11:57:13+00:00","event":"assertion","data":{"status":"pass","name":"TEST 5 comparison does not change active context","details":""}}
{"at":"2026-05-13T11:57:13+00:00","event":"assertion","data":{"status":"pass","name":"TEST 5 comparison does not mutate context A tables","details":""}}
{"at":"2026-05-13T11:57:13+00:00","event":"assertion","data":{"status":"pass","name":"TEST 5 comparison does not mutate context B tables","details":""}}
{"at":"2026-05-13T11:57:13+00:00","event":"assertion","data":{"status":"pass","name":"TEST 5 comparison does not mutate context A files","details":""}}
{"at":"2026-05-13T11:57:13+00:00","event":"assertion","data":{"status":"pass","name":"TEST 5 comparison does not mutate context B files","details":""}}
{"at":"2026-05-13T11:57:13+00:00","event":"assertion","data":{"status":"pass","name":"TEST 6 PromptBuilder buildDecisionRoomMessages completes","details":""}}
{"at":"2026-05-13T11:57:13+00:00","event":"assertion","data":{"status":"pass","name":"TEST 6 PromptBuilder does not write SQLite","details":"app_logs delta=0"}}
{"at":"2026-05-13T11:57:13+00:00","event":"assertion","data":{"status":"pass","name":"TEST 6 PromptBuilder does not write filesystem","details":"memory existed before=no, after=no"}}
{"at":"2026-05-13T11:57:13+00:00","event":"assertion","data":{"status":"pass","name":"TEST 6 PromptBuilder with missing memory does not create memory.md","details":""}}
{"at":"2026-05-13T11:57:13+00:00","event":"assertion","data":{"status":"pass","name":"TEST 6 prompt trace and cognitive budget present","details":""}}
{"at":"2026-05-13T11:57:13+00:00","event":"assertion","data":{"status":"pass","name":"TEST 6 all prompt trace steps map to registry definitions","details":""}}
{"at":"2026-05-13T11:57:13+00:00","event":"assertion","data":{"status":"pass","name":"TEST 6 prompt message shape is stable","details":""}}
{"at":"2026-05-13T11:57:13+00:00","event":"assertion","data":{"status":"pass","name":"TEST 6 setup writes existing memory file","details":""}}
{"at":"2026-05-13T11:57:13+00:00","event":"assertion","data":{"status":"pass","name":"TEST 6 PromptBuilder build with existing memory completes","details":""}}
{"at":"2026-05-13T11:57:13+00:00","event":"assertion","data":{"status":"pass","name":"TEST 6 PromptBuilder with existing memory does not modify memory.md","details":""}}
{"at":"2026-05-13T11:57:13+00:00","event":"assertion","data":{"status":"pass","name":"TEST 6 PromptBuilder reads existing memory without content mutation","details":""}}
{"at":"2026-05-13T11:57:13+00:00","event":"assertion","data":{"status":"pass","name":"TEST 6 PromptBuilder does not reference Logger::logPromptBuild","details":""}}
{"at":"2026-05-13T11:57:13+00:00","event":"assertion","data":{"status":"pass","name":"TEST 6 PromptBuilder does not reference ensureFile","details":""}}
{"at":"2026-05-13T11:57:13+00:00","event":"assertion","data":{"status":"pass","name":"TEST 6 social repository defaults never enable legacy NULL rows","details":""}}
{"at":"2026-05-13T11:57:13+00:00","event":"assertion","data":{"status":"pass","name":"TEST 6 SocialPromptContextBuilder avoids global summary call when context can be provided","details":""}}
{"at":"2026-05-13T11:57:13+00:00","event":"assertion","data":{"status":"pass","name":"TEST 7 situated chat returns ok","details":""}}
{"at":"2026-05-13T11:57:13+00:00","event":"assertion","data":{"status":"pass","name":"TEST 7 situated chat returns cognitive_runtime","details":""}}
{"at":"2026-05-13T11:57:13+00:00","event":"assertion","data":{"status":"pass","name":"TEST 7 situated chat returns prompt_injection_trace","details":""}}
{"at":"2026-05-13T11:57:13+00:00","event":"assertion","data":{"status":"pass","name":"TEST 7 situated chat trace steps map to registry definitions","details":""}}
{"at":"2026-05-13T11:57:13+00:00","event":"assertion","data":{"status":"pass","name":"TEST 7 situated chat does not leak context A marker into B prompt","details":""}}
{"at":"2026-05-13T11:57:13+00:00","event":"assertion","data":{"status":"pass","name":"TEST 7 situated chat uses B scoped sources","details":""}}
{"at":"2026-05-13T11:57:13+00:00","event":"assertion","data":{"status":"pass","name":"TEST 8 static PromptBuilder has no persistence calls","details":""}}
{"at":"2026-05-13T11:57:13+00:00","event":"assertion","data":{"status":"pass","name":"TEST 8 static PromptBuilder has no filesystem writes","details":""}}
{"at":"2026-05-13T11:57:13+00:00","event":"assertion","data":{"status":"pass","name":"TEST 8 static PromptBuilder has no repository writes","details":""}}
{"at":"2026-05-13T11:57:13+00:00","event":"assertion","data":{"status":"pass","name":"TEST 8 forbidden call graph src\/Domain\/StrategicContext\/StrategicNarrativeService.php","details":""}}
{"at":"2026-05-13T11:57:13+00:00","event":"assertion","data":{"status":"pass","name":"TEST 8 forbidden call graph src\/Domain\/StrategicContext\/MemoryCompilerService.php","details":""}}
{"at":"2026-05-13T11:57:13+00:00","event":"assertion","data":{"status":"pass","name":"TEST 8 forbidden call graph src\/Domain\/StrategicContext\/ContextSnapshotService.php","details":""}}
{"at":"2026-05-13T11:57:13+00:00","event":"assertion","data":{"status":"pass","name":"TEST 8 forbidden call graph src\/Domain\/SocialDynamics\/SocialPromptContextBuilder.php","details":""}}
{"at":"2026-05-13T11:57:13+00:00","event":"assertion","data":{"status":"pass","name":"TEST 8 static includeLegacyNullRows=true not used as default","details":""}}
{"at":"2026-05-13T11:57:13+00:00","event":"assertion","data":{"status":"pass","name":"TEST 8 SocialPromptContextBuilder passes explicit strict-context arguments to summarizeForPrompt","details":""}}
{"at":"2026-05-13T11:57:13+00:00","event":"assertion","data":{"status":"pass","name":"TEST 8 runners do not opt-in legacy social reads by default","details":""}}
{"at":"2026-05-13T11:57:13+00:00","event":"assertion","data":{"status":"pass","name":"TEST 9 mutation guard blocks forbidden PromptBuilder -> SQLite write","details":""}}
{"at":"2026-05-13T11:57:13+00:00","event":"assertion","data":{"status":"pass","name":"CHAOS comparison asymmetric A\/chaos does not crash","details":""}}
{"at":"2026-05-13T11:57:13+00:00","event":"assertion","data":{"status":"pass","name":"CHAOS Decision Room trace complete and registry declared","details":""}}
{"at":"2026-05-13T11:57:13+00:00","event":"assertion","data":{"status":"pass","name":"CHAOS CognitiveBudgetEngine prunes huge context traceably","details":""}}
{"at":"2026-05-13T11:57:13+00:00","event":"assertion","data":{"status":"pass","name":"CHAOS user prompt remains bounded after pruning","details":""}}
{"at":"2026-05-13T11:57:13+00:00","event":"assertion","data":{"status":"pass","name":"CHAOS Decision Room prompt does not leak context A marker","details":""}}
{"at":"2026-05-13T11:57:13+00:00","event":"assertion","data":{"status":"pass","name":"setup creates contexts A and B","details":"QA_RT_20260513_115713_1a5b926c"}}
{"at":"2026-05-13T11:57:13+00:00","event":"assertion","data":{"status":"pass","name":"TEST 1 setup created beliefs in A\/B","details":""}}
{"at":"2026-05-13T11:57:13+00:00","event":"assertion","data":{"status":"pass","name":"TEST 1 no B marker visible in context A bundle","details":""}}
{"at":"2026-05-13T11:57:13+00:00","event":"assertion","data":{"status":"pass","name":"TEST 1 no A marker visible in context B bundle","details":""}}
{"at":"2026-05-13T11:57:13+00:00","event":"assertion","data":{"status":"pass","name":"TEST 1 social dynamics scoped rows exist","details":""}}
{"at":"2026-05-13T11:57:13+00:00","event":"assertion","data":{"status":"pass","name":"TEST 1B strict read A returns only scoped A rows","details":""}}
{"at":"2026-05-13T11:57:13+00:00","event":"assertion","data":{"status":"pass","name":"TEST 1B strict read A excludes B and legacy NULL","details":""}}
{"at":"2026-05-13T11:57:13+00:00","event":"assertion","data":{"status":"pass","name":"TEST 1B strict read B returns only scoped B rows","details":""}}
{"at":"2026-05-13T11:57:13+00:00","event":"assertion","data":{"status":"pass","name":"TEST 1B strict read B excludes A and legacy NULL","details":""}}
{"at":"2026-05-13T11:57:13+00:00","event":"assertion","data":{"status":"pass","name":"TEST 1B opt-in legacy read returns A plus legacy only","details":""}}
{"at":"2026-05-13T11:57:13+00:00","event":"assertion","data":{"status":"pass","name":"TEST 1B prompt social block A excludes legacy and context B","details":""}}
{"at":"2026-05-13T11:57:13+00:00","event":"assertion","data":{"status":"pass","name":"TEST 1B prompt social block B excludes legacy and context A","details":""}}
{"at":"2026-05-13T11:57:13+00:00","event":"assertion","data":{"status":"pass","name":"TEST 1B social endpoint marks include_legacy=true on explicit opt-in","details":""}}
{"at":"2026-05-13T11:57:13+00:00","event":"assertion","data":{"status":"pass","name":"TEST 1B social endpoint marks legacy opt-in active","details":""}}
{"at":"2026-05-13T11:57:13+00:00","event":"assertion","data":{"status":"pass","name":"TEST 2 narrative recompute returns context A","details":""}}
{"at":"2026-05-13T11:57:13+00:00","event":"assertion","data":{"status":"pass","name":"TEST 2 narrative recompute does not update belief rows","details":""}}
{"at":"2026-05-13T11:57:13+00:00","event":"assertion","data":{"status":"pass","name":"TEST 2 narrative recompute does not append belief events","details":""}}
{"at":"2026-05-13T11:57:13+00:00","event":"assertion","data":{"status":"pass","name":"TEST 3 memory compiler runs twice","details":""}}
{"at":"2026-05-13T11:57:13+00:00","event":"assertion","data":{"status":"pass","name":"TEST 3 compiler does not mutate memory.md","details":""}}
{"at":"2026-05-13T11:57:13+00:00","event":"assertion","data":{"status":"pass","name":"TEST 3 compiler does not mutate beliefs","details":""}}
{"at":"2026-05-13T11:57:13+00:00","event":"assertion","data":{"status":"pass","name":"TEST 3 compiler does not mutate narrative","details":""}}
{"at":"2026-05-13T11:57:13+00:00","event":"assertion","data":{"status":"pass","name":"TEST 4 creates S1\/S2 snapshots","details":""}}
{"at":"2026-05-13T11:57:13+00:00","event":"assertion","data":{"status":"pass","name":"TEST 4 S1 payload stable after live mutation","details":""}}
{"at":"2026-05-13T11:57:13+00:00","event":"assertion","data":{"status":"pass","name":"TEST 4 snapshot compare returns ok","details":""}}
{"at":"2026-05-13T11:57:13+00:00","event":"assertion","data":{"status":"pass","name":"TEST 4 snapshot compare does not mutate live state","details":""}}
{"at":"2026-05-13T11:57:13+00:00","event":"assertion","data":{"status":"pass","name":"TEST 4 snapshot compare does not rewrite S1","details":""}}
{"at":"2026-05-13T11:57:13+00:00","event":"assertion","data":{"status":"pass","name":"TEST 4 no silent restore method exposed on ContextSnapshotService","details":""}}
{"at":"2026-05-13T11:57:13+00:00","event":"assertion","data":{"status":"pass","name":"TEST 5 context comparison returns ok","details":""}}
{"at":"2026-05-13T11:57:13+00:00","event":"assertion","data":{"status":"pass","name":"TEST 5 comparison declares runtime_meta.read_only","details":""}}
{"at":"2026-05-13T11:57:13+00:00","event":"assertion","data":{"status":"pass","name":"TEST 5 comparison does not change active context","details":""}}
{"at":"2026-05-13T11:57:13+00:00","event":"assertion","data":{"status":"pass","name":"TEST 5 comparison does not mutate context A tables","details":""}}
{"at":"2026-05-13T11:57:13+00:00","event":"assertion","data":{"status":"pass","name":"TEST 5 comparison does not mutate context B tables","details":""}}
{"at":"2026-05-13T11:57:13+00:00","event":"assertion","data":{"status":"pass","name":"TEST 5 comparison does not mutate context A files","details":""}}
{"at":"2026-05-13T11:57:13+00:00","event":"assertion","data":{"status":"pass","name":"TEST 5 comparison does not mutate context B files","details":""}}
{"at":"2026-05-13T11:57:13+00:00","event":"assertion","data":{"status":"pass","name":"TEST 6 PromptBuilder buildDecisionRoomMessages completes","details":""}}
{"at":"2026-05-13T11:57:13+00:00","event":"assertion","data":{"status":"pass","name":"TEST 6 PromptBuilder does not write SQLite","details":"app_logs delta=0"}}
{"at":"2026-05-13T11:57:13+00:00","event":"assertion","data":{"status":"pass","name":"TEST 6 PromptBuilder does not write filesystem","details":"memory existed before=no, after=no"}}
{"at":"2026-05-13T11:57:13+00:00","event":"assertion","data":{"status":"pass","name":"TEST 6 PromptBuilder with missing memory does not create memory.md","details":""}}
{"at":"2026-05-13T11:57:13+00:00","event":"assertion","data":{"status":"pass","name":"TEST 6 prompt trace and cognitive budget present","details":""}}
{"at":"2026-05-13T11:57:13+00:00","event":"assertion","data":{"status":"pass","name":"TEST 6 all prompt trace steps map to registry definitions","details":""}}
{"at":"2026-05-13T11:57:13+00:00","event":"assertion","data":{"status":"pass","name":"TEST 6 prompt message shape is stable","details":""}}
{"at":"2026-05-13T11:57:13+00:00","event":"assertion","data":{"status":"pass","name":"TEST 6 setup writes existing memory file","details":""}}
{"at":"2026-05-13T11:57:13+00:00","event":"assertion","data":{"status":"pass","name":"TEST 6 PromptBuilder build with existing memory completes","details":""}}
{"at":"2026-05-13T11:57:13+00:00","event":"assertion","data":{"status":"pass","name":"TEST 6 PromptBuilder with existing memory does not modify memory.md","details":""}}
{"at":"2026-05-13T11:57:13+00:00","event":"assertion","data":{"status":"pass","name":"TEST 6 PromptBuilder reads existing memory without content mutation","details":""}}
{"at":"2026-05-13T11:57:13+00:00","event":"assertion","data":{"status":"pass","name":"TEST 6 PromptBuilder does not reference Logger::logPromptBuild","details":""}}
{"at":"2026-05-13T11:57:13+00:00","event":"assertion","data":{"status":"pass","name":"TEST 6 PromptBuilder does not reference ensureFile","details":""}}
{"at":"2026-05-13T11:57:13+00:00","event":"assertion","data":{"status":"pass","name":"TEST 6 social repository defaults never enable legacy NULL rows","details":""}}
{"at":"2026-05-13T11:57:13+00:00","event":"assertion","data":{"status":"pass","name":"TEST 6 SocialPromptContextBuilder avoids global summary call when context can be provided","details":""}}
{"at":"2026-05-13T11:57:13+00:00","event":"assertion","data":{"status":"pass","name":"TEST 7 situated chat returns ok","details":""}}
{"at":"2026-05-13T11:57:13+00:00","event":"assertion","data":{"status":"pass","name":"TEST 7 situated chat returns cognitive_runtime","details":""}}
{"at":"2026-05-13T11:57:13+00:00","event":"assertion","data":{"status":"pass","name":"TEST 7 situated chat returns prompt_injection_trace","details":""}}
{"at":"2026-05-13T11:57:13+00:00","event":"assertion","data":{"status":"pass","name":"TEST 7 situated chat trace steps map to registry definitions","details":""}}
{"at":"2026-05-13T11:57:13+00:00","event":"assertion","data":{"status":"pass","name":"TEST 7 situated chat does not leak context A marker into B prompt","details":""}}
{"at":"2026-05-13T11:57:13+00:00","event":"assertion","data":{"status":"pass","name":"TEST 7 situated chat uses B scoped sources","details":""}}
{"at":"2026-05-13T11:57:13+00:00","event":"assertion","data":{"status":"pass","name":"TEST 8 static PromptBuilder has no persistence calls","details":""}}
{"at":"2026-05-13T11:57:13+00:00","event":"assertion","data":{"status":"pass","name":"TEST 8 static PromptBuilder has no filesystem writes","details":""}}
{"at":"2026-05-13T11:57:13+00:00","event":"assertion","data":{"status":"pass","name":"TEST 8 static PromptBuilder has no repository writes","details":""}}
{"at":"2026-05-13T11:57:13+00:00","event":"assertion","data":{"status":"pass","name":"TEST 8 forbidden call graph src\/Domain\/StrategicContext\/StrategicNarrativeService.php","details":""}}
{"at":"2026-05-13T11:57:13+00:00","event":"assertion","data":{"status":"pass","name":"TEST 8 forbidden call graph src\/Domain\/StrategicContext\/MemoryCompilerService.php","details":""}}
{"at":"2026-05-13T11:57:13+00:00","event":"assertion","data":{"status":"pass","name":"TEST 8 forbidden call graph src\/Domain\/StrategicContext\/ContextSnapshotService.php","details":""}}
{"at":"2026-05-13T11:57:13+00:00","event":"assertion","data":{"status":"pass","name":"TEST 8 forbidden call graph src\/Domain\/SocialDynamics\/SocialPromptContextBuilder.php","details":""}}
{"at":"2026-05-13T11:57:13+00:00","event":"assertion","data":{"status":"pass","name":"TEST 8 static includeLegacyNullRows=true not used as default","details":""}}
{"at":"2026-05-13T11:57:13+00:00","event":"assertion","data":{"status":"pass","name":"TEST 8 SocialPromptContextBuilder passes explicit strict-context arguments to summarizeForPrompt","details":""}}
{"at":"2026-05-13T11:57:13+00:00","event":"assertion","data":{"status":"pass","name":"TEST 8 runners do not opt-in legacy social reads by default","details":""}}
{"at":"2026-05-13T11:57:13+00:00","event":"assertion","data":{"status":"pass","name":"TEST 9 mutation guard blocks forbidden PromptBuilder -> SQLite write","details":""}}
{"at":"2026-05-13T11:57:14+00:00","event":"assertion","data":{"status":"pass","name":"CHAOS comparison asymmetric A\/chaos does not crash","details":""}}
{"at":"2026-05-13T11:57:14+00:00","event":"assertion","data":{"status":"pass","name":"CHAOS Decision Room trace complete and registry declared","details":""}}
{"at":"2026-05-13T11:57:14+00:00","event":"assertion","data":{"status":"pass","name":"CHAOS CognitiveBudgetEngine prunes huge context traceably","details":""}}
{"at":"2026-05-13T11:57:14+00:00","event":"assertion","data":{"status":"pass","name":"CHAOS user prompt remains bounded after pruning","details":""}}
{"at":"2026-05-13T11:57:14+00:00","event":"assertion","data":{"status":"pass","name":"CHAOS Decision Room prompt does not leak context A marker","details":""}}
{"at":"2026-05-13T12:54:47+00:00","event":"assertion","data":{"status":"pass","name":"setup creates contexts A and B","details":"QA_RT_20260513_125447_dbee16ef"}}
{"at":"2026-05-13T12:54:47+00:00","event":"assertion","data":{"status":"pass","name":"TEST 1 setup created beliefs in A\/B","details":""}}
{"at":"2026-05-13T12:54:47+00:00","event":"assertion","data":{"status":"pass","name":"TEST 1 no B marker visible in context A bundle","details":""}}
{"at":"2026-05-13T12:54:47+00:00","event":"assertion","data":{"status":"pass","name":"TEST 1 no A marker visible in context B bundle","details":""}}
{"at":"2026-05-13T12:54:48+00:00","event":"assertion","data":{"status":"pass","name":"TEST 1 social dynamics scoped rows exist","details":""}}
{"at":"2026-05-13T12:54:48+00:00","event":"assertion","data":{"status":"pass","name":"TEST 1B strict read A returns only scoped A rows","details":""}}
{"at":"2026-05-13T12:54:48+00:00","event":"assertion","data":{"status":"pass","name":"TEST 1B strict read A excludes B and legacy NULL","details":""}}
{"at":"2026-05-13T12:54:48+00:00","event":"assertion","data":{"status":"pass","name":"TEST 1B strict read B returns only scoped B rows","details":""}}
{"at":"2026-05-13T12:54:48+00:00","event":"assertion","data":{"status":"pass","name":"TEST 1B strict read B excludes A and legacy NULL","details":""}}
{"at":"2026-05-13T12:54:48+00:00","event":"assertion","data":{"status":"pass","name":"TEST 1B opt-in legacy read returns A plus legacy only","details":""}}
{"at":"2026-05-13T12:54:48+00:00","event":"assertion","data":{"status":"pass","name":"TEST 1B prompt social block A excludes legacy and context B","details":""}}
{"at":"2026-05-13T12:54:48+00:00","event":"assertion","data":{"status":"pass","name":"TEST 1B prompt social block B excludes legacy and context A","details":""}}
{"at":"2026-05-13T12:54:48+00:00","event":"assertion","data":{"status":"pass","name":"TEST 1B social endpoint marks include_legacy=true on explicit opt-in","details":""}}
{"at":"2026-05-13T12:54:48+00:00","event":"assertion","data":{"status":"pass","name":"TEST 1B social endpoint marks legacy opt-in active","details":""}}
{"at":"2026-05-13T12:54:48+00:00","event":"assertion","data":{"status":"pass","name":"TEST 2 narrative recompute returns context A","details":""}}
{"at":"2026-05-13T12:54:48+00:00","event":"assertion","data":{"status":"pass","name":"TEST 2 narrative recompute does not update belief rows","details":""}}
{"at":"2026-05-13T12:54:48+00:00","event":"assertion","data":{"status":"pass","name":"TEST 2 narrative recompute does not append belief events","details":""}}
{"at":"2026-05-13T12:54:48+00:00","event":"assertion","data":{"status":"pass","name":"TEST 3 memory compiler runs twice","details":""}}
{"at":"2026-05-13T12:54:48+00:00","event":"assertion","data":{"status":"pass","name":"TEST 3 compiler does not mutate memory.md","details":""}}
{"at":"2026-05-13T12:54:48+00:00","event":"assertion","data":{"status":"pass","name":"TEST 3 compiler does not mutate beliefs","details":""}}
{"at":"2026-05-13T12:54:48+00:00","event":"assertion","data":{"status":"pass","name":"TEST 3 compiler does not mutate narrative","details":""}}
{"at":"2026-05-13T12:54:48+00:00","event":"assertion","data":{"status":"pass","name":"TEST 4 creates S1\/S2 snapshots","details":""}}
{"at":"2026-05-13T12:54:48+00:00","event":"assertion","data":{"status":"pass","name":"TEST 4 S1 payload stable after live mutation","details":""}}
{"at":"2026-05-13T12:54:48+00:00","event":"assertion","data":{"status":"pass","name":"TEST 4 snapshot compare returns ok","details":""}}
{"at":"2026-05-13T12:54:48+00:00","event":"assertion","data":{"status":"pass","name":"TEST 4 snapshot compare does not mutate live state","details":""}}
{"at":"2026-05-13T12:54:48+00:00","event":"assertion","data":{"status":"pass","name":"TEST 4 snapshot compare does not rewrite S1","details":""}}
{"at":"2026-05-13T12:54:48+00:00","event":"assertion","data":{"status":"pass","name":"TEST 4 no silent restore method exposed on ContextSnapshotService","details":""}}
{"at":"2026-05-13T12:54:48+00:00","event":"assertion","data":{"status":"pass","name":"TEST 5 context comparison returns ok","details":""}}
{"at":"2026-05-13T12:54:48+00:00","event":"assertion","data":{"status":"pass","name":"TEST 5 comparison declares runtime_meta.read_only","details":""}}
{"at":"2026-05-13T12:54:48+00:00","event":"assertion","data":{"status":"pass","name":"TEST 5 comparison does not change active context","details":""}}
{"at":"2026-05-13T12:54:48+00:00","event":"assertion","data":{"status":"pass","name":"TEST 5 comparison does not mutate context A tables","details":""}}
{"at":"2026-05-13T12:54:48+00:00","event":"assertion","data":{"status":"pass","name":"TEST 5 comparison does not mutate context B tables","details":""}}
{"at":"2026-05-13T12:54:48+00:00","event":"assertion","data":{"status":"pass","name":"TEST 5 comparison does not mutate context A files","details":""}}
{"at":"2026-05-13T12:54:48+00:00","event":"assertion","data":{"status":"pass","name":"TEST 5 comparison does not mutate context B files","details":""}}
{"at":"2026-05-13T12:54:48+00:00","event":"assertion","data":{"status":"pass","name":"TEST 6 PromptBuilder buildDecisionRoomMessages completes","details":""}}
{"at":"2026-05-13T12:54:48+00:00","event":"assertion","data":{"status":"pass","name":"TEST 6 PromptBuilder does not write SQLite","details":"app_logs delta=0"}}
{"at":"2026-05-13T12:54:48+00:00","event":"assertion","data":{"status":"pass","name":"TEST 6 PromptBuilder does not write filesystem","details":"memory existed before=no, after=no"}}
{"at":"2026-05-13T12:54:48+00:00","event":"assertion","data":{"status":"pass","name":"TEST 6 PromptBuilder with missing memory does not create memory.md","details":""}}
{"at":"2026-05-13T12:54:48+00:00","event":"assertion","data":{"status":"pass","name":"TEST 6 prompt trace and cognitive budget present","details":""}}
{"at":"2026-05-13T12:54:48+00:00","event":"assertion","data":{"status":"pass","name":"TEST 6 all prompt trace steps map to registry definitions","details":""}}
{"at":"2026-05-13T12:54:48+00:00","event":"assertion","data":{"status":"pass","name":"TEST 6 prompt message shape is stable","details":""}}
{"at":"2026-05-13T12:54:48+00:00","event":"assertion","data":{"status":"pass","name":"TEST 6 setup writes existing memory file","details":""}}
{"at":"2026-05-13T12:54:48+00:00","event":"assertion","data":{"status":"pass","name":"TEST 6 PromptBuilder build with existing memory completes","details":""}}
{"at":"2026-05-13T12:54:48+00:00","event":"assertion","data":{"status":"pass","name":"TEST 6 PromptBuilder with existing memory does not modify memory.md","details":""}}
{"at":"2026-05-13T12:54:48+00:00","event":"assertion","data":{"status":"pass","name":"TEST 6 PromptBuilder reads existing memory without content mutation","details":""}}
{"at":"2026-05-13T12:54:48+00:00","event":"assertion","data":{"status":"pass","name":"TEST 6 PromptBuilder does not reference Logger::logPromptBuild","details":""}}
{"at":"2026-05-13T12:54:48+00:00","event":"assertion","data":{"status":"pass","name":"TEST 6 PromptBuilder does not reference ensureFile","details":""}}
{"at":"2026-05-13T12:54:48+00:00","event":"assertion","data":{"status":"pass","name":"TEST 6 social repository defaults never enable legacy NULL rows","details":""}}
{"at":"2026-05-13T12:54:48+00:00","event":"assertion","data":{"status":"pass","name":"TEST 6 SocialPromptContextBuilder avoids global summary call when context can be provided","details":""}}
{"at":"2026-05-13T12:54:48+00:00","event":"assertion","data":{"status":"pass","name":"TEST 7 situated chat returns ok","details":""}}
{"at":"2026-05-13T12:54:48+00:00","event":"assertion","data":{"status":"pass","name":"TEST 7 situated chat returns cognitive_runtime","details":""}}
{"at":"2026-05-13T12:54:48+00:00","event":"assertion","data":{"status":"pass","name":"TEST 7 situated chat returns prompt_injection_trace","details":""}}
{"at":"2026-05-13T12:54:48+00:00","event":"assertion","data":{"status":"pass","name":"TEST 7 situated chat trace steps map to registry definitions","details":""}}
{"at":"2026-05-13T12:54:48+00:00","event":"assertion","data":{"status":"pass","name":"TEST 7 situated chat does not leak context A marker into B prompt","details":""}}
{"at":"2026-05-13T12:54:48+00:00","event":"assertion","data":{"status":"pass","name":"TEST 7 situated chat uses B scoped sources","details":""}}
{"at":"2026-05-13T12:54:48+00:00","event":"assertion","data":{"status":"pass","name":"TEST 8 static PromptBuilder has no persistence calls","details":""}}
{"at":"2026-05-13T12:54:48+00:00","event":"assertion","data":{"status":"pass","name":"TEST 8 static PromptBuilder has no filesystem writes","details":""}}
{"at":"2026-05-13T12:54:48+00:00","event":"assertion","data":{"status":"pass","name":"TEST 8 static PromptBuilder has no repository writes","details":""}}
{"at":"2026-05-13T12:54:48+00:00","event":"assertion","data":{"status":"pass","name":"TEST 8 forbidden call graph src\/Domain\/StrategicContext\/StrategicNarrativeService.php","details":""}}
{"at":"2026-05-13T12:54:48+00:00","event":"assertion","data":{"status":"pass","name":"TEST 8 forbidden call graph src\/Domain\/StrategicContext\/MemoryCompilerService.php","details":""}}
{"at":"2026-05-13T12:54:48+00:00","event":"assertion","data":{"status":"pass","name":"TEST 8 forbidden call graph src\/Domain\/StrategicContext\/ContextSnapshotService.php","details":""}}
{"at":"2026-05-13T12:54:48+00:00","event":"assertion","data":{"status":"pass","name":"TEST 8 forbidden call graph src\/Domain\/SocialDynamics\/SocialPromptContextBuilder.php","details":""}}
{"at":"2026-05-13T12:54:48+00:00","event":"assertion","data":{"status":"pass","name":"TEST 8 static includeLegacyNullRows=true not used as default","details":""}}
{"at":"2026-05-13T12:54:48+00:00","event":"assertion","data":{"status":"pass","name":"TEST 8 SocialPromptContextBuilder passes explicit strict-context arguments to summarizeForPrompt","details":""}}
{"at":"2026-05-13T12:54:48+00:00","event":"assertion","data":{"status":"pass","name":"TEST 8 runners do not opt-in legacy social reads by default","details":""}}
{"at":"2026-05-13T12:54:48+00:00","event":"assertion","data":{"status":"pass","name":"TEST 9 mutation guard blocks forbidden PromptBuilder -> SQLite write","details":""}}
{"at":"2026-05-13T12:54:48+00:00","event":"assertion","data":{"status":"pass","name":"CHAOS comparison asymmetric A\/chaos does not crash","details":""}}
{"at":"2026-05-13T12:54:48+00:00","event":"assertion","data":{"status":"pass","name":"CHAOS Decision Room trace complete and registry declared","details":""}}
{"at":"2026-05-13T12:54:48+00:00","event":"assertion","data":{"status":"pass","name":"CHAOS CognitiveBudgetEngine prunes huge context traceably","details":""}}
{"at":"2026-05-13T12:54:48+00:00","event":"assertion","data":{"status":"pass","name":"CHAOS user prompt remains bounded after pruning","details":""}}
{"at":"2026-05-13T12:54:48+00:00","event":"assertion","data":{"status":"pass","name":"CHAOS Decision Room prompt does not leak context A marker","details":""}}
{"at":"2026-05-13T12:54:48+00:00","event":"assertion","data":{"status":"pass","name":"setup creates contexts A and B","details":"QA_RT_20260513_125448_44995957"}}
{"at":"2026-05-13T12:54:48+00:00","event":"assertion","data":{"status":"pass","name":"TEST 1 setup created beliefs in A\/B","details":""}}
{"at":"2026-05-13T12:54:48+00:00","event":"assertion","data":{"status":"pass","name":"TEST 1 no B marker visible in context A bundle","details":""}}
{"at":"2026-05-13T12:54:48+00:00","event":"assertion","data":{"status":"pass","name":"TEST 1 no A marker visible in context B bundle","details":""}}
{"at":"2026-05-13T12:54:48+00:00","event":"assertion","data":{"status":"pass","name":"TEST 1 social dynamics scoped rows exist","details":""}}
{"at":"2026-05-13T12:54:48+00:00","event":"assertion","data":{"status":"pass","name":"TEST 1B strict read A returns only scoped A rows","details":""}}
{"at":"2026-05-13T12:54:48+00:00","event":"assertion","data":{"status":"pass","name":"TEST 1B strict read A excludes B and legacy NULL","details":""}}
{"at":"2026-05-13T12:54:48+00:00","event":"assertion","data":{"status":"pass","name":"TEST 1B strict read B returns only scoped B rows","details":""}}
{"at":"2026-05-13T12:54:48+00:00","event":"assertion","data":{"status":"pass","name":"TEST 1B strict read B excludes A and legacy NULL","details":""}}
{"at":"2026-05-13T12:54:48+00:00","event":"assertion","data":{"status":"pass","name":"TEST 1B opt-in legacy read returns A plus legacy only","details":""}}
{"at":"2026-05-13T12:54:48+00:00","event":"assertion","data":{"status":"pass","name":"TEST 1B prompt social block A excludes legacy and context B","details":""}}
{"at":"2026-05-13T12:54:48+00:00","event":"assertion","data":{"status":"pass","name":"TEST 1B prompt social block B excludes legacy and context A","details":""}}
{"at":"2026-05-13T12:54:48+00:00","event":"assertion","data":{"status":"pass","name":"TEST 1B social endpoint marks include_legacy=true on explicit opt-in","details":""}}
{"at":"2026-05-13T12:54:48+00:00","event":"assertion","data":{"status":"pass","name":"TEST 1B social endpoint marks legacy opt-in active","details":""}}
{"at":"2026-05-13T12:54:48+00:00","event":"assertion","data":{"status":"pass","name":"TEST 2 narrative recompute returns context A","details":""}}
{"at":"2026-05-13T12:54:48+00:00","event":"assertion","data":{"status":"pass","name":"TEST 2 narrative recompute does not update belief rows","details":""}}
{"at":"2026-05-13T12:54:48+00:00","event":"assertion","data":{"status":"pass","name":"TEST 2 narrative recompute does not append belief events","details":""}}
{"at":"2026-05-13T12:54:48+00:00","event":"assertion","data":{"status":"pass","name":"TEST 3 memory compiler runs twice","details":""}}
{"at":"2026-05-13T12:54:48+00:00","event":"assertion","data":{"status":"pass","name":"TEST 3 compiler does not mutate memory.md","details":""}}
{"at":"2026-05-13T12:54:48+00:00","event":"assertion","data":{"status":"pass","name":"TEST 3 compiler does not mutate beliefs","details":""}}
{"at":"2026-05-13T12:54:48+00:00","event":"assertion","data":{"status":"pass","name":"TEST 3 compiler does not mutate narrative","details":""}}
{"at":"2026-05-13T12:54:48+00:00","event":"assertion","data":{"status":"pass","name":"TEST 4 creates S1\/S2 snapshots","details":""}}
{"at":"2026-05-13T12:54:48+00:00","event":"assertion","data":{"status":"pass","name":"TEST 4 S1 payload stable after live mutation","details":""}}
{"at":"2026-05-13T12:54:48+00:00","event":"assertion","data":{"status":"pass","name":"TEST 4 snapshot compare returns ok","details":""}}
{"at":"2026-05-13T12:54:48+00:00","event":"assertion","data":{"status":"pass","name":"TEST 4 snapshot compare does not mutate live state","details":""}}
{"at":"2026-05-13T12:54:48+00:00","event":"assertion","data":{"status":"pass","name":"TEST 4 snapshot compare does not rewrite S1","details":""}}
{"at":"2026-05-13T12:54:48+00:00","event":"assertion","data":{"status":"pass","name":"TEST 4 no silent restore method exposed on ContextSnapshotService","details":""}}
{"at":"2026-05-13T12:54:48+00:00","event":"assertion","data":{"status":"pass","name":"TEST 5 context comparison returns ok","details":""}}
{"at":"2026-05-13T12:54:48+00:00","event":"assertion","data":{"status":"pass","name":"TEST 5 comparison declares runtime_meta.read_only","details":""}}
{"at":"2026-05-13T12:54:48+00:00","event":"assertion","data":{"status":"pass","name":"TEST 5 comparison does not change active context","details":""}}
{"at":"2026-05-13T12:54:48+00:00","event":"assertion","data":{"status":"pass","name":"TEST 5 comparison does not mutate context A tables","details":""}}
{"at":"2026-05-13T12:54:48+00:00","event":"assertion","data":{"status":"pass","name":"TEST 5 comparison does not mutate context B tables","details":""}}
{"at":"2026-05-13T12:54:48+00:00","event":"assertion","data":{"status":"pass","name":"TEST 5 comparison does not mutate context A files","details":""}}
{"at":"2026-05-13T12:54:48+00:00","event":"assertion","data":{"status":"pass","name":"TEST 5 comparison does not mutate context B files","details":""}}
{"at":"2026-05-13T12:54:48+00:00","event":"assertion","data":{"status":"pass","name":"TEST 6 PromptBuilder buildDecisionRoomMessages completes","details":""}}
{"at":"2026-05-13T12:54:48+00:00","event":"assertion","data":{"status":"pass","name":"TEST 6 PromptBuilder does not write SQLite","details":"app_logs delta=0"}}
{"at":"2026-05-13T12:54:48+00:00","event":"assertion","data":{"status":"pass","name":"TEST 6 PromptBuilder does not write filesystem","details":"memory existed before=no, after=no"}}
{"at":"2026-05-13T12:54:48+00:00","event":"assertion","data":{"status":"pass","name":"TEST 6 PromptBuilder with missing memory does not create memory.md","details":""}}
{"at":"2026-05-13T12:54:48+00:00","event":"assertion","data":{"status":"pass","name":"TEST 6 prompt trace and cognitive budget present","details":""}}
{"at":"2026-05-13T12:54:48+00:00","event":"assertion","data":{"status":"pass","name":"TEST 6 all prompt trace steps map to registry definitions","details":""}}
{"at":"2026-05-13T12:54:48+00:00","event":"assertion","data":{"status":"pass","name":"TEST 6 prompt message shape is stable","details":""}}
{"at":"2026-05-13T12:54:48+00:00","event":"assertion","data":{"status":"pass","name":"TEST 6 setup writes existing memory file","details":""}}
{"at":"2026-05-13T12:54:48+00:00","event":"assertion","data":{"status":"pass","name":"TEST 6 PromptBuilder build with existing memory completes","details":""}}
{"at":"2026-05-13T12:54:48+00:00","event":"assertion","data":{"status":"pass","name":"TEST 6 PromptBuilder with existing memory does not modify memory.md","details":""}}
{"at":"2026-05-13T12:54:48+00:00","event":"assertion","data":{"status":"pass","name":"TEST 6 PromptBuilder reads existing memory without content mutation","details":""}}
{"at":"2026-05-13T12:54:48+00:00","event":"assertion","data":{"status":"pass","name":"TEST 6 PromptBuilder does not reference Logger::logPromptBuild","details":""}}
{"at":"2026-05-13T12:54:48+00:00","event":"assertion","data":{"status":"pass","name":"TEST 6 PromptBuilder does not reference ensureFile","details":""}}
{"at":"2026-05-13T12:54:48+00:00","event":"assertion","data":{"status":"pass","name":"TEST 6 social repository defaults never enable legacy NULL rows","details":""}}
{"at":"2026-05-13T12:54:48+00:00","event":"assertion","data":{"status":"pass","name":"TEST 6 SocialPromptContextBuilder avoids global summary call when context can be provided","details":""}}
{"at":"2026-05-13T12:54:48+00:00","event":"assertion","data":{"status":"pass","name":"TEST 7 situated chat returns ok","details":""}}
{"at":"2026-05-13T12:54:48+00:00","event":"assertion","data":{"status":"pass","name":"TEST 7 situated chat returns cognitive_runtime","details":""}}
{"at":"2026-05-13T12:54:48+00:00","event":"assertion","data":{"status":"pass","name":"TEST 7 situated chat returns prompt_injection_trace","details":""}}
{"at":"2026-05-13T12:54:48+00:00","event":"assertion","data":{"status":"pass","name":"TEST 7 situated chat trace steps map to registry definitions","details":""}}
{"at":"2026-05-13T12:54:48+00:00","event":"assertion","data":{"status":"pass","name":"TEST 7 situated chat does not leak context A marker into B prompt","details":""}}
{"at":"2026-05-13T12:54:48+00:00","event":"assertion","data":{"status":"pass","name":"TEST 7 situated chat uses B scoped sources","details":""}}
{"at":"2026-05-13T12:54:48+00:00","event":"assertion","data":{"status":"pass","name":"TEST 8 static PromptBuilder has no persistence calls","details":""}}
{"at":"2026-05-13T12:54:48+00:00","event":"assertion","data":{"status":"pass","name":"TEST 8 static PromptBuilder has no filesystem writes","details":""}}
{"at":"2026-05-13T12:54:48+00:00","event":"assertion","data":{"status":"pass","name":"TEST 8 static PromptBuilder has no repository writes","details":""}}
{"at":"2026-05-13T12:54:48+00:00","event":"assertion","data":{"status":"pass","name":"TEST 8 forbidden call graph src\/Domain\/StrategicContext\/StrategicNarrativeService.php","details":""}}
{"at":"2026-05-13T12:54:48+00:00","event":"assertion","data":{"status":"pass","name":"TEST 8 forbidden call graph src\/Domain\/StrategicContext\/MemoryCompilerService.php","details":""}}
{"at":"2026-05-13T12:54:48+00:00","event":"assertion","data":{"status":"pass","name":"TEST 8 forbidden call graph src\/Domain\/StrategicContext\/ContextSnapshotService.php","details":""}}
{"at":"2026-05-13T12:54:48+00:00","event":"assertion","data":{"status":"pass","name":"TEST 8 forbidden call graph src\/Domain\/SocialDynamics\/SocialPromptContextBuilder.php","details":""}}
{"at":"2026-05-13T12:54:48+00:00","event":"assertion","data":{"status":"pass","name":"TEST 8 static includeLegacyNullRows=true not used as default","details":""}}
{"at":"2026-05-13T12:54:48+00:00","event":"assertion","data":{"status":"pass","name":"TEST 8 SocialPromptContextBuilder passes explicit strict-context arguments to summarizeForPrompt","details":""}}
{"at":"2026-05-13T12:54:48+00:00","event":"assertion","data":{"status":"pass","name":"TEST 8 runners do not opt-in legacy social reads by default","details":""}}
{"at":"2026-05-13T12:54:48+00:00","event":"assertion","data":{"status":"pass","name":"TEST 9 mutation guard blocks forbidden PromptBuilder -> SQLite write","details":""}}
{"at":"2026-05-13T12:54:48+00:00","event":"assertion","data":{"status":"pass","name":"CHAOS comparison asymmetric A\/chaos does not crash","details":""}}
{"at":"2026-05-13T12:54:48+00:00","event":"assertion","data":{"status":"pass","name":"CHAOS Decision Room trace complete and registry declared","details":""}}
{"at":"2026-05-13T12:54:48+00:00","event":"assertion","data":{"status":"pass","name":"CHAOS CognitiveBudgetEngine prunes huge context traceably","details":""}}
{"at":"2026-05-13T12:54:48+00:00","event":"assertion","data":{"status":"pass","name":"CHAOS user prompt remains bounded after pruning","details":""}}
{"at":"2026-05-13T12:54:48+00:00","event":"assertion","data":{"status":"pass","name":"CHAOS Decision Room prompt does not leak context A marker","details":""}}
{"at":"2026-05-13T13:17:06+00:00","event":"assertion","data":{"status":"pass","name":"setup creates contexts A and B","details":"QA_RT_20260513_131706_238d0ece"}}
{"at":"2026-05-13T13:17:06+00:00","event":"assertion","data":{"status":"pass","name":"TEST 1 setup created beliefs in A\/B","details":""}}
{"at":"2026-05-13T13:17:06+00:00","event":"assertion","data":{"status":"pass","name":"TEST 1 no B marker visible in context A bundle","details":""}}
{"at":"2026-05-13T13:17:06+00:00","event":"assertion","data":{"status":"pass","name":"TEST 1 no A marker visible in context B bundle","details":""}}
{"at":"2026-05-13T13:17:06+00:00","event":"assertion","data":{"status":"pass","name":"TEST 1 social dynamics scoped rows exist","details":""}}
{"at":"2026-05-13T13:17:06+00:00","event":"assertion","data":{"status":"pass","name":"TEST 1B strict read A returns only scoped A rows","details":""}}
{"at":"2026-05-13T13:17:06+00:00","event":"assertion","data":{"status":"pass","name":"TEST 1B strict read A excludes B and legacy NULL","details":""}}
{"at":"2026-05-13T13:17:06+00:00","event":"assertion","data":{"status":"pass","name":"TEST 1B strict read B returns only scoped B rows","details":""}}
{"at":"2026-05-13T13:17:06+00:00","event":"assertion","data":{"status":"pass","name":"TEST 1B strict read B excludes A and legacy NULL","details":""}}
{"at":"2026-05-13T13:17:06+00:00","event":"assertion","data":{"status":"pass","name":"TEST 1B opt-in legacy read returns A plus legacy only","details":""}}
{"at":"2026-05-13T13:17:06+00:00","event":"assertion","data":{"status":"pass","name":"TEST 1B prompt social block A excludes legacy and context B","details":""}}
{"at":"2026-05-13T13:17:06+00:00","event":"assertion","data":{"status":"pass","name":"TEST 1B prompt social block B excludes legacy and context A","details":""}}
{"at":"2026-05-13T13:17:06+00:00","event":"assertion","data":{"status":"pass","name":"TEST 1B social endpoint marks include_legacy=true on explicit opt-in","details":""}}
{"at":"2026-05-13T13:17:06+00:00","event":"assertion","data":{"status":"pass","name":"TEST 1B social endpoint marks legacy opt-in active","details":""}}
{"at":"2026-05-13T13:17:06+00:00","event":"assertion","data":{"status":"pass","name":"TEST 2 narrative recompute returns context A","details":""}}
{"at":"2026-05-13T13:17:06+00:00","event":"assertion","data":{"status":"pass","name":"TEST 2 narrative recompute does not update belief rows","details":""}}
{"at":"2026-05-13T13:17:06+00:00","event":"assertion","data":{"status":"pass","name":"TEST 2 narrative recompute does not append belief events","details":""}}
{"at":"2026-05-13T13:17:06+00:00","event":"assertion","data":{"status":"pass","name":"TEST 3 memory compiler runs twice","details":""}}
{"at":"2026-05-13T13:17:06+00:00","event":"assertion","data":{"status":"pass","name":"TEST 3 compiler does not mutate memory.md","details":""}}
{"at":"2026-05-13T13:17:06+00:00","event":"assertion","data":{"status":"pass","name":"TEST 3 compiler does not mutate beliefs","details":""}}
{"at":"2026-05-13T13:17:06+00:00","event":"assertion","data":{"status":"pass","name":"TEST 3 compiler does not mutate narrative","details":""}}
{"at":"2026-05-13T13:17:06+00:00","event":"assertion","data":{"status":"pass","name":"TEST 4 creates S1\/S2 snapshots","details":""}}
{"at":"2026-05-13T13:17:06+00:00","event":"assertion","data":{"status":"pass","name":"TEST 4 S1 payload stable after live mutation","details":""}}
{"at":"2026-05-13T13:17:06+00:00","event":"assertion","data":{"status":"pass","name":"TEST 4 snapshot compare returns ok","details":""}}
{"at":"2026-05-13T13:17:06+00:00","event":"assertion","data":{"status":"pass","name":"TEST 4 snapshot compare does not mutate live state","details":""}}
{"at":"2026-05-13T13:17:06+00:00","event":"assertion","data":{"status":"pass","name":"TEST 4 snapshot compare does not rewrite S1","details":""}}
{"at":"2026-05-13T13:17:06+00:00","event":"assertion","data":{"status":"pass","name":"TEST 4 no silent restore method exposed on ContextSnapshotService","details":""}}
{"at":"2026-05-13T13:17:06+00:00","event":"assertion","data":{"status":"pass","name":"TEST 5 context comparison returns ok","details":""}}
{"at":"2026-05-13T13:17:06+00:00","event":"assertion","data":{"status":"pass","name":"TEST 5 comparison declares runtime_meta.read_only","details":""}}
{"at":"2026-05-13T13:17:06+00:00","event":"assertion","data":{"status":"pass","name":"TEST 5 comparison does not change active context","details":""}}
{"at":"2026-05-13T13:17:06+00:00","event":"assertion","data":{"status":"pass","name":"TEST 5 comparison does not mutate context A tables","details":""}}
{"at":"2026-05-13T13:17:06+00:00","event":"assertion","data":{"status":"pass","name":"TEST 5 comparison does not mutate context B tables","details":""}}
{"at":"2026-05-13T13:17:06+00:00","event":"assertion","data":{"status":"pass","name":"TEST 5 comparison does not mutate context A files","details":""}}
{"at":"2026-05-13T13:17:06+00:00","event":"assertion","data":{"status":"pass","name":"TEST 5 comparison does not mutate context B files","details":""}}
{"at":"2026-05-13T13:17:06+00:00","event":"assertion","data":{"status":"pass","name":"TEST 6 PromptBuilder buildDecisionRoomMessages completes","details":""}}
{"at":"2026-05-13T13:17:06+00:00","event":"assertion","data":{"status":"pass","name":"TEST 6 PromptBuilder does not write SQLite","details":"app_logs delta=0"}}
{"at":"2026-05-13T13:17:06+00:00","event":"assertion","data":{"status":"pass","name":"TEST 6 PromptBuilder does not write filesystem","details":"memory existed before=no, after=no"}}
{"at":"2026-05-13T13:17:06+00:00","event":"assertion","data":{"status":"pass","name":"TEST 6 PromptBuilder with missing memory does not create memory.md","details":""}}
{"at":"2026-05-13T13:17:06+00:00","event":"assertion","data":{"status":"pass","name":"TEST 6 prompt trace and cognitive budget present","details":""}}
{"at":"2026-05-13T13:17:06+00:00","event":"assertion","data":{"status":"pass","name":"TEST 6 all prompt trace steps map to registry definitions","details":""}}
{"at":"2026-05-13T13:17:06+00:00","event":"assertion","data":{"status":"pass","name":"TEST 6 prompt message shape is stable","details":""}}
{"at":"2026-05-13T13:17:07+00:00","event":"assertion","data":{"status":"pass","name":"TEST 6 setup writes existing memory file","details":""}}
{"at":"2026-05-13T13:17:07+00:00","event":"assertion","data":{"status":"pass","name":"TEST 6 PromptBuilder build with existing memory completes","details":""}}
{"at":"2026-05-13T13:17:07+00:00","event":"assertion","data":{"status":"pass","name":"TEST 6 PromptBuilder with existing memory does not modify memory.md","details":""}}
{"at":"2026-05-13T13:17:07+00:00","event":"assertion","data":{"status":"pass","name":"TEST 6 PromptBuilder reads existing memory without content mutation","details":""}}
{"at":"2026-05-13T13:17:07+00:00","event":"assertion","data":{"status":"pass","name":"TEST 6 PromptBuilder does not reference Logger::logPromptBuild","details":""}}
{"at":"2026-05-13T13:17:07+00:00","event":"assertion","data":{"status":"pass","name":"TEST 6 PromptBuilder does not reference ensureFile","details":""}}
{"at":"2026-05-13T13:17:07+00:00","event":"assertion","data":{"status":"pass","name":"TEST 6 social repository defaults never enable legacy NULL rows","details":""}}
{"at":"2026-05-13T13:17:07+00:00","event":"assertion","data":{"status":"pass","name":"TEST 6 SocialPromptContextBuilder avoids global summary call when context can be provided","details":""}}
{"at":"2026-05-13T13:17:07+00:00","event":"assertion","data":{"status":"pass","name":"TEST 7 situated chat returns ok","details":""}}
{"at":"2026-05-13T13:17:07+00:00","event":"assertion","data":{"status":"pass","name":"TEST 7 situated chat returns cognitive_runtime","details":""}}
{"at":"2026-05-13T13:17:07+00:00","event":"assertion","data":{"status":"pass","name":"TEST 7 situated chat returns prompt_injection_trace","details":""}}
{"at":"2026-05-13T13:17:07+00:00","event":"assertion","data":{"status":"pass","name":"TEST 7 situated chat trace steps map to registry definitions","details":""}}
{"at":"2026-05-13T13:17:07+00:00","event":"assertion","data":{"status":"pass","name":"TEST 7 situated chat does not leak context A marker into B prompt","details":""}}
{"at":"2026-05-13T13:17:07+00:00","event":"assertion","data":{"status":"pass","name":"TEST 7 situated chat uses B scoped sources","details":""}}
{"at":"2026-05-13T13:17:07+00:00","event":"assertion","data":{"status":"pass","name":"TEST 8 static PromptBuilder has no persistence calls","details":""}}
{"at":"2026-05-13T13:17:07+00:00","event":"assertion","data":{"status":"pass","name":"TEST 8 static PromptBuilder has no filesystem writes","details":""}}
{"at":"2026-05-13T13:17:07+00:00","event":"assertion","data":{"status":"pass","name":"TEST 8 static PromptBuilder has no repository writes","details":""}}
{"at":"2026-05-13T13:17:07+00:00","event":"assertion","data":{"status":"pass","name":"TEST 8 forbidden call graph src\/Domain\/StrategicContext\/StrategicNarrativeService.php","details":""}}
{"at":"2026-05-13T13:17:07+00:00","event":"assertion","data":{"status":"pass","name":"TEST 8 forbidden call graph src\/Domain\/StrategicContext\/MemoryCompilerService.php","details":""}}
{"at":"2026-05-13T13:17:07+00:00","event":"assertion","data":{"status":"pass","name":"TEST 8 forbidden call graph src\/Domain\/StrategicContext\/ContextSnapshotService.php","details":""}}
{"at":"2026-05-13T13:17:07+00:00","event":"assertion","data":{"status":"pass","name":"TEST 8 forbidden call graph src\/Domain\/SocialDynamics\/SocialPromptContextBuilder.php","details":""}}
{"at":"2026-05-13T13:17:07+00:00","event":"assertion","data":{"status":"pass","name":"TEST 8 static includeLegacyNullRows=true not used as default","details":""}}
{"at":"2026-05-13T13:17:07+00:00","event":"assertion","data":{"status":"pass","name":"TEST 8 SocialPromptContextBuilder passes explicit strict-context arguments to summarizeForPrompt","details":""}}
{"at":"2026-05-13T13:17:07+00:00","event":"assertion","data":{"status":"pass","name":"TEST 8 runners do not opt-in legacy social reads by default","details":""}}
{"at":"2026-05-13T13:17:07+00:00","event":"assertion","data":{"status":"pass","name":"TEST 9 mutation guard blocks forbidden PromptBuilder -> SQLite write","details":""}}
{"at":"2026-05-13T13:17:07+00:00","event":"assertion","data":{"status":"pass","name":"CHAOS comparison asymmetric A\/chaos does not crash","details":""}}
{"at":"2026-05-13T13:17:07+00:00","event":"assertion","data":{"status":"pass","name":"CHAOS Decision Room trace complete and registry declared","details":""}}
{"at":"2026-05-13T13:17:07+00:00","event":"assertion","data":{"status":"pass","name":"CHAOS CognitiveBudgetEngine prunes huge context traceably","details":""}}
{"at":"2026-05-13T13:17:07+00:00","event":"assertion","data":{"status":"pass","name":"CHAOS user prompt remains bounded after pruning","details":""}}
{"at":"2026-05-13T13:17:07+00:00","event":"assertion","data":{"status":"pass","name":"CHAOS Decision Room prompt does not leak context A marker","details":""}}
{"at":"2026-05-13T13:17:07+00:00","event":"assertion","data":{"status":"pass","name":"setup creates contexts A and B","details":"QA_RT_20260513_131707_399b914f"}}
{"at":"2026-05-13T13:17:07+00:00","event":"assertion","data":{"status":"pass","name":"TEST 1 setup created beliefs in A\/B","details":""}}
{"at":"2026-05-13T13:17:07+00:00","event":"assertion","data":{"status":"pass","name":"TEST 1 no B marker visible in context A bundle","details":""}}
{"at":"2026-05-13T13:17:07+00:00","event":"assertion","data":{"status":"pass","name":"TEST 1 no A marker visible in context B bundle","details":""}}
{"at":"2026-05-13T13:17:07+00:00","event":"assertion","data":{"status":"pass","name":"TEST 1 social dynamics scoped rows exist","details":""}}
{"at":"2026-05-13T13:17:07+00:00","event":"assertion","data":{"status":"pass","name":"TEST 1B strict read A returns only scoped A rows","details":""}}
{"at":"2026-05-13T13:17:07+00:00","event":"assertion","data":{"status":"pass","name":"TEST 1B strict read A excludes B and legacy NULL","details":""}}
{"at":"2026-05-13T13:17:07+00:00","event":"assertion","data":{"status":"pass","name":"TEST 1B strict read B returns only scoped B rows","details":""}}
{"at":"2026-05-13T13:17:07+00:00","event":"assertion","data":{"status":"pass","name":"TEST 1B strict read B excludes A and legacy NULL","details":""}}
{"at":"2026-05-13T13:17:07+00:00","event":"assertion","data":{"status":"pass","name":"TEST 1B opt-in legacy read returns A plus legacy only","details":""}}
{"at":"2026-05-13T13:17:07+00:00","event":"assertion","data":{"status":"pass","name":"TEST 1B prompt social block A excludes legacy and context B","details":""}}
{"at":"2026-05-13T13:17:07+00:00","event":"assertion","data":{"status":"pass","name":"TEST 1B prompt social block B excludes legacy and context A","details":""}}
{"at":"2026-05-13T13:17:07+00:00","event":"assertion","data":{"status":"pass","name":"TEST 1B social endpoint marks include_legacy=true on explicit opt-in","details":""}}
{"at":"2026-05-13T13:17:07+00:00","event":"assertion","data":{"status":"pass","name":"TEST 1B social endpoint marks legacy opt-in active","details":""}}
{"at":"2026-05-13T13:17:07+00:00","event":"assertion","data":{"status":"pass","name":"TEST 2 narrative recompute returns context A","details":""}}
{"at":"2026-05-13T13:17:07+00:00","event":"assertion","data":{"status":"pass","name":"TEST 2 narrative recompute does not update belief rows","details":""}}
{"at":"2026-05-13T13:17:07+00:00","event":"assertion","data":{"status":"pass","name":"TEST 2 narrative recompute does not append belief events","details":""}}
{"at":"2026-05-13T13:17:07+00:00","event":"assertion","data":{"status":"pass","name":"TEST 3 memory compiler runs twice","details":""}}
{"at":"2026-05-13T13:17:07+00:00","event":"assertion","data":{"status":"pass","name":"TEST 3 compiler does not mutate memory.md","details":""}}
{"at":"2026-05-13T13:17:07+00:00","event":"assertion","data":{"status":"pass","name":"TEST 3 compiler does not mutate beliefs","details":""}}
{"at":"2026-05-13T13:17:07+00:00","event":"assertion","data":{"status":"pass","name":"TEST 3 compiler does not mutate narrative","details":""}}
{"at":"2026-05-13T13:17:07+00:00","event":"assertion","data":{"status":"pass","name":"TEST 4 creates S1\/S2 snapshots","details":""}}
{"at":"2026-05-13T13:17:07+00:00","event":"assertion","data":{"status":"pass","name":"TEST 4 S1 payload stable after live mutation","details":""}}
{"at":"2026-05-13T13:17:07+00:00","event":"assertion","data":{"status":"pass","name":"TEST 4 snapshot compare returns ok","details":""}}
{"at":"2026-05-13T13:17:07+00:00","event":"assertion","data":{"status":"pass","name":"TEST 4 snapshot compare does not mutate live state","details":""}}
{"at":"2026-05-13T13:17:07+00:00","event":"assertion","data":{"status":"pass","name":"TEST 4 snapshot compare does not rewrite S1","details":""}}
{"at":"2026-05-13T13:17:07+00:00","event":"assertion","data":{"status":"pass","name":"TEST 4 no silent restore method exposed on ContextSnapshotService","details":""}}
{"at":"2026-05-13T13:17:07+00:00","event":"assertion","data":{"status":"pass","name":"TEST 5 context comparison returns ok","details":""}}
{"at":"2026-05-13T13:17:07+00:00","event":"assertion","data":{"status":"pass","name":"TEST 5 comparison declares runtime_meta.read_only","details":""}}
{"at":"2026-05-13T13:17:07+00:00","event":"assertion","data":{"status":"pass","name":"TEST 5 comparison does not change active context","details":""}}
{"at":"2026-05-13T13:17:07+00:00","event":"assertion","data":{"status":"pass","name":"TEST 5 comparison does not mutate context A tables","details":""}}
{"at":"2026-05-13T13:17:07+00:00","event":"assertion","data":{"status":"pass","name":"TEST 5 comparison does not mutate context B tables","details":""}}
{"at":"2026-05-13T13:17:07+00:00","event":"assertion","data":{"status":"pass","name":"TEST 5 comparison does not mutate context A files","details":""}}
{"at":"2026-05-13T13:17:07+00:00","event":"assertion","data":{"status":"pass","name":"TEST 5 comparison does not mutate context B files","details":""}}
{"at":"2026-05-13T13:17:07+00:00","event":"assertion","data":{"status":"pass","name":"TEST 6 PromptBuilder buildDecisionRoomMessages completes","details":""}}
{"at":"2026-05-13T13:17:07+00:00","event":"assertion","data":{"status":"pass","name":"TEST 6 PromptBuilder does not write SQLite","details":"app_logs delta=0"}}
{"at":"2026-05-13T13:17:07+00:00","event":"assertion","data":{"status":"pass","name":"TEST 6 PromptBuilder does not write filesystem","details":"memory existed before=no, after=no"}}
{"at":"2026-05-13T13:17:07+00:00","event":"assertion","data":{"status":"pass","name":"TEST 6 PromptBuilder with missing memory does not create memory.md","details":""}}
{"at":"2026-05-13T13:17:07+00:00","event":"assertion","data":{"status":"pass","name":"TEST 6 prompt trace and cognitive budget present","details":""}}
{"at":"2026-05-13T13:17:07+00:00","event":"assertion","data":{"status":"pass","name":"TEST 6 all prompt trace steps map to registry definitions","details":""}}
{"at":"2026-05-13T13:17:07+00:00","event":"assertion","data":{"status":"pass","name":"TEST 6 prompt message shape is stable","details":""}}
{"at":"2026-05-13T13:17:07+00:00","event":"assertion","data":{"status":"pass","name":"TEST 6 setup writes existing memory file","details":""}}
{"at":"2026-05-13T13:17:07+00:00","event":"assertion","data":{"status":"pass","name":"TEST 6 PromptBuilder build with existing memory completes","details":""}}
{"at":"2026-05-13T13:17:07+00:00","event":"assertion","data":{"status":"pass","name":"TEST 6 PromptBuilder with existing memory does not modify memory.md","details":""}}
{"at":"2026-05-13T13:17:07+00:00","event":"assertion","data":{"status":"pass","name":"TEST 6 PromptBuilder reads existing memory without content mutation","details":""}}
{"at":"2026-05-13T13:17:07+00:00","event":"assertion","data":{"status":"pass","name":"TEST 6 PromptBuilder does not reference Logger::logPromptBuild","details":""}}
{"at":"2026-05-13T13:17:07+00:00","event":"assertion","data":{"status":"pass","name":"TEST 6 PromptBuilder does not reference ensureFile","details":""}}
{"at":"2026-05-13T13:17:07+00:00","event":"assertion","data":{"status":"pass","name":"TEST 6 social repository defaults never enable legacy NULL rows","details":""}}
{"at":"2026-05-13T13:17:07+00:00","event":"assertion","data":{"status":"pass","name":"TEST 6 SocialPromptContextBuilder avoids global summary call when context can be provided","details":""}}
{"at":"2026-05-13T13:17:07+00:00","event":"assertion","data":{"status":"pass","name":"TEST 7 situated chat returns ok","details":""}}
{"at":"2026-05-13T13:17:07+00:00","event":"assertion","data":{"status":"pass","name":"TEST 7 situated chat returns cognitive_runtime","details":""}}
{"at":"2026-05-13T13:17:07+00:00","event":"assertion","data":{"status":"pass","name":"TEST 7 situated chat returns prompt_injection_trace","details":""}}
{"at":"2026-05-13T13:17:07+00:00","event":"assertion","data":{"status":"pass","name":"TEST 7 situated chat trace steps map to registry definitions","details":""}}
{"at":"2026-05-13T13:17:07+00:00","event":"assertion","data":{"status":"pass","name":"TEST 7 situated chat does not leak context A marker into B prompt","details":""}}
{"at":"2026-05-13T13:17:07+00:00","event":"assertion","data":{"status":"pass","name":"TEST 7 situated chat uses B scoped sources","details":""}}
{"at":"2026-05-13T13:17:07+00:00","event":"assertion","data":{"status":"pass","name":"TEST 8 static PromptBuilder has no persistence calls","details":""}}
{"at":"2026-05-13T13:17:07+00:00","event":"assertion","data":{"status":"pass","name":"TEST 8 static PromptBuilder has no filesystem writes","details":""}}
{"at":"2026-05-13T13:17:07+00:00","event":"assertion","data":{"status":"pass","name":"TEST 8 static PromptBuilder has no repository writes","details":""}}
{"at":"2026-05-13T13:17:07+00:00","event":"assertion","data":{"status":"pass","name":"TEST 8 forbidden call graph src\/Domain\/StrategicContext\/StrategicNarrativeService.php","details":""}}
{"at":"2026-05-13T13:17:07+00:00","event":"assertion","data":{"status":"pass","name":"TEST 8 forbidden call graph src\/Domain\/StrategicContext\/MemoryCompilerService.php","details":""}}
{"at":"2026-05-13T13:17:07+00:00","event":"assertion","data":{"status":"pass","name":"TEST 8 forbidden call graph src\/Domain\/StrategicContext\/ContextSnapshotService.php","details":""}}
{"at":"2026-05-13T13:17:07+00:00","event":"assertion","data":{"status":"pass","name":"TEST 8 forbidden call graph src\/Domain\/SocialDynamics\/SocialPromptContextBuilder.php","details":""}}
{"at":"2026-05-13T13:17:07+00:00","event":"assertion","data":{"status":"pass","name":"TEST 8 static includeLegacyNullRows=true not used as default","details":""}}
{"at":"2026-05-13T13:17:07+00:00","event":"assertion","data":{"status":"pass","name":"TEST 8 SocialPromptContextBuilder passes explicit strict-context arguments to summarizeForPrompt","details":""}}
{"at":"2026-05-13T13:17:07+00:00","event":"assertion","data":{"status":"pass","name":"TEST 8 runners do not opt-in legacy social reads by default","details":""}}
{"at":"2026-05-13T13:17:07+00:00","event":"assertion","data":{"status":"pass","name":"TEST 9 mutation guard blocks forbidden PromptBuilder -> SQLite write","details":""}}
{"at":"2026-05-13T13:17:07+00:00","event":"assertion","data":{"status":"pass","name":"CHAOS comparison asymmetric A\/chaos does not crash","details":""}}
{"at":"2026-05-13T13:17:07+00:00","event":"assertion","data":{"status":"pass","name":"CHAOS Decision Room trace complete and registry declared","details":""}}
{"at":"2026-05-13T13:17:07+00:00","event":"assertion","data":{"status":"pass","name":"CHAOS CognitiveBudgetEngine prunes huge context traceably","details":""}}
{"at":"2026-05-13T13:17:07+00:00","event":"assertion","data":{"status":"pass","name":"CHAOS user prompt remains bounded after pruning","details":""}}
{"at":"2026-05-13T13:17:07+00:00","event":"assertion","data":{"status":"pass","name":"CHAOS Decision Room prompt does not leak context A marker","details":""}}
{"at":"2026-05-13T13:43:35+00:00","event":"assertion","data":{"status":"pass","name":"setup creates contexts A and B","details":"QA_RT_20260513_134335_9c5c90d3"}}
{"at":"2026-05-13T13:43:35+00:00","event":"assertion","data":{"status":"pass","name":"TEST 1 setup created beliefs in A\/B","details":""}}
{"at":"2026-05-13T13:43:35+00:00","event":"assertion","data":{"status":"pass","name":"TEST 1 no B marker visible in context A bundle","details":""}}
{"at":"2026-05-13T13:43:35+00:00","event":"assertion","data":{"status":"pass","name":"TEST 1 no A marker visible in context B bundle","details":""}}
{"at":"2026-05-13T13:43:35+00:00","event":"assertion","data":{"status":"pass","name":"TEST 1 social dynamics scoped rows exist","details":""}}
{"at":"2026-05-13T13:43:35+00:00","event":"assertion","data":{"status":"pass","name":"TEST 1B strict read A returns only scoped A rows","details":""}}
{"at":"2026-05-13T13:43:35+00:00","event":"assertion","data":{"status":"pass","name":"TEST 1B strict read A excludes B and legacy NULL","details":""}}
{"at":"2026-05-13T13:43:35+00:00","event":"assertion","data":{"status":"pass","name":"TEST 1B strict read B returns only scoped B rows","details":""}}
{"at":"2026-05-13T13:43:35+00:00","event":"assertion","data":{"status":"pass","name":"TEST 1B strict read B excludes A and legacy NULL","details":""}}
{"at":"2026-05-13T13:43:35+00:00","event":"assertion","data":{"status":"pass","name":"TEST 1B opt-in legacy read returns A plus legacy only","details":""}}
{"at":"2026-05-13T13:43:35+00:00","event":"assertion","data":{"status":"pass","name":"TEST 1B prompt social block A excludes legacy and context B","details":""}}
{"at":"2026-05-13T13:43:35+00:00","event":"assertion","data":{"status":"pass","name":"TEST 1B prompt social block B excludes legacy and context A","details":""}}
{"at":"2026-05-13T13:43:35+00:00","event":"assertion","data":{"status":"pass","name":"TEST 1B social endpoint marks include_legacy=true on explicit opt-in","details":""}}
{"at":"2026-05-13T13:43:35+00:00","event":"assertion","data":{"status":"pass","name":"TEST 1B social endpoint marks legacy opt-in active","details":""}}
{"at":"2026-05-13T13:43:35+00:00","event":"assertion","data":{"status":"pass","name":"TEST 2 narrative recompute returns context A","details":""}}
{"at":"2026-05-13T13:43:35+00:00","event":"assertion","data":{"status":"pass","name":"TEST 2 narrative recompute does not update belief rows","details":""}}
{"at":"2026-05-13T13:43:35+00:00","event":"assertion","data":{"status":"pass","name":"TEST 2 narrative recompute does not append belief events","details":""}}
{"at":"2026-05-13T13:43:35+00:00","event":"assertion","data":{"status":"pass","name":"TEST 3 memory compiler runs twice","details":""}}
{"at":"2026-05-13T13:43:35+00:00","event":"assertion","data":{"status":"pass","name":"TEST 3 compiler does not mutate memory.md","details":""}}
{"at":"2026-05-13T13:43:35+00:00","event":"assertion","data":{"status":"pass","name":"TEST 3 compiler does not mutate beliefs","details":""}}
{"at":"2026-05-13T13:43:35+00:00","event":"assertion","data":{"status":"pass","name":"TEST 3 compiler does not mutate narrative","details":""}}
{"at":"2026-05-13T13:43:35+00:00","event":"assertion","data":{"status":"pass","name":"TEST 4 creates S1\/S2 snapshots","details":""}}
{"at":"2026-05-13T13:43:35+00:00","event":"assertion","data":{"status":"pass","name":"TEST 4 S1 payload stable after live mutation","details":""}}
{"at":"2026-05-13T13:43:35+00:00","event":"assertion","data":{"status":"pass","name":"TEST 4 snapshot compare returns ok","details":""}}
{"at":"2026-05-13T13:43:35+00:00","event":"assertion","data":{"status":"pass","name":"TEST 4 snapshot compare does not mutate live state","details":""}}
{"at":"2026-05-13T13:43:35+00:00","event":"assertion","data":{"status":"pass","name":"TEST 4 snapshot compare does not rewrite S1","details":""}}
{"at":"2026-05-13T13:43:35+00:00","event":"assertion","data":{"status":"pass","name":"TEST 4 no silent restore method exposed on ContextSnapshotService","details":""}}
{"at":"2026-05-13T13:43:35+00:00","event":"assertion","data":{"status":"pass","name":"TEST 5 context comparison returns ok","details":""}}
{"at":"2026-05-13T13:43:35+00:00","event":"assertion","data":{"status":"pass","name":"TEST 5 comparison declares runtime_meta.read_only","details":""}}
{"at":"2026-05-13T13:43:35+00:00","event":"assertion","data":{"status":"pass","name":"TEST 5 comparison does not change active context","details":""}}
{"at":"2026-05-13T13:43:35+00:00","event":"assertion","data":{"status":"pass","name":"TEST 5 comparison does not mutate context A tables","details":""}}
{"at":"2026-05-13T13:43:35+00:00","event":"assertion","data":{"status":"pass","name":"TEST 5 comparison does not mutate context B tables","details":""}}
{"at":"2026-05-13T13:43:35+00:00","event":"assertion","data":{"status":"pass","name":"TEST 5 comparison does not mutate context A files","details":""}}
{"at":"2026-05-13T13:43:35+00:00","event":"assertion","data":{"status":"pass","name":"TEST 5 comparison does not mutate context B files","details":""}}
{"at":"2026-05-13T13:43:35+00:00","event":"assertion","data":{"status":"pass","name":"TEST 6 PromptBuilder buildDecisionRoomMessages completes","details":""}}
{"at":"2026-05-13T13:43:35+00:00","event":"assertion","data":{"status":"pass","name":"TEST 6 PromptBuilder does not write SQLite","details":"app_logs delta=0"}}
{"at":"2026-05-13T13:43:35+00:00","event":"assertion","data":{"status":"pass","name":"TEST 6 PromptBuilder does not write filesystem","details":"memory existed before=no, after=no"}}
{"at":"2026-05-13T13:43:35+00:00","event":"assertion","data":{"status":"pass","name":"TEST 6 PromptBuilder with missing memory does not create memory.md","details":""}}
{"at":"2026-05-13T13:43:35+00:00","event":"assertion","data":{"status":"pass","name":"TEST 6 prompt trace and cognitive budget present","details":""}}
{"at":"2026-05-13T13:43:35+00:00","event":"assertion","data":{"status":"pass","name":"TEST 6 all prompt trace steps map to registry definitions","details":""}}
{"at":"2026-05-13T13:43:35+00:00","event":"assertion","data":{"status":"pass","name":"TEST 6 prompt message shape is stable","details":""}}
{"at":"2026-05-13T13:43:35+00:00","event":"assertion","data":{"status":"pass","name":"TEST 6 setup writes existing memory file","details":""}}
{"at":"2026-05-13T13:43:35+00:00","event":"assertion","data":{"status":"pass","name":"TEST 6 PromptBuilder build with existing memory completes","details":""}}
{"at":"2026-05-13T13:43:35+00:00","event":"assertion","data":{"status":"pass","name":"TEST 6 PromptBuilder with existing memory does not modify memory.md","details":""}}
{"at":"2026-05-13T13:43:35+00:00","event":"assertion","data":{"status":"pass","name":"TEST 6 PromptBuilder reads existing memory without content mutation","details":""}}
{"at":"2026-05-13T13:43:35+00:00","event":"assertion","data":{"status":"pass","name":"TEST 6 PromptBuilder does not reference Logger::logPromptBuild","details":""}}
{"at":"2026-05-13T13:43:35+00:00","event":"assertion","data":{"status":"pass","name":"TEST 6 PromptBuilder does not reference ensureFile","details":""}}
{"at":"2026-05-13T13:43:35+00:00","event":"assertion","data":{"status":"pass","name":"TEST 6 social repository defaults never enable legacy NULL rows","details":""}}
{"at":"2026-05-13T13:43:35+00:00","event":"assertion","data":{"status":"pass","name":"TEST 6 SocialPromptContextBuilder avoids global summary call when context can be provided","details":""}}
{"at":"2026-05-13T13:43:35+00:00","event":"assertion","data":{"status":"pass","name":"TEST 7 situated chat returns ok","details":""}}
{"at":"2026-05-13T13:43:35+00:00","event":"assertion","data":{"status":"pass","name":"TEST 7 situated chat returns cognitive_runtime","details":""}}
{"at":"2026-05-13T13:43:35+00:00","event":"assertion","data":{"status":"pass","name":"TEST 7 situated chat returns prompt_injection_trace","details":""}}
{"at":"2026-05-13T13:43:35+00:00","event":"assertion","data":{"status":"pass","name":"TEST 7 situated chat trace steps map to registry definitions","details":""}}
{"at":"2026-05-13T13:43:35+00:00","event":"assertion","data":{"status":"pass","name":"TEST 7 situated chat does not leak context A marker into B prompt","details":""}}
{"at":"2026-05-13T13:43:35+00:00","event":"assertion","data":{"status":"pass","name":"TEST 7 situated chat uses B scoped sources","details":""}}
{"at":"2026-05-13T13:43:35+00:00","event":"assertion","data":{"status":"pass","name":"TEST 8 static PromptBuilder has no persistence calls","details":""}}
{"at":"2026-05-13T13:43:35+00:00","event":"assertion","data":{"status":"pass","name":"TEST 8 static PromptBuilder has no filesystem writes","details":""}}
{"at":"2026-05-13T13:43:35+00:00","event":"assertion","data":{"status":"pass","name":"TEST 8 static PromptBuilder has no repository writes","details":""}}
{"at":"2026-05-13T13:43:35+00:00","event":"assertion","data":{"status":"pass","name":"TEST 8 forbidden call graph src\/Domain\/StrategicContext\/StrategicNarrativeService.php","details":""}}
{"at":"2026-05-13T13:43:35+00:00","event":"assertion","data":{"status":"pass","name":"TEST 8 forbidden call graph src\/Domain\/StrategicContext\/MemoryCompilerService.php","details":""}}
{"at":"2026-05-13T13:43:35+00:00","event":"assertion","data":{"status":"pass","name":"TEST 8 forbidden call graph src\/Domain\/StrategicContext\/ContextSnapshotService.php","details":""}}
{"at":"2026-05-13T13:43:35+00:00","event":"assertion","data":{"status":"pass","name":"TEST 8 forbidden call graph src\/Domain\/SocialDynamics\/SocialPromptContextBuilder.php","details":""}}
{"at":"2026-05-13T13:43:35+00:00","event":"assertion","data":{"status":"pass","name":"TEST 8 static includeLegacyNullRows=true not used as default","details":""}}
{"at":"2026-05-13T13:43:35+00:00","event":"assertion","data":{"status":"pass","name":"TEST 8 SocialPromptContextBuilder passes explicit strict-context arguments to summarizeForPrompt","details":""}}
{"at":"2026-05-13T13:43:35+00:00","event":"assertion","data":{"status":"pass","name":"TEST 8 runners do not opt-in legacy social reads by default","details":""}}
{"at":"2026-05-13T13:43:35+00:00","event":"assertion","data":{"status":"pass","name":"TEST 9 mutation guard blocks forbidden PromptBuilder -> SQLite write","details":""}}
{"at":"2026-05-13T13:43:35+00:00","event":"assertion","data":{"status":"pass","name":"CHAOS comparison asymmetric A\/chaos does not crash","details":""}}
{"at":"2026-05-13T13:43:35+00:00","event":"assertion","data":{"status":"pass","name":"CHAOS Decision Room trace complete and registry declared","details":""}}
{"at":"2026-05-13T13:43:35+00:00","event":"assertion","data":{"status":"pass","name":"CHAOS CognitiveBudgetEngine prunes huge context traceably","details":""}}
{"at":"2026-05-13T13:43:35+00:00","event":"assertion","data":{"status":"pass","name":"CHAOS user prompt remains bounded after pruning","details":""}}
{"at":"2026-05-13T13:43:35+00:00","event":"assertion","data":{"status":"pass","name":"CHAOS Decision Room prompt does not leak context A marker","details":""}}
{"at":"2026-05-13T13:43:35+00:00","event":"assertion","data":{"status":"pass","name":"setup creates contexts A and B","details":"QA_RT_20260513_134335_f504ec9c"}}
{"at":"2026-05-13T13:43:35+00:00","event":"assertion","data":{"status":"pass","name":"TEST 1 setup created beliefs in A\/B","details":""}}
{"at":"2026-05-13T13:43:35+00:00","event":"assertion","data":{"status":"pass","name":"TEST 1 no B marker visible in context A bundle","details":""}}
{"at":"2026-05-13T13:43:35+00:00","event":"assertion","data":{"status":"pass","name":"TEST 1 no A marker visible in context B bundle","details":""}}
{"at":"2026-05-13T13:43:35+00:00","event":"assertion","data":{"status":"pass","name":"TEST 1 social dynamics scoped rows exist","details":""}}
{"at":"2026-05-13T13:43:35+00:00","event":"assertion","data":{"status":"pass","name":"TEST 1B strict read A returns only scoped A rows","details":""}}
{"at":"2026-05-13T13:43:35+00:00","event":"assertion","data":{"status":"pass","name":"TEST 1B strict read A excludes B and legacy NULL","details":""}}
{"at":"2026-05-13T13:43:35+00:00","event":"assertion","data":{"status":"pass","name":"TEST 1B strict read B returns only scoped B rows","details":""}}
{"at":"2026-05-13T13:43:35+00:00","event":"assertion","data":{"status":"pass","name":"TEST 1B strict read B excludes A and legacy NULL","details":""}}
{"at":"2026-05-13T13:43:35+00:00","event":"assertion","data":{"status":"pass","name":"TEST 1B opt-in legacy read returns A plus legacy only","details":""}}
{"at":"2026-05-13T13:43:35+00:00","event":"assertion","data":{"status":"pass","name":"TEST 1B prompt social block A excludes legacy and context B","details":""}}
{"at":"2026-05-13T13:43:35+00:00","event":"assertion","data":{"status":"pass","name":"TEST 1B prompt social block B excludes legacy and context A","details":""}}
{"at":"2026-05-13T13:43:35+00:00","event":"assertion","data":{"status":"pass","name":"TEST 1B social endpoint marks include_legacy=true on explicit opt-in","details":""}}
{"at":"2026-05-13T13:43:35+00:00","event":"assertion","data":{"status":"pass","name":"TEST 1B social endpoint marks legacy opt-in active","details":""}}
{"at":"2026-05-13T13:43:35+00:00","event":"assertion","data":{"status":"pass","name":"TEST 2 narrative recompute returns context A","details":""}}
{"at":"2026-05-13T13:43:35+00:00","event":"assertion","data":{"status":"pass","name":"TEST 2 narrative recompute does not update belief rows","details":""}}
{"at":"2026-05-13T13:43:35+00:00","event":"assertion","data":{"status":"pass","name":"TEST 2 narrative recompute does not append belief events","details":""}}
{"at":"2026-05-13T13:43:35+00:00","event":"assertion","data":{"status":"pass","name":"TEST 3 memory compiler runs twice","details":""}}
{"at":"2026-05-13T13:43:35+00:00","event":"assertion","data":{"status":"pass","name":"TEST 3 compiler does not mutate memory.md","details":""}}
{"at":"2026-05-13T13:43:35+00:00","event":"assertion","data":{"status":"pass","name":"TEST 3 compiler does not mutate beliefs","details":""}}
{"at":"2026-05-13T13:43:35+00:00","event":"assertion","data":{"status":"pass","name":"TEST 3 compiler does not mutate narrative","details":""}}
{"at":"2026-05-13T13:43:35+00:00","event":"assertion","data":{"status":"pass","name":"TEST 4 creates S1\/S2 snapshots","details":""}}
{"at":"2026-05-13T13:43:35+00:00","event":"assertion","data":{"status":"pass","name":"TEST 4 S1 payload stable after live mutation","details":""}}
{"at":"2026-05-13T13:43:35+00:00","event":"assertion","data":{"status":"pass","name":"TEST 4 snapshot compare returns ok","details":""}}
{"at":"2026-05-13T13:43:35+00:00","event":"assertion","data":{"status":"pass","name":"TEST 4 snapshot compare does not mutate live state","details":""}}
{"at":"2026-05-13T13:43:35+00:00","event":"assertion","data":{"status":"pass","name":"TEST 4 snapshot compare does not rewrite S1","details":""}}
{"at":"2026-05-13T13:43:35+00:00","event":"assertion","data":{"status":"pass","name":"TEST 4 no silent restore method exposed on ContextSnapshotService","details":""}}
{"at":"2026-05-13T13:43:35+00:00","event":"assertion","data":{"status":"pass","name":"TEST 5 context comparison returns ok","details":""}}
{"at":"2026-05-13T13:43:35+00:00","event":"assertion","data":{"status":"pass","name":"TEST 5 comparison declares runtime_meta.read_only","details":""}}
{"at":"2026-05-13T13:43:35+00:00","event":"assertion","data":{"status":"pass","name":"TEST 5 comparison does not change active context","details":""}}
{"at":"2026-05-13T13:43:35+00:00","event":"assertion","data":{"status":"pass","name":"TEST 5 comparison does not mutate context A tables","details":""}}
{"at":"2026-05-13T13:43:35+00:00","event":"assertion","data":{"status":"pass","name":"TEST 5 comparison does not mutate context B tables","details":""}}
{"at":"2026-05-13T13:43:35+00:00","event":"assertion","data":{"status":"pass","name":"TEST 5 comparison does not mutate context A files","details":""}}
{"at":"2026-05-13T13:43:35+00:00","event":"assertion","data":{"status":"pass","name":"TEST 5 comparison does not mutate context B files","details":""}}
{"at":"2026-05-13T13:43:35+00:00","event":"assertion","data":{"status":"pass","name":"TEST 6 PromptBuilder buildDecisionRoomMessages completes","details":""}}
{"at":"2026-05-13T13:43:35+00:00","event":"assertion","data":{"status":"pass","name":"TEST 6 PromptBuilder does not write SQLite","details":"app_logs delta=0"}}
{"at":"2026-05-13T13:43:35+00:00","event":"assertion","data":{"status":"pass","name":"TEST 6 PromptBuilder does not write filesystem","details":"memory existed before=no, after=no"}}
{"at":"2026-05-13T13:43:35+00:00","event":"assertion","data":{"status":"pass","name":"TEST 6 PromptBuilder with missing memory does not create memory.md","details":""}}
{"at":"2026-05-13T13:43:35+00:00","event":"assertion","data":{"status":"pass","name":"TEST 6 prompt trace and cognitive budget present","details":""}}
{"at":"2026-05-13T13:43:35+00:00","event":"assertion","data":{"status":"pass","name":"TEST 6 all prompt trace steps map to registry definitions","details":""}}
{"at":"2026-05-13T13:43:35+00:00","event":"assertion","data":{"status":"pass","name":"TEST 6 prompt message shape is stable","details":""}}
{"at":"2026-05-13T13:43:35+00:00","event":"assertion","data":{"status":"pass","name":"TEST 6 setup writes existing memory file","details":""}}
{"at":"2026-05-13T13:43:35+00:00","event":"assertion","data":{"status":"pass","name":"TEST 6 PromptBuilder build with existing memory completes","details":""}}
{"at":"2026-05-13T13:43:35+00:00","event":"assertion","data":{"status":"pass","name":"TEST 6 PromptBuilder with existing memory does not modify memory.md","details":""}}
{"at":"2026-05-13T13:43:35+00:00","event":"assertion","data":{"status":"pass","name":"TEST 6 PromptBuilder reads existing memory without content mutation","details":""}}
{"at":"2026-05-13T13:43:35+00:00","event":"assertion","data":{"status":"pass","name":"TEST 6 PromptBuilder does not reference Logger::logPromptBuild","details":""}}
{"at":"2026-05-13T13:43:35+00:00","event":"assertion","data":{"status":"pass","name":"TEST 6 PromptBuilder does not reference ensureFile","details":""}}
{"at":"2026-05-13T13:43:35+00:00","event":"assertion","data":{"status":"pass","name":"TEST 6 social repository defaults never enable legacy NULL rows","details":""}}
{"at":"2026-05-13T13:43:35+00:00","event":"assertion","data":{"status":"pass","name":"TEST 6 SocialPromptContextBuilder avoids global summary call when context can be provided","details":""}}
{"at":"2026-05-13T13:43:35+00:00","event":"assertion","data":{"status":"pass","name":"TEST 7 situated chat returns ok","details":""}}
{"at":"2026-05-13T13:43:35+00:00","event":"assertion","data":{"status":"pass","name":"TEST 7 situated chat returns cognitive_runtime","details":""}}
{"at":"2026-05-13T13:43:35+00:00","event":"assertion","data":{"status":"pass","name":"TEST 7 situated chat returns prompt_injection_trace","details":""}}
{"at":"2026-05-13T13:43:35+00:00","event":"assertion","data":{"status":"pass","name":"TEST 7 situated chat trace steps map to registry definitions","details":""}}
{"at":"2026-05-13T13:43:35+00:00","event":"assertion","data":{"status":"pass","name":"TEST 7 situated chat does not leak context A marker into B prompt","details":""}}
{"at":"2026-05-13T13:43:35+00:00","event":"assertion","data":{"status":"pass","name":"TEST 7 situated chat uses B scoped sources","details":""}}
{"at":"2026-05-13T13:43:35+00:00","event":"assertion","data":{"status":"pass","name":"TEST 8 static PromptBuilder has no persistence calls","details":""}}
{"at":"2026-05-13T13:43:35+00:00","event":"assertion","data":{"status":"pass","name":"TEST 8 static PromptBuilder has no filesystem writes","details":""}}
{"at":"2026-05-13T13:43:35+00:00","event":"assertion","data":{"status":"pass","name":"TEST 8 static PromptBuilder has no repository writes","details":""}}
{"at":"2026-05-13T13:43:35+00:00","event":"assertion","data":{"status":"pass","name":"TEST 8 forbidden call graph src\/Domain\/StrategicContext\/StrategicNarrativeService.php","details":""}}
{"at":"2026-05-13T13:43:35+00:00","event":"assertion","data":{"status":"pass","name":"TEST 8 forbidden call graph src\/Domain\/StrategicContext\/MemoryCompilerService.php","details":""}}
{"at":"2026-05-13T13:43:35+00:00","event":"assertion","data":{"status":"pass","name":"TEST 8 forbidden call graph src\/Domain\/StrategicContext\/ContextSnapshotService.php","details":""}}
{"at":"2026-05-13T13:43:35+00:00","event":"assertion","data":{"status":"pass","name":"TEST 8 forbidden call graph src\/Domain\/SocialDynamics\/SocialPromptContextBuilder.php","details":""}}
{"at":"2026-05-13T13:43:35+00:00","event":"assertion","data":{"status":"pass","name":"TEST 8 static includeLegacyNullRows=true not used as default","details":""}}
{"at":"2026-05-13T13:43:35+00:00","event":"assertion","data":{"status":"pass","name":"TEST 8 SocialPromptContextBuilder passes explicit strict-context arguments to summarizeForPrompt","details":""}}
{"at":"2026-05-13T13:43:35+00:00","event":"assertion","data":{"status":"pass","name":"TEST 8 runners do not opt-in legacy social reads by default","details":""}}
{"at":"2026-05-13T13:43:35+00:00","event":"assertion","data":{"status":"pass","name":"TEST 9 mutation guard blocks forbidden PromptBuilder -> SQLite write","details":""}}
{"at":"2026-05-13T13:43:35+00:00","event":"assertion","data":{"status":"pass","name":"CHAOS comparison asymmetric A\/chaos does not crash","details":""}}
{"at":"2026-05-13T13:43:35+00:00","event":"assertion","data":{"status":"pass","name":"CHAOS Decision Room trace complete and registry declared","details":""}}
{"at":"2026-05-13T13:43:35+00:00","event":"assertion","data":{"status":"pass","name":"CHAOS CognitiveBudgetEngine prunes huge context traceably","details":""}}
{"at":"2026-05-13T13:43:35+00:00","event":"assertion","data":{"status":"pass","name":"CHAOS user prompt remains bounded after pruning","details":""}}
{"at":"2026-05-13T13:43:36+00:00","event":"assertion","data":{"status":"pass","name":"CHAOS Decision Room prompt does not leak context A marker","details":""}}
{"at":"2026-05-13T15:10:05+00:00","event":"assertion","data":{"status":"pass","name":"setup creates contexts A and B","details":"QA_RT_20260513_151005_3d2e17d0"}}
{"at":"2026-05-13T15:10:05+00:00","event":"assertion","data":{"status":"pass","name":"TEST 1 setup created beliefs in A\/B","details":""}}
{"at":"2026-05-13T15:10:05+00:00","event":"assertion","data":{"status":"pass","name":"TEST 1 no B marker visible in context A bundle","details":""}}
{"at":"2026-05-13T15:10:05+00:00","event":"assertion","data":{"status":"pass","name":"TEST 1 no A marker visible in context B bundle","details":""}}
{"at":"2026-05-13T15:10:05+00:00","event":"assertion","data":{"status":"pass","name":"TEST 1 social dynamics scoped rows exist","details":""}}
{"at":"2026-05-13T15:10:05+00:00","event":"assertion","data":{"status":"pass","name":"TEST 1B strict read A returns only scoped A rows","details":""}}
{"at":"2026-05-13T15:10:05+00:00","event":"assertion","data":{"status":"pass","name":"TEST 1B strict read A excludes B and legacy NULL","details":""}}
{"at":"2026-05-13T15:10:05+00:00","event":"assertion","data":{"status":"pass","name":"TEST 1B strict read B returns only scoped B rows","details":""}}
{"at":"2026-05-13T15:10:05+00:00","event":"assertion","data":{"status":"pass","name":"TEST 1B strict read B excludes A and legacy NULL","details":""}}
{"at":"2026-05-13T15:10:05+00:00","event":"assertion","data":{"status":"pass","name":"TEST 1B opt-in legacy read returns A plus legacy only","details":""}}
{"at":"2026-05-13T15:10:05+00:00","event":"assertion","data":{"status":"pass","name":"TEST 1B prompt social block A excludes legacy and context B","details":""}}
{"at":"2026-05-13T15:10:05+00:00","event":"assertion","data":{"status":"pass","name":"TEST 1B prompt social block B excludes legacy and context A","details":""}}
{"at":"2026-05-13T15:10:05+00:00","event":"assertion","data":{"status":"pass","name":"TEST 1B social endpoint marks include_legacy=true on explicit opt-in","details":""}}
{"at":"2026-05-13T15:10:05+00:00","event":"assertion","data":{"status":"pass","name":"TEST 1B social endpoint marks legacy opt-in active","details":""}}
{"at":"2026-05-13T15:10:05+00:00","event":"assertion","data":{"status":"pass","name":"TEST 2 narrative recompute returns context A","details":""}}
{"at":"2026-05-13T15:10:05+00:00","event":"assertion","data":{"status":"pass","name":"TEST 2 narrative recompute does not update belief rows","details":""}}
{"at":"2026-05-13T15:10:05+00:00","event":"assertion","data":{"status":"pass","name":"TEST 2 narrative recompute does not append belief events","details":""}}
{"at":"2026-05-13T15:10:05+00:00","event":"assertion","data":{"status":"pass","name":"TEST 3 memory compiler runs twice","details":""}}
{"at":"2026-05-13T15:10:05+00:00","event":"assertion","data":{"status":"pass","name":"TEST 3 compiler does not mutate memory.md","details":""}}
{"at":"2026-05-13T15:10:05+00:00","event":"assertion","data":{"status":"pass","name":"TEST 3 compiler does not mutate beliefs","details":""}}
{"at":"2026-05-13T15:10:05+00:00","event":"assertion","data":{"status":"pass","name":"TEST 3 compiler does not mutate narrative","details":""}}
{"at":"2026-05-13T15:10:05+00:00","event":"assertion","data":{"status":"pass","name":"TEST 4 creates S1\/S2 snapshots","details":""}}
{"at":"2026-05-13T15:10:05+00:00","event":"assertion","data":{"status":"pass","name":"TEST 4 S1 payload stable after live mutation","details":""}}
{"at":"2026-05-13T15:10:05+00:00","event":"assertion","data":{"status":"pass","name":"TEST 4 snapshot compare returns ok","details":""}}
{"at":"2026-05-13T15:10:05+00:00","event":"assertion","data":{"status":"pass","name":"TEST 4 snapshot compare does not mutate live state","details":""}}
{"at":"2026-05-13T15:10:05+00:00","event":"assertion","data":{"status":"pass","name":"TEST 4 snapshot compare does not rewrite S1","details":""}}
{"at":"2026-05-13T15:10:05+00:00","event":"assertion","data":{"status":"pass","name":"TEST 4 no silent restore method exposed on ContextSnapshotService","details":""}}
{"at":"2026-05-13T15:10:05+00:00","event":"assertion","data":{"status":"pass","name":"TEST 5 context comparison returns ok","details":""}}
{"at":"2026-05-13T15:10:05+00:00","event":"assertion","data":{"status":"pass","name":"TEST 5 comparison declares runtime_meta.read_only","details":""}}
{"at":"2026-05-13T15:10:05+00:00","event":"assertion","data":{"status":"pass","name":"TEST 5 comparison does not change active context","details":""}}
{"at":"2026-05-13T15:10:05+00:00","event":"assertion","data":{"status":"pass","name":"TEST 5 comparison does not mutate context A tables","details":""}}
{"at":"2026-05-13T15:10:05+00:00","event":"assertion","data":{"status":"pass","name":"TEST 5 comparison does not mutate context B tables","details":""}}
{"at":"2026-05-13T15:10:05+00:00","event":"assertion","data":{"status":"pass","name":"TEST 5 comparison does not mutate context A files","details":""}}
{"at":"2026-05-13T15:10:05+00:00","event":"assertion","data":{"status":"pass","name":"TEST 5 comparison does not mutate context B files","details":""}}
{"at":"2026-05-13T15:10:05+00:00","event":"assertion","data":{"status":"pass","name":"TEST 6 PromptBuilder buildDecisionRoomMessages completes","details":""}}
{"at":"2026-05-13T15:10:05+00:00","event":"assertion","data":{"status":"pass","name":"TEST 6 PromptBuilder does not write SQLite","details":"app_logs delta=0"}}
{"at":"2026-05-13T15:10:05+00:00","event":"assertion","data":{"status":"pass","name":"TEST 6 PromptBuilder does not write filesystem","details":"memory existed before=no, after=no"}}
{"at":"2026-05-13T15:10:05+00:00","event":"assertion","data":{"status":"pass","name":"TEST 6 PromptBuilder with missing memory does not create memory.md","details":""}}
{"at":"2026-05-13T15:10:05+00:00","event":"assertion","data":{"status":"pass","name":"TEST 6 prompt trace and cognitive budget present","details":""}}
{"at":"2026-05-13T15:10:05+00:00","event":"assertion","data":{"status":"pass","name":"TEST 6 all prompt trace steps map to registry definitions","details":""}}
{"at":"2026-05-13T15:10:05+00:00","event":"assertion","data":{"status":"pass","name":"TEST 6 prompt message shape is stable","details":""}}
{"at":"2026-05-13T15:10:05+00:00","event":"assertion","data":{"status":"pass","name":"TEST 6 setup writes existing memory file","details":""}}
{"at":"2026-05-13T15:10:05+00:00","event":"assertion","data":{"status":"pass","name":"TEST 6 PromptBuilder build with existing memory completes","details":""}}
{"at":"2026-05-13T15:10:05+00:00","event":"assertion","data":{"status":"pass","name":"TEST 6 PromptBuilder with existing memory does not modify memory.md","details":""}}
{"at":"2026-05-13T15:10:05+00:00","event":"assertion","data":{"status":"pass","name":"TEST 6 PromptBuilder reads existing memory without content mutation","details":""}}
{"at":"2026-05-13T15:10:05+00:00","event":"assertion","data":{"status":"pass","name":"TEST 6 PromptBuilder does not reference Logger::logPromptBuild","details":""}}
{"at":"2026-05-13T15:10:05+00:00","event":"assertion","data":{"status":"pass","name":"TEST 6 PromptBuilder does not reference ensureFile","details":""}}
{"at":"2026-05-13T15:10:05+00:00","event":"assertion","data":{"status":"pass","name":"TEST 6 social repository defaults never enable legacy NULL rows","details":""}}
{"at":"2026-05-13T15:10:05+00:00","event":"assertion","data":{"status":"pass","name":"TEST 6 SocialPromptContextBuilder avoids global summary call when context can be provided","details":""}}
{"at":"2026-05-13T15:10:05+00:00","event":"assertion","data":{"status":"pass","name":"TEST 7 situated chat returns ok","details":""}}
{"at":"2026-05-13T15:10:05+00:00","event":"assertion","data":{"status":"pass","name":"TEST 7 situated chat returns cognitive_runtime","details":""}}
{"at":"2026-05-13T15:10:05+00:00","event":"assertion","data":{"status":"pass","name":"TEST 7 situated chat returns prompt_injection_trace","details":""}}
{"at":"2026-05-13T15:10:05+00:00","event":"assertion","data":{"status":"pass","name":"TEST 7 situated chat trace steps map to registry definitions","details":""}}
{"at":"2026-05-13T15:10:05+00:00","event":"assertion","data":{"status":"pass","name":"TEST 7 situated chat does not leak context A marker into B prompt","details":""}}
{"at":"2026-05-13T15:10:05+00:00","event":"assertion","data":{"status":"pass","name":"TEST 7 situated chat uses B scoped sources","details":""}}
{"at":"2026-05-13T15:10:05+00:00","event":"assertion","data":{"status":"pass","name":"TEST 8 static PromptBuilder has no persistence calls","details":""}}
{"at":"2026-05-13T15:10:05+00:00","event":"assertion","data":{"status":"pass","name":"TEST 8 static PromptBuilder has no filesystem writes","details":""}}
{"at":"2026-05-13T15:10:05+00:00","event":"assertion","data":{"status":"pass","name":"TEST 8 static PromptBuilder has no repository writes","details":""}}
{"at":"2026-05-13T15:10:05+00:00","event":"assertion","data":{"status":"pass","name":"TEST 8 forbidden call graph src\/Domain\/StrategicContext\/StrategicNarrativeService.php","details":""}}
{"at":"2026-05-13T15:10:05+00:00","event":"assertion","data":{"status":"pass","name":"TEST 8 forbidden call graph src\/Domain\/StrategicContext\/MemoryCompilerService.php","details":""}}
{"at":"2026-05-13T15:10:05+00:00","event":"assertion","data":{"status":"pass","name":"TEST 8 forbidden call graph src\/Domain\/StrategicContext\/ContextSnapshotService.php","details":""}}
{"at":"2026-05-13T15:10:05+00:00","event":"assertion","data":{"status":"pass","name":"TEST 8 forbidden call graph src\/Domain\/SocialDynamics\/SocialPromptContextBuilder.php","details":""}}
{"at":"2026-05-13T15:10:05+00:00","event":"assertion","data":{"status":"pass","name":"TEST 8 static includeLegacyNullRows=true not used as default","details":""}}
{"at":"2026-05-13T15:10:05+00:00","event":"assertion","data":{"status":"pass","name":"TEST 8 SocialPromptContextBuilder passes explicit strict-context arguments to summarizeForPrompt","details":""}}
{"at":"2026-05-13T15:10:05+00:00","event":"assertion","data":{"status":"pass","name":"TEST 8 runners do not opt-in legacy social reads by default","details":""}}
{"at":"2026-05-13T15:10:05+00:00","event":"assertion","data":{"status":"pass","name":"TEST 9 mutation guard blocks forbidden PromptBuilder -> SQLite write","details":""}}
{"at":"2026-05-13T15:10:05+00:00","event":"assertion","data":{"status":"pass","name":"CHAOS comparison asymmetric A\/chaos does not crash","details":""}}
{"at":"2026-05-13T15:10:05+00:00","event":"assertion","data":{"status":"pass","name":"CHAOS Decision Room trace complete and registry declared","details":""}}
{"at":"2026-05-13T15:10:05+00:00","event":"assertion","data":{"status":"pass","name":"CHAOS CognitiveBudgetEngine prunes huge context traceably","details":""}}
{"at":"2026-05-13T15:10:05+00:00","event":"assertion","data":{"status":"pass","name":"CHAOS user prompt remains bounded after pruning","details":""}}
{"at":"2026-05-13T15:10:05+00:00","event":"assertion","data":{"status":"pass","name":"CHAOS Decision Room prompt does not leak context A marker","details":""}}
{"at":"2026-05-13T15:10:05+00:00","event":"assertion","data":{"status":"pass","name":"setup creates contexts A and B","details":"QA_RT_20260513_151005_1619eb34"}}
{"at":"2026-05-13T15:10:06+00:00","event":"assertion","data":{"status":"pass","name":"TEST 1 setup created beliefs in A\/B","details":""}}
{"at":"2026-05-13T15:10:06+00:00","event":"assertion","data":{"status":"pass","name":"TEST 1 no B marker visible in context A bundle","details":""}}
{"at":"2026-05-13T15:10:06+00:00","event":"assertion","data":{"status":"pass","name":"TEST 1 no A marker visible in context B bundle","details":""}}
{"at":"2026-05-13T15:10:06+00:00","event":"assertion","data":{"status":"pass","name":"TEST 1 social dynamics scoped rows exist","details":""}}
{"at":"2026-05-13T15:10:06+00:00","event":"assertion","data":{"status":"pass","name":"TEST 1B strict read A returns only scoped A rows","details":""}}
{"at":"2026-05-13T15:10:06+00:00","event":"assertion","data":{"status":"pass","name":"TEST 1B strict read A excludes B and legacy NULL","details":""}}
{"at":"2026-05-13T15:10:06+00:00","event":"assertion","data":{"status":"pass","name":"TEST 1B strict read B returns only scoped B rows","details":""}}
{"at":"2026-05-13T15:10:06+00:00","event":"assertion","data":{"status":"pass","name":"TEST 1B strict read B excludes A and legacy NULL","details":""}}
{"at":"2026-05-13T15:10:06+00:00","event":"assertion","data":{"status":"pass","name":"TEST 1B opt-in legacy read returns A plus legacy only","details":""}}
{"at":"2026-05-13T15:10:06+00:00","event":"assertion","data":{"status":"pass","name":"TEST 1B prompt social block A excludes legacy and context B","details":""}}
{"at":"2026-05-13T15:10:06+00:00","event":"assertion","data":{"status":"pass","name":"TEST 1B prompt social block B excludes legacy and context A","details":""}}
{"at":"2026-05-13T15:10:06+00:00","event":"assertion","data":{"status":"pass","name":"TEST 1B social endpoint marks include_legacy=true on explicit opt-in","details":""}}
{"at":"2026-05-13T15:10:06+00:00","event":"assertion","data":{"status":"pass","name":"TEST 1B social endpoint marks legacy opt-in active","details":""}}
{"at":"2026-05-13T15:10:06+00:00","event":"assertion","data":{"status":"pass","name":"TEST 2 narrative recompute returns context A","details":""}}
{"at":"2026-05-13T15:10:06+00:00","event":"assertion","data":{"status":"pass","name":"TEST 2 narrative recompute does not update belief rows","details":""}}
{"at":"2026-05-13T15:10:06+00:00","event":"assertion","data":{"status":"pass","name":"TEST 2 narrative recompute does not append belief events","details":""}}
{"at":"2026-05-13T15:10:06+00:00","event":"assertion","data":{"status":"pass","name":"TEST 3 memory compiler runs twice","details":""}}
{"at":"2026-05-13T15:10:06+00:00","event":"assertion","data":{"status":"pass","name":"TEST 3 compiler does not mutate memory.md","details":""}}
{"at":"2026-05-13T15:10:06+00:00","event":"assertion","data":{"status":"pass","name":"TEST 3 compiler does not mutate beliefs","details":""}}
{"at":"2026-05-13T15:10:06+00:00","event":"assertion","data":{"status":"pass","name":"TEST 3 compiler does not mutate narrative","details":""}}
{"at":"2026-05-13T15:10:06+00:00","event":"assertion","data":{"status":"pass","name":"TEST 4 creates S1\/S2 snapshots","details":""}}
{"at":"2026-05-13T15:10:06+00:00","event":"assertion","data":{"status":"pass","name":"TEST 4 S1 payload stable after live mutation","details":""}}
{"at":"2026-05-13T15:10:06+00:00","event":"assertion","data":{"status":"pass","name":"TEST 4 snapshot compare returns ok","details":""}}
{"at":"2026-05-13T15:10:06+00:00","event":"assertion","data":{"status":"pass","name":"TEST 4 snapshot compare does not mutate live state","details":""}}
{"at":"2026-05-13T15:10:06+00:00","event":"assertion","data":{"status":"pass","name":"TEST 4 snapshot compare does not rewrite S1","details":""}}
{"at":"2026-05-13T15:10:06+00:00","event":"assertion","data":{"status":"pass","name":"TEST 4 no silent restore method exposed on ContextSnapshotService","details":""}}
{"at":"2026-05-13T15:10:06+00:00","event":"assertion","data":{"status":"pass","name":"TEST 5 context comparison returns ok","details":""}}
{"at":"2026-05-13T15:10:06+00:00","event":"assertion","data":{"status":"pass","name":"TEST 5 comparison declares runtime_meta.read_only","details":""}}
{"at":"2026-05-13T15:10:06+00:00","event":"assertion","data":{"status":"pass","name":"TEST 5 comparison does not change active context","details":""}}
{"at":"2026-05-13T15:10:06+00:00","event":"assertion","data":{"status":"pass","name":"TEST 5 comparison does not mutate context A tables","details":""}}
{"at":"2026-05-13T15:10:06+00:00","event":"assertion","data":{"status":"pass","name":"TEST 5 comparison does not mutate context B tables","details":""}}
{"at":"2026-05-13T15:10:06+00:00","event":"assertion","data":{"status":"pass","name":"TEST 5 comparison does not mutate context A files","details":""}}
{"at":"2026-05-13T15:10:06+00:00","event":"assertion","data":{"status":"pass","name":"TEST 5 comparison does not mutate context B files","details":""}}
{"at":"2026-05-13T15:10:06+00:00","event":"assertion","data":{"status":"pass","name":"TEST 6 PromptBuilder buildDecisionRoomMessages completes","details":""}}
{"at":"2026-05-13T15:10:06+00:00","event":"assertion","data":{"status":"pass","name":"TEST 6 PromptBuilder does not write SQLite","details":"app_logs delta=0"}}
{"at":"2026-05-13T15:10:06+00:00","event":"assertion","data":{"status":"pass","name":"TEST 6 PromptBuilder does not write filesystem","details":"memory existed before=no, after=no"}}
{"at":"2026-05-13T15:10:06+00:00","event":"assertion","data":{"status":"pass","name":"TEST 6 PromptBuilder with missing memory does not create memory.md","details":""}}
{"at":"2026-05-13T15:10:06+00:00","event":"assertion","data":{"status":"pass","name":"TEST 6 prompt trace and cognitive budget present","details":""}}
{"at":"2026-05-13T15:10:06+00:00","event":"assertion","data":{"status":"pass","name":"TEST 6 all prompt trace steps map to registry definitions","details":""}}
{"at":"2026-05-13T15:10:06+00:00","event":"assertion","data":{"status":"pass","name":"TEST 6 prompt message shape is stable","details":""}}
{"at":"2026-05-13T15:10:06+00:00","event":"assertion","data":{"status":"pass","name":"TEST 6 setup writes existing memory file","details":""}}
{"at":"2026-05-13T15:10:06+00:00","event":"assertion","data":{"status":"pass","name":"TEST 6 PromptBuilder build with existing memory completes","details":""}}
{"at":"2026-05-13T15:10:06+00:00","event":"assertion","data":{"status":"pass","name":"TEST 6 PromptBuilder with existing memory does not modify memory.md","details":""}}
{"at":"2026-05-13T15:10:06+00:00","event":"assertion","data":{"status":"pass","name":"TEST 6 PromptBuilder reads existing memory without content mutation","details":""}}
{"at":"2026-05-13T15:10:06+00:00","event":"assertion","data":{"status":"pass","name":"TEST 6 PromptBuilder does not reference Logger::logPromptBuild","details":""}}
{"at":"2026-05-13T15:10:06+00:00","event":"assertion","data":{"status":"pass","name":"TEST 6 PromptBuilder does not reference ensureFile","details":""}}
{"at":"2026-05-13T15:10:06+00:00","event":"assertion","data":{"status":"pass","name":"TEST 6 social repository defaults never enable legacy NULL rows","details":""}}
{"at":"2026-05-13T15:10:06+00:00","event":"assertion","data":{"status":"pass","name":"TEST 6 SocialPromptContextBuilder avoids global summary call when context can be provided","details":""}}
{"at":"2026-05-13T15:10:06+00:00","event":"assertion","data":{"status":"pass","name":"TEST 7 situated chat returns ok","details":""}}
{"at":"2026-05-13T15:10:06+00:00","event":"assertion","data":{"status":"pass","name":"TEST 7 situated chat returns cognitive_runtime","details":""}}
{"at":"2026-05-13T15:10:06+00:00","event":"assertion","data":{"status":"pass","name":"TEST 7 situated chat returns prompt_injection_trace","details":""}}
{"at":"2026-05-13T15:10:06+00:00","event":"assertion","data":{"status":"pass","name":"TEST 7 situated chat trace steps map to registry definitions","details":""}}
{"at":"2026-05-13T15:10:06+00:00","event":"assertion","data":{"status":"pass","name":"TEST 7 situated chat does not leak context A marker into B prompt","details":""}}
{"at":"2026-05-13T15:10:06+00:00","event":"assertion","data":{"status":"pass","name":"TEST 7 situated chat uses B scoped sources","details":""}}
{"at":"2026-05-13T15:10:06+00:00","event":"assertion","data":{"status":"pass","name":"TEST 8 static PromptBuilder has no persistence calls","details":""}}
{"at":"2026-05-13T15:10:06+00:00","event":"assertion","data":{"status":"pass","name":"TEST 8 static PromptBuilder has no filesystem writes","details":""}}
{"at":"2026-05-13T15:10:06+00:00","event":"assertion","data":{"status":"pass","name":"TEST 8 static PromptBuilder has no repository writes","details":""}}
{"at":"2026-05-13T15:10:06+00:00","event":"assertion","data":{"status":"pass","name":"TEST 8 forbidden call graph src\/Domain\/StrategicContext\/StrategicNarrativeService.php","details":""}}
{"at":"2026-05-13T15:10:06+00:00","event":"assertion","data":{"status":"pass","name":"TEST 8 forbidden call graph src\/Domain\/StrategicContext\/MemoryCompilerService.php","details":""}}
{"at":"2026-05-13T15:10:06+00:00","event":"assertion","data":{"status":"pass","name":"TEST 8 forbidden call graph src\/Domain\/StrategicContext\/ContextSnapshotService.php","details":""}}
{"at":"2026-05-13T15:10:06+00:00","event":"assertion","data":{"status":"pass","name":"TEST 8 forbidden call graph src\/Domain\/SocialDynamics\/SocialPromptContextBuilder.php","details":""}}
{"at":"2026-05-13T15:10:06+00:00","event":"assertion","data":{"status":"pass","name":"TEST 8 static includeLegacyNullRows=true not used as default","details":""}}
{"at":"2026-05-13T15:10:06+00:00","event":"assertion","data":{"status":"pass","name":"TEST 8 SocialPromptContextBuilder passes explicit strict-context arguments to summarizeForPrompt","details":""}}
{"at":"2026-05-13T15:10:06+00:00","event":"assertion","data":{"status":"pass","name":"TEST 8 runners do not opt-in legacy social reads by default","details":""}}
{"at":"2026-05-13T15:10:06+00:00","event":"assertion","data":{"status":"pass","name":"TEST 9 mutation guard blocks forbidden PromptBuilder -> SQLite write","details":""}}
{"at":"2026-05-13T15:10:06+00:00","event":"assertion","data":{"status":"pass","name":"CHAOS comparison asymmetric A\/chaos does not crash","details":""}}
{"at":"2026-05-13T15:10:06+00:00","event":"assertion","data":{"status":"pass","name":"CHAOS Decision Room trace complete and registry declared","details":""}}
{"at":"2026-05-13T15:10:06+00:00","event":"assertion","data":{"status":"pass","name":"CHAOS CognitiveBudgetEngine prunes huge context traceably","details":""}}
{"at":"2026-05-13T15:10:06+00:00","event":"assertion","data":{"status":"pass","name":"CHAOS user prompt remains bounded after pruning","details":""}}
{"at":"2026-05-13T15:10:06+00:00","event":"assertion","data":{"status":"pass","name":"CHAOS Decision Room prompt does not leak context A marker","details":""}}
{"at":"2026-05-13T15:44:07+00:00","event":"assertion","data":{"status":"pass","name":"setup creates contexts A and B","details":"QA_RT_20260513_154407_6715e65a"}}
{"at":"2026-05-13T15:44:07+00:00","event":"assertion","data":{"status":"pass","name":"TEST 1 setup created beliefs in A\/B","details":""}}
{"at":"2026-05-13T15:44:07+00:00","event":"assertion","data":{"status":"pass","name":"TEST 1 no B marker visible in context A bundle","details":""}}
{"at":"2026-05-13T15:44:07+00:00","event":"assertion","data":{"status":"pass","name":"TEST 1 no A marker visible in context B bundle","details":""}}
{"at":"2026-05-13T15:44:07+00:00","event":"assertion","data":{"status":"pass","name":"TEST 1 social dynamics scoped rows exist","details":""}}
{"at":"2026-05-13T15:44:07+00:00","event":"assertion","data":{"status":"pass","name":"TEST 1B strict read A returns only scoped A rows","details":""}}
{"at":"2026-05-13T15:44:07+00:00","event":"assertion","data":{"status":"pass","name":"TEST 1B strict read A excludes B and legacy NULL","details":""}}
{"at":"2026-05-13T15:44:07+00:00","event":"assertion","data":{"status":"pass","name":"TEST 1B strict read B returns only scoped B rows","details":""}}
{"at":"2026-05-13T15:44:07+00:00","event":"assertion","data":{"status":"pass","name":"TEST 1B strict read B excludes A and legacy NULL","details":""}}
{"at":"2026-05-13T15:44:07+00:00","event":"assertion","data":{"status":"pass","name":"TEST 1B opt-in legacy read returns A plus legacy only","details":""}}
{"at":"2026-05-13T15:44:07+00:00","event":"assertion","data":{"status":"pass","name":"TEST 1B prompt social block A excludes legacy and context B","details":""}}
{"at":"2026-05-13T15:44:07+00:00","event":"assertion","data":{"status":"pass","name":"TEST 1B prompt social block B excludes legacy and context A","details":""}}
{"at":"2026-05-13T15:44:07+00:00","event":"assertion","data":{"status":"pass","name":"TEST 1B social endpoint marks include_legacy=true on explicit opt-in","details":""}}
{"at":"2026-05-13T15:44:07+00:00","event":"assertion","data":{"status":"pass","name":"TEST 1B social endpoint marks legacy opt-in active","details":""}}
{"at":"2026-05-13T15:44:07+00:00","event":"assertion","data":{"status":"pass","name":"TEST 2 narrative recompute returns context A","details":""}}
{"at":"2026-05-13T15:44:07+00:00","event":"assertion","data":{"status":"pass","name":"TEST 2 narrative recompute does not update belief rows","details":""}}
{"at":"2026-05-13T15:44:07+00:00","event":"assertion","data":{"status":"pass","name":"TEST 2 narrative recompute does not append belief events","details":""}}
{"at":"2026-05-13T15:44:08+00:00","event":"assertion","data":{"status":"pass","name":"TEST 3 memory compiler runs twice","details":""}}
{"at":"2026-05-13T15:44:08+00:00","event":"assertion","data":{"status":"pass","name":"TEST 3 compiler does not mutate memory.md","details":""}}
{"at":"2026-05-13T15:44:08+00:00","event":"assertion","data":{"status":"pass","name":"TEST 3 compiler does not mutate beliefs","details":""}}
{"at":"2026-05-13T15:44:08+00:00","event":"assertion","data":{"status":"pass","name":"TEST 3 compiler does not mutate narrative","details":""}}
{"at":"2026-05-13T15:44:08+00:00","event":"assertion","data":{"status":"pass","name":"TEST 4 creates S1\/S2 snapshots","details":""}}
{"at":"2026-05-13T15:44:08+00:00","event":"assertion","data":{"status":"pass","name":"TEST 4 S1 payload stable after live mutation","details":""}}
{"at":"2026-05-13T15:44:08+00:00","event":"assertion","data":{"status":"pass","name":"TEST 4 snapshot compare returns ok","details":""}}
{"at":"2026-05-13T15:44:08+00:00","event":"assertion","data":{"status":"pass","name":"TEST 4 snapshot compare does not mutate live state","details":""}}
{"at":"2026-05-13T15:44:08+00:00","event":"assertion","data":{"status":"pass","name":"TEST 4 snapshot compare does not rewrite S1","details":""}}
{"at":"2026-05-13T15:44:08+00:00","event":"assertion","data":{"status":"pass","name":"TEST 4 no silent restore method exposed on ContextSnapshotService","details":""}}
{"at":"2026-05-13T15:44:08+00:00","event":"assertion","data":{"status":"pass","name":"TEST 5 context comparison returns ok","details":""}}
{"at":"2026-05-13T15:44:08+00:00","event":"assertion","data":{"status":"pass","name":"TEST 5 comparison declares runtime_meta.read_only","details":""}}
{"at":"2026-05-13T15:44:08+00:00","event":"assertion","data":{"status":"pass","name":"TEST 5 comparison does not change active context","details":""}}
{"at":"2026-05-13T15:44:08+00:00","event":"assertion","data":{"status":"pass","name":"TEST 5 comparison does not mutate context A tables","details":""}}
{"at":"2026-05-13T15:44:08+00:00","event":"assertion","data":{"status":"pass","name":"TEST 5 comparison does not mutate context B tables","details":""}}
{"at":"2026-05-13T15:44:08+00:00","event":"assertion","data":{"status":"pass","name":"TEST 5 comparison does not mutate context A files","details":""}}
{"at":"2026-05-13T15:44:08+00:00","event":"assertion","data":{"status":"pass","name":"TEST 5 comparison does not mutate context B files","details":""}}
{"at":"2026-05-13T15:44:08+00:00","event":"assertion","data":{"status":"pass","name":"TEST 6 PromptBuilder buildDecisionRoomMessages completes","details":""}}
{"at":"2026-05-13T15:44:08+00:00","event":"assertion","data":{"status":"pass","name":"TEST 6 PromptBuilder does not write SQLite","details":"app_logs delta=0"}}
{"at":"2026-05-13T15:44:08+00:00","event":"assertion","data":{"status":"pass","name":"TEST 6 PromptBuilder does not write filesystem","details":"memory existed before=no, after=no"}}
{"at":"2026-05-13T15:44:08+00:00","event":"assertion","data":{"status":"pass","name":"TEST 6 PromptBuilder with missing memory does not create memory.md","details":""}}
{"at":"2026-05-13T15:44:08+00:00","event":"assertion","data":{"status":"pass","name":"TEST 6 prompt trace and cognitive budget present","details":""}}
{"at":"2026-05-13T15:44:08+00:00","event":"assertion","data":{"status":"pass","name":"TEST 6 all prompt trace steps map to registry definitions","details":""}}
{"at":"2026-05-13T15:44:08+00:00","event":"assertion","data":{"status":"pass","name":"TEST 6 prompt message shape is stable","details":""}}
{"at":"2026-05-13T15:44:08+00:00","event":"assertion","data":{"status":"pass","name":"TEST 6 setup writes existing memory file","details":""}}
{"at":"2026-05-13T15:44:08+00:00","event":"assertion","data":{"status":"pass","name":"TEST 6 PromptBuilder build with existing memory completes","details":""}}
{"at":"2026-05-13T15:44:08+00:00","event":"assertion","data":{"status":"pass","name":"TEST 6 PromptBuilder with existing memory does not modify memory.md","details":""}}
{"at":"2026-05-13T15:44:08+00:00","event":"assertion","data":{"status":"pass","name":"TEST 6 PromptBuilder reads existing memory without content mutation","details":""}}
{"at":"2026-05-13T15:44:08+00:00","event":"assertion","data":{"status":"pass","name":"TEST 6 PromptBuilder does not reference Logger::logPromptBuild","details":""}}
{"at":"2026-05-13T15:44:08+00:00","event":"assertion","data":{"status":"pass","name":"TEST 6 PromptBuilder does not reference ensureFile","details":""}}
{"at":"2026-05-13T15:44:08+00:00","event":"assertion","data":{"status":"pass","name":"TEST 6 social repository defaults never enable legacy NULL rows","details":""}}
{"at":"2026-05-13T15:44:08+00:00","event":"assertion","data":{"status":"pass","name":"TEST 6 SocialPromptContextBuilder avoids global summary call when context can be provided","details":""}}
{"at":"2026-05-13T15:44:08+00:00","event":"assertion","data":{"status":"pass","name":"TEST 7 situated chat returns ok","details":""}}
{"at":"2026-05-13T15:44:08+00:00","event":"assertion","data":{"status":"pass","name":"TEST 7 situated chat returns cognitive_runtime","details":""}}
{"at":"2026-05-13T15:44:08+00:00","event":"assertion","data":{"status":"pass","name":"TEST 7 situated chat returns prompt_injection_trace","details":""}}
{"at":"2026-05-13T15:44:08+00:00","event":"assertion","data":{"status":"pass","name":"TEST 7 situated chat trace steps map to registry definitions","details":""}}
{"at":"2026-05-13T15:44:08+00:00","event":"assertion","data":{"status":"pass","name":"TEST 7 situated chat does not leak context A marker into B prompt","details":""}}
{"at":"2026-05-13T15:44:08+00:00","event":"assertion","data":{"status":"pass","name":"TEST 7 situated chat uses B scoped sources","details":""}}
{"at":"2026-05-13T15:44:08+00:00","event":"assertion","data":{"status":"pass","name":"TEST 8 static PromptBuilder has no persistence calls","details":""}}
{"at":"2026-05-13T15:44:08+00:00","event":"assertion","data":{"status":"pass","name":"TEST 8 static PromptBuilder has no filesystem writes","details":""}}
{"at":"2026-05-13T15:44:08+00:00","event":"assertion","data":{"status":"pass","name":"TEST 8 static PromptBuilder has no repository writes","details":""}}
{"at":"2026-05-13T15:44:08+00:00","event":"assertion","data":{"status":"pass","name":"TEST 8 forbidden call graph src\/Domain\/StrategicContext\/StrategicNarrativeService.php","details":""}}
{"at":"2026-05-13T15:44:08+00:00","event":"assertion","data":{"status":"pass","name":"TEST 8 forbidden call graph src\/Domain\/StrategicContext\/MemoryCompilerService.php","details":""}}
{"at":"2026-05-13T15:44:08+00:00","event":"assertion","data":{"status":"pass","name":"TEST 8 forbidden call graph src\/Domain\/StrategicContext\/ContextSnapshotService.php","details":""}}
{"at":"2026-05-13T15:44:08+00:00","event":"assertion","data":{"status":"pass","name":"TEST 8 forbidden call graph src\/Domain\/SocialDynamics\/SocialPromptContextBuilder.php","details":""}}
{"at":"2026-05-13T15:44:08+00:00","event":"assertion","data":{"status":"pass","name":"TEST 8 static includeLegacyNullRows=true not used as default","details":""}}
{"at":"2026-05-13T15:44:08+00:00","event":"assertion","data":{"status":"pass","name":"TEST 8 SocialPromptContextBuilder passes explicit strict-context arguments to summarizeForPrompt","details":""}}
{"at":"2026-05-13T15:44:08+00:00","event":"assertion","data":{"status":"pass","name":"TEST 8 runners do not opt-in legacy social reads by default","details":""}}
{"at":"2026-05-13T15:44:08+00:00","event":"assertion","data":{"status":"pass","name":"TEST 9 mutation guard blocks forbidden PromptBuilder -> SQLite write","details":""}}
{"at":"2026-05-13T15:44:08+00:00","event":"assertion","data":{"status":"pass","name":"CHAOS comparison asymmetric A\/chaos does not crash","details":""}}
{"at":"2026-05-13T15:44:08+00:00","event":"assertion","data":{"status":"pass","name":"CHAOS Decision Room trace complete and registry declared","details":""}}
{"at":"2026-05-13T15:44:08+00:00","event":"assertion","data":{"status":"pass","name":"CHAOS CognitiveBudgetEngine prunes huge context traceably","details":""}}
{"at":"2026-05-13T15:44:08+00:00","event":"assertion","data":{"status":"pass","name":"CHAOS user prompt remains bounded after pruning","details":""}}
{"at":"2026-05-13T15:44:08+00:00","event":"assertion","data":{"status":"pass","name":"CHAOS Decision Room prompt does not leak context A marker","details":""}}
{"at":"2026-05-13T15:44:09+00:00","event":"assertion","data":{"status":"pass","name":"setup creates contexts A and B","details":"QA_RT_20260513_154409_77ad2829"}}
{"at":"2026-05-13T15:44:09+00:00","event":"assertion","data":{"status":"pass","name":"TEST 1 setup created beliefs in A\/B","details":""}}
{"at":"2026-05-13T15:44:09+00:00","event":"assertion","data":{"status":"pass","name":"TEST 1 no B marker visible in context A bundle","details":""}}
{"at":"2026-05-13T15:44:09+00:00","event":"assertion","data":{"status":"pass","name":"TEST 1 no A marker visible in context B bundle","details":""}}
{"at":"2026-05-13T15:44:09+00:00","event":"assertion","data":{"status":"pass","name":"TEST 1 social dynamics scoped rows exist","details":""}}
{"at":"2026-05-13T15:44:09+00:00","event":"assertion","data":{"status":"pass","name":"TEST 1B strict read A returns only scoped A rows","details":""}}
{"at":"2026-05-13T15:44:09+00:00","event":"assertion","data":{"status":"pass","name":"TEST 1B strict read A excludes B and legacy NULL","details":""}}
{"at":"2026-05-13T15:44:09+00:00","event":"assertion","data":{"status":"pass","name":"TEST 1B strict read B returns only scoped B rows","details":""}}
{"at":"2026-05-13T15:44:09+00:00","event":"assertion","data":{"status":"pass","name":"TEST 1B strict read B excludes A and legacy NULL","details":""}}
{"at":"2026-05-13T15:44:09+00:00","event":"assertion","data":{"status":"pass","name":"TEST 1B opt-in legacy read returns A plus legacy only","details":""}}
{"at":"2026-05-13T15:44:09+00:00","event":"assertion","data":{"status":"pass","name":"TEST 1B prompt social block A excludes legacy and context B","details":""}}
{"at":"2026-05-13T15:44:09+00:00","event":"assertion","data":{"status":"pass","name":"TEST 1B prompt social block B excludes legacy and context A","details":""}}
{"at":"2026-05-13T15:44:09+00:00","event":"assertion","data":{"status":"pass","name":"TEST 1B social endpoint marks include_legacy=true on explicit opt-in","details":""}}
{"at":"2026-05-13T15:44:09+00:00","event":"assertion","data":{"status":"pass","name":"TEST 1B social endpoint marks legacy opt-in active","details":""}}
{"at":"2026-05-13T15:44:09+00:00","event":"assertion","data":{"status":"pass","name":"TEST 2 narrative recompute returns context A","details":""}}
{"at":"2026-05-13T15:44:09+00:00","event":"assertion","data":{"status":"pass","name":"TEST 2 narrative recompute does not update belief rows","details":""}}
{"at":"2026-05-13T15:44:09+00:00","event":"assertion","data":{"status":"pass","name":"TEST 2 narrative recompute does not append belief events","details":""}}
{"at":"2026-05-13T15:44:09+00:00","event":"assertion","data":{"status":"pass","name":"TEST 3 memory compiler runs twice","details":""}}
{"at":"2026-05-13T15:44:09+00:00","event":"assertion","data":{"status":"pass","name":"TEST 3 compiler does not mutate memory.md","details":""}}
{"at":"2026-05-13T15:44:09+00:00","event":"assertion","data":{"status":"pass","name":"TEST 3 compiler does not mutate beliefs","details":""}}
{"at":"2026-05-13T15:44:09+00:00","event":"assertion","data":{"status":"pass","name":"TEST 3 compiler does not mutate narrative","details":""}}
{"at":"2026-05-13T15:44:09+00:00","event":"assertion","data":{"status":"pass","name":"TEST 4 creates S1\/S2 snapshots","details":""}}
{"at":"2026-05-13T15:44:09+00:00","event":"assertion","data":{"status":"pass","name":"TEST 4 S1 payload stable after live mutation","details":""}}
{"at":"2026-05-13T15:44:09+00:00","event":"assertion","data":{"status":"pass","name":"TEST 4 snapshot compare returns ok","details":""}}
{"at":"2026-05-13T15:44:09+00:00","event":"assertion","data":{"status":"pass","name":"TEST 4 snapshot compare does not mutate live state","details":""}}
{"at":"2026-05-13T15:44:09+00:00","event":"assertion","data":{"status":"pass","name":"TEST 4 snapshot compare does not rewrite S1","details":""}}
{"at":"2026-05-13T15:44:09+00:00","event":"assertion","data":{"status":"pass","name":"TEST 4 no silent restore method exposed on ContextSnapshotService","details":""}}
{"at":"2026-05-13T15:44:09+00:00","event":"assertion","data":{"status":"pass","name":"TEST 5 context comparison returns ok","details":""}}
{"at":"2026-05-13T15:44:09+00:00","event":"assertion","data":{"status":"pass","name":"TEST 5 comparison declares runtime_meta.read_only","details":""}}
{"at":"2026-05-13T15:44:09+00:00","event":"assertion","data":{"status":"pass","name":"TEST 5 comparison does not change active context","details":""}}
{"at":"2026-05-13T15:44:09+00:00","event":"assertion","data":{"status":"pass","name":"TEST 5 comparison does not mutate context A tables","details":""}}
{"at":"2026-05-13T15:44:09+00:00","event":"assertion","data":{"status":"pass","name":"TEST 5 comparison does not mutate context B tables","details":""}}
{"at":"2026-05-13T15:44:09+00:00","event":"assertion","data":{"status":"pass","name":"TEST 5 comparison does not mutate context A files","details":""}}
{"at":"2026-05-13T15:44:09+00:00","event":"assertion","data":{"status":"pass","name":"TEST 5 comparison does not mutate context B files","details":""}}
{"at":"2026-05-13T15:44:09+00:00","event":"assertion","data":{"status":"pass","name":"TEST 6 PromptBuilder buildDecisionRoomMessages completes","details":""}}
{"at":"2026-05-13T15:44:09+00:00","event":"assertion","data":{"status":"pass","name":"TEST 6 PromptBuilder does not write SQLite","details":"app_logs delta=0"}}
{"at":"2026-05-13T15:44:09+00:00","event":"assertion","data":{"status":"pass","name":"TEST 6 PromptBuilder does not write filesystem","details":"memory existed before=no, after=no"}}
{"at":"2026-05-13T15:44:09+00:00","event":"assertion","data":{"status":"pass","name":"TEST 6 PromptBuilder with missing memory does not create memory.md","details":""}}
{"at":"2026-05-13T15:44:09+00:00","event":"assertion","data":{"status":"pass","name":"TEST 6 prompt trace and cognitive budget present","details":""}}
{"at":"2026-05-13T15:44:09+00:00","event":"assertion","data":{"status":"pass","name":"TEST 6 all prompt trace steps map to registry definitions","details":""}}
{"at":"2026-05-13T15:44:09+00:00","event":"assertion","data":{"status":"pass","name":"TEST 6 prompt message shape is stable","details":""}}
{"at":"2026-05-13T15:44:09+00:00","event":"assertion","data":{"status":"pass","name":"TEST 6 setup writes existing memory file","details":""}}
{"at":"2026-05-13T15:44:09+00:00","event":"assertion","data":{"status":"pass","name":"TEST 6 PromptBuilder build with existing memory completes","details":""}}
{"at":"2026-05-13T15:44:09+00:00","event":"assertion","data":{"status":"pass","name":"TEST 6 PromptBuilder with existing memory does not modify memory.md","details":""}}
{"at":"2026-05-13T15:44:09+00:00","event":"assertion","data":{"status":"pass","name":"TEST 6 PromptBuilder reads existing memory without content mutation","details":""}}
{"at":"2026-05-13T15:44:09+00:00","event":"assertion","data":{"status":"pass","name":"TEST 6 PromptBuilder does not reference Logger::logPromptBuild","details":""}}
{"at":"2026-05-13T15:44:09+00:00","event":"assertion","data":{"status":"pass","name":"TEST 6 PromptBuilder does not reference ensureFile","details":""}}
{"at":"2026-05-13T15:44:09+00:00","event":"assertion","data":{"status":"pass","name":"TEST 6 social repository defaults never enable legacy NULL rows","details":""}}
{"at":"2026-05-13T15:44:09+00:00","event":"assertion","data":{"status":"pass","name":"TEST 6 SocialPromptContextBuilder avoids global summary call when context can be provided","details":""}}
{"at":"2026-05-13T15:44:09+00:00","event":"assertion","data":{"status":"pass","name":"TEST 7 situated chat returns ok","details":""}}
{"at":"2026-05-13T15:44:09+00:00","event":"assertion","data":{"status":"pass","name":"TEST 7 situated chat returns cognitive_runtime","details":""}}
{"at":"2026-05-13T15:44:09+00:00","event":"assertion","data":{"status":"pass","name":"TEST 7 situated chat returns prompt_injection_trace","details":""}}
{"at":"2026-05-13T15:44:09+00:00","event":"assertion","data":{"status":"pass","name":"TEST 7 situated chat trace steps map to registry definitions","details":""}}
{"at":"2026-05-13T15:44:09+00:00","event":"assertion","data":{"status":"pass","name":"TEST 7 situated chat does not leak context A marker into B prompt","details":""}}
{"at":"2026-05-13T15:44:09+00:00","event":"assertion","data":{"status":"pass","name":"TEST 7 situated chat uses B scoped sources","details":""}}
{"at":"2026-05-13T15:44:09+00:00","event":"assertion","data":{"status":"pass","name":"TEST 8 static PromptBuilder has no persistence calls","details":""}}
{"at":"2026-05-13T15:44:09+00:00","event":"assertion","data":{"status":"pass","name":"TEST 8 static PromptBuilder has no filesystem writes","details":""}}
{"at":"2026-05-13T15:44:09+00:00","event":"assertion","data":{"status":"pass","name":"TEST 8 static PromptBuilder has no repository writes","details":""}}
{"at":"2026-05-13T15:44:09+00:00","event":"assertion","data":{"status":"pass","name":"TEST 8 forbidden call graph src\/Domain\/StrategicContext\/StrategicNarrativeService.php","details":""}}
{"at":"2026-05-13T15:44:09+00:00","event":"assertion","data":{"status":"pass","name":"TEST 8 forbidden call graph src\/Domain\/StrategicContext\/MemoryCompilerService.php","details":""}}
{"at":"2026-05-13T15:44:09+00:00","event":"assertion","data":{"status":"pass","name":"TEST 8 forbidden call graph src\/Domain\/StrategicContext\/ContextSnapshotService.php","details":""}}
{"at":"2026-05-13T15:44:09+00:00","event":"assertion","data":{"status":"pass","name":"TEST 8 forbidden call graph src\/Domain\/SocialDynamics\/SocialPromptContextBuilder.php","details":""}}
{"at":"2026-05-13T15:44:09+00:00","event":"assertion","data":{"status":"pass","name":"TEST 8 static includeLegacyNullRows=true not used as default","details":""}}
{"at":"2026-05-13T15:44:09+00:00","event":"assertion","data":{"status":"pass","name":"TEST 8 SocialPromptContextBuilder passes explicit strict-context arguments to summarizeForPrompt","details":""}}
{"at":"2026-05-13T15:44:09+00:00","event":"assertion","data":{"status":"pass","name":"TEST 8 runners do not opt-in legacy social reads by default","details":""}}
{"at":"2026-05-13T15:44:09+00:00","event":"assertion","data":{"status":"pass","name":"TEST 9 mutation guard blocks forbidden PromptBuilder -> SQLite write","details":""}}
{"at":"2026-05-13T15:44:09+00:00","event":"assertion","data":{"status":"pass","name":"CHAOS comparison asymmetric A\/chaos does not crash","details":""}}
{"at":"2026-05-13T15:44:09+00:00","event":"assertion","data":{"status":"pass","name":"CHAOS Decision Room trace complete and registry declared","details":""}}
{"at":"2026-05-13T15:44:09+00:00","event":"assertion","data":{"status":"pass","name":"CHAOS CognitiveBudgetEngine prunes huge context traceably","details":""}}
{"at":"2026-05-13T15:44:09+00:00","event":"assertion","data":{"status":"pass","name":"CHAOS user prompt remains bounded after pruning","details":""}}
{"at":"2026-05-13T15:44:09+00:00","event":"assertion","data":{"status":"pass","name":"CHAOS Decision Room prompt does not leak context A marker","details":""}}
{"at":"2026-05-13T15:46:33+00:00","event":"assertion","data":{"status":"pass","name":"setup creates contexts A and B","details":"QA_RT_20260513_154633_b3957ad3"}}
{"at":"2026-05-13T15:46:33+00:00","event":"assertion","data":{"status":"pass","name":"TEST 1 setup created beliefs in A\/B","details":""}}
{"at":"2026-05-13T15:46:33+00:00","event":"assertion","data":{"status":"pass","name":"TEST 1 no B marker visible in context A bundle","details":""}}
{"at":"2026-05-13T15:46:33+00:00","event":"assertion","data":{"status":"pass","name":"TEST 1 no A marker visible in context B bundle","details":""}}
{"at":"2026-05-13T15:46:33+00:00","event":"assertion","data":{"status":"pass","name":"TEST 1 social dynamics scoped rows exist","details":""}}
{"at":"2026-05-13T15:46:33+00:00","event":"assertion","data":{"status":"pass","name":"TEST 1B strict read A returns only scoped A rows","details":""}}
{"at":"2026-05-13T15:46:33+00:00","event":"assertion","data":{"status":"pass","name":"TEST 1B strict read A excludes B and legacy NULL","details":""}}
{"at":"2026-05-13T15:46:33+00:00","event":"assertion","data":{"status":"pass","name":"TEST 1B strict read B returns only scoped B rows","details":""}}
{"at":"2026-05-13T15:46:33+00:00","event":"assertion","data":{"status":"pass","name":"TEST 1B strict read B excludes A and legacy NULL","details":""}}
{"at":"2026-05-13T15:46:33+00:00","event":"assertion","data":{"status":"pass","name":"TEST 1B opt-in legacy read returns A plus legacy only","details":""}}
{"at":"2026-05-13T15:46:33+00:00","event":"assertion","data":{"status":"pass","name":"TEST 1B prompt social block A excludes legacy and context B","details":""}}
{"at":"2026-05-13T15:46:33+00:00","event":"assertion","data":{"status":"pass","name":"TEST 1B prompt social block B excludes legacy and context A","details":""}}
{"at":"2026-05-13T15:46:33+00:00","event":"assertion","data":{"status":"pass","name":"TEST 1B social endpoint marks include_legacy=true on explicit opt-in","details":""}}
{"at":"2026-05-13T15:46:33+00:00","event":"assertion","data":{"status":"pass","name":"TEST 1B social endpoint marks legacy opt-in active","details":""}}
{"at":"2026-05-13T15:46:33+00:00","event":"assertion","data":{"status":"pass","name":"TEST 2 narrative recompute returns context A","details":""}}
{"at":"2026-05-13T15:46:33+00:00","event":"assertion","data":{"status":"pass","name":"TEST 2 narrative recompute does not update belief rows","details":""}}
{"at":"2026-05-13T15:46:33+00:00","event":"assertion","data":{"status":"pass","name":"TEST 2 narrative recompute does not append belief events","details":""}}
{"at":"2026-05-13T15:46:33+00:00","event":"assertion","data":{"status":"pass","name":"TEST 3 memory compiler runs twice","details":""}}
{"at":"2026-05-13T15:46:33+00:00","event":"assertion","data":{"status":"pass","name":"TEST 3 compiler does not mutate memory.md","details":""}}
{"at":"2026-05-13T15:46:33+00:00","event":"assertion","data":{"status":"pass","name":"TEST 3 compiler does not mutate beliefs","details":""}}
{"at":"2026-05-13T15:46:33+00:00","event":"assertion","data":{"status":"pass","name":"TEST 3 compiler does not mutate narrative","details":""}}
{"at":"2026-05-13T15:46:33+00:00","event":"assertion","data":{"status":"pass","name":"TEST 4 creates S1\/S2 snapshots","details":""}}
{"at":"2026-05-13T15:46:33+00:00","event":"assertion","data":{"status":"pass","name":"TEST 4 S1 payload stable after live mutation","details":""}}
{"at":"2026-05-13T15:46:33+00:00","event":"assertion","data":{"status":"pass","name":"TEST 4 snapshot compare returns ok","details":""}}
{"at":"2026-05-13T15:46:33+00:00","event":"assertion","data":{"status":"pass","name":"TEST 4 snapshot compare does not mutate live state","details":""}}
{"at":"2026-05-13T15:46:33+00:00","event":"assertion","data":{"status":"pass","name":"TEST 4 snapshot compare does not rewrite S1","details":""}}
{"at":"2026-05-13T15:46:33+00:00","event":"assertion","data":{"status":"pass","name":"TEST 4 no silent restore method exposed on ContextSnapshotService","details":""}}
{"at":"2026-05-13T15:46:33+00:00","event":"assertion","data":{"status":"pass","name":"TEST 5 context comparison returns ok","details":""}}
{"at":"2026-05-13T15:46:33+00:00","event":"assertion","data":{"status":"pass","name":"TEST 5 comparison declares runtime_meta.read_only","details":""}}
{"at":"2026-05-13T15:46:33+00:00","event":"assertion","data":{"status":"pass","name":"TEST 5 comparison does not change active context","details":""}}
{"at":"2026-05-13T15:46:33+00:00","event":"assertion","data":{"status":"pass","name":"TEST 5 comparison does not mutate context A tables","details":""}}
{"at":"2026-05-13T15:46:33+00:00","event":"assertion","data":{"status":"pass","name":"TEST 5 comparison does not mutate context B tables","details":""}}
{"at":"2026-05-13T15:46:33+00:00","event":"assertion","data":{"status":"pass","name":"TEST 5 comparison does not mutate context A files","details":""}}
{"at":"2026-05-13T15:46:33+00:00","event":"assertion","data":{"status":"pass","name":"TEST 5 comparison does not mutate context B files","details":""}}
{"at":"2026-05-13T15:46:33+00:00","event":"assertion","data":{"status":"pass","name":"TEST 6 PromptBuilder buildDecisionRoomMessages completes","details":""}}
{"at":"2026-05-13T15:46:33+00:00","event":"assertion","data":{"status":"pass","name":"TEST 6 PromptBuilder does not write SQLite","details":"app_logs delta=0"}}
{"at":"2026-05-13T15:46:33+00:00","event":"assertion","data":{"status":"pass","name":"TEST 6 PromptBuilder does not write filesystem","details":"memory existed before=no, after=no"}}
{"at":"2026-05-13T15:46:33+00:00","event":"assertion","data":{"status":"pass","name":"TEST 6 PromptBuilder with missing memory does not create memory.md","details":""}}
{"at":"2026-05-13T15:46:33+00:00","event":"assertion","data":{"status":"pass","name":"TEST 6 prompt trace and cognitive budget present","details":""}}
{"at":"2026-05-13T15:46:33+00:00","event":"assertion","data":{"status":"pass","name":"TEST 6 all prompt trace steps map to registry definitions","details":""}}
{"at":"2026-05-13T15:46:33+00:00","event":"assertion","data":{"status":"pass","name":"TEST 6 prompt message shape is stable","details":""}}
{"at":"2026-05-13T15:46:33+00:00","event":"assertion","data":{"status":"pass","name":"TEST 6 setup writes existing memory file","details":""}}
{"at":"2026-05-13T15:46:33+00:00","event":"assertion","data":{"status":"pass","name":"TEST 6 PromptBuilder build with existing memory completes","details":""}}
{"at":"2026-05-13T15:46:33+00:00","event":"assertion","data":{"status":"pass","name":"TEST 6 PromptBuilder with existing memory does not modify memory.md","details":""}}
{"at":"2026-05-13T15:46:33+00:00","event":"assertion","data":{"status":"pass","name":"TEST 6 PromptBuilder reads existing memory without content mutation","details":""}}
{"at":"2026-05-13T15:46:33+00:00","event":"assertion","data":{"status":"pass","name":"TEST 6 PromptBuilder does not reference Logger::logPromptBuild","details":""}}
{"at":"2026-05-13T15:46:33+00:00","event":"assertion","data":{"status":"pass","name":"TEST 6 PromptBuilder does not reference ensureFile","details":""}}
{"at":"2026-05-13T15:46:33+00:00","event":"assertion","data":{"status":"pass","name":"TEST 6 social repository defaults never enable legacy NULL rows","details":""}}
{"at":"2026-05-13T15:46:33+00:00","event":"assertion","data":{"status":"pass","name":"TEST 6 SocialPromptContextBuilder avoids global summary call when context can be provided","details":""}}
{"at":"2026-05-13T15:46:33+00:00","event":"assertion","data":{"status":"pass","name":"TEST 7 situated chat returns ok","details":""}}
{"at":"2026-05-13T15:46:33+00:00","event":"assertion","data":{"status":"pass","name":"TEST 7 situated chat returns cognitive_runtime","details":""}}
{"at":"2026-05-13T15:46:33+00:00","event":"assertion","data":{"status":"pass","name":"TEST 7 situated chat returns prompt_injection_trace","details":""}}
{"at":"2026-05-13T15:46:33+00:00","event":"assertion","data":{"status":"pass","name":"TEST 7 situated chat trace steps map to registry definitions","details":""}}
{"at":"2026-05-13T15:46:33+00:00","event":"assertion","data":{"status":"pass","name":"TEST 7 situated chat does not leak context A marker into B prompt","details":""}}
{"at":"2026-05-13T15:46:33+00:00","event":"assertion","data":{"status":"pass","name":"TEST 7 situated chat uses B scoped sources","details":""}}
{"at":"2026-05-13T15:46:33+00:00","event":"assertion","data":{"status":"pass","name":"TEST 8 static PromptBuilder has no persistence calls","details":""}}
{"at":"2026-05-13T15:46:33+00:00","event":"assertion","data":{"status":"pass","name":"TEST 8 static PromptBuilder has no filesystem writes","details":""}}
{"at":"2026-05-13T15:46:33+00:00","event":"assertion","data":{"status":"pass","name":"TEST 8 static PromptBuilder has no repository writes","details":""}}
{"at":"2026-05-13T15:46:33+00:00","event":"assertion","data":{"status":"pass","name":"TEST 8 forbidden call graph src\/Domain\/StrategicContext\/StrategicNarrativeService.php","details":""}}
{"at":"2026-05-13T15:46:33+00:00","event":"assertion","data":{"status":"pass","name":"TEST 8 forbidden call graph src\/Domain\/StrategicContext\/MemoryCompilerService.php","details":""}}
{"at":"2026-05-13T15:46:33+00:00","event":"assertion","data":{"status":"pass","name":"TEST 8 forbidden call graph src\/Domain\/StrategicContext\/ContextSnapshotService.php","details":""}}
{"at":"2026-05-13T15:46:33+00:00","event":"assertion","data":{"status":"pass","name":"TEST 8 forbidden call graph src\/Domain\/SocialDynamics\/SocialPromptContextBuilder.php","details":""}}
{"at":"2026-05-13T15:46:33+00:00","event":"assertion","data":{"status":"pass","name":"TEST 8 static includeLegacyNullRows=true not used as default","details":""}}
{"at":"2026-05-13T15:46:33+00:00","event":"assertion","data":{"status":"pass","name":"TEST 8 SocialPromptContextBuilder passes explicit strict-context arguments to summarizeForPrompt","details":""}}
{"at":"2026-05-13T15:46:33+00:00","event":"assertion","data":{"status":"pass","name":"TEST 8 runners do not opt-in legacy social reads by default","details":""}}
{"at":"2026-05-13T15:46:33+00:00","event":"assertion","data":{"status":"pass","name":"TEST 9 mutation guard blocks forbidden PromptBuilder -> SQLite write","details":""}}
{"at":"2026-05-13T15:46:33+00:00","event":"assertion","data":{"status":"pass","name":"CHAOS comparison asymmetric A\/chaos does not crash","details":""}}
{"at":"2026-05-13T15:46:33+00:00","event":"assertion","data":{"status":"pass","name":"CHAOS Decision Room trace complete and registry declared","details":""}}
{"at":"2026-05-13T15:46:33+00:00","event":"assertion","data":{"status":"pass","name":"CHAOS CognitiveBudgetEngine prunes huge context traceably","details":""}}
{"at":"2026-05-13T15:46:33+00:00","event":"assertion","data":{"status":"pass","name":"CHAOS user prompt remains bounded after pruning","details":""}}
{"at":"2026-05-13T15:46:33+00:00","event":"assertion","data":{"status":"pass","name":"CHAOS Decision Room prompt does not leak context A marker","details":""}}
{"at":"2026-05-13T15:46:33+00:00","event":"assertion","data":{"status":"pass","name":"setup creates contexts A and B","details":"QA_RT_20260513_154633_766042f1"}}
{"at":"2026-05-13T15:46:33+00:00","event":"assertion","data":{"status":"pass","name":"TEST 1 setup created beliefs in A\/B","details":""}}
{"at":"2026-05-13T15:46:33+00:00","event":"assertion","data":{"status":"pass","name":"TEST 1 no B marker visible in context A bundle","details":""}}
{"at":"2026-05-13T15:46:33+00:00","event":"assertion","data":{"status":"pass","name":"TEST 1 no A marker visible in context B bundle","details":""}}
{"at":"2026-05-13T15:46:33+00:00","event":"assertion","data":{"status":"pass","name":"TEST 1 social dynamics scoped rows exist","details":""}}
{"at":"2026-05-13T15:46:33+00:00","event":"assertion","data":{"status":"pass","name":"TEST 1B strict read A returns only scoped A rows","details":""}}
{"at":"2026-05-13T15:46:33+00:00","event":"assertion","data":{"status":"pass","name":"TEST 1B strict read A excludes B and legacy NULL","details":""}}
{"at":"2026-05-13T15:46:33+00:00","event":"assertion","data":{"status":"pass","name":"TEST 1B strict read B returns only scoped B rows","details":""}}
{"at":"2026-05-13T15:46:33+00:00","event":"assertion","data":{"status":"pass","name":"TEST 1B strict read B excludes A and legacy NULL","details":""}}
{"at":"2026-05-13T15:46:33+00:00","event":"assertion","data":{"status":"pass","name":"TEST 1B opt-in legacy read returns A plus legacy only","details":""}}
{"at":"2026-05-13T15:46:33+00:00","event":"assertion","data":{"status":"pass","name":"TEST 1B prompt social block A excludes legacy and context B","details":""}}
{"at":"2026-05-13T15:46:33+00:00","event":"assertion","data":{"status":"pass","name":"TEST 1B prompt social block B excludes legacy and context A","details":""}}
{"at":"2026-05-13T15:46:33+00:00","event":"assertion","data":{"status":"pass","name":"TEST 1B social endpoint marks include_legacy=true on explicit opt-in","details":""}}
{"at":"2026-05-13T15:46:33+00:00","event":"assertion","data":{"status":"pass","name":"TEST 1B social endpoint marks legacy opt-in active","details":""}}
{"at":"2026-05-13T15:46:33+00:00","event":"assertion","data":{"status":"pass","name":"TEST 2 narrative recompute returns context A","details":""}}
{"at":"2026-05-13T15:46:33+00:00","event":"assertion","data":{"status":"pass","name":"TEST 2 narrative recompute does not update belief rows","details":""}}
{"at":"2026-05-13T15:46:33+00:00","event":"assertion","data":{"status":"pass","name":"TEST 2 narrative recompute does not append belief events","details":""}}
{"at":"2026-05-13T15:46:33+00:00","event":"assertion","data":{"status":"pass","name":"TEST 3 memory compiler runs twice","details":""}}
{"at":"2026-05-13T15:46:33+00:00","event":"assertion","data":{"status":"pass","name":"TEST 3 compiler does not mutate memory.md","details":""}}
{"at":"2026-05-13T15:46:33+00:00","event":"assertion","data":{"status":"pass","name":"TEST 3 compiler does not mutate beliefs","details":""}}
{"at":"2026-05-13T15:46:33+00:00","event":"assertion","data":{"status":"pass","name":"TEST 3 compiler does not mutate narrative","details":""}}
{"at":"2026-05-13T15:46:33+00:00","event":"assertion","data":{"status":"pass","name":"TEST 4 creates S1\/S2 snapshots","details":""}}
{"at":"2026-05-13T15:46:33+00:00","event":"assertion","data":{"status":"pass","name":"TEST 4 S1 payload stable after live mutation","details":""}}
{"at":"2026-05-13T15:46:33+00:00","event":"assertion","data":{"status":"pass","name":"TEST 4 snapshot compare returns ok","details":""}}
{"at":"2026-05-13T15:46:33+00:00","event":"assertion","data":{"status":"pass","name":"TEST 4 snapshot compare does not mutate live state","details":""}}
{"at":"2026-05-13T15:46:33+00:00","event":"assertion","data":{"status":"pass","name":"TEST 4 snapshot compare does not rewrite S1","details":""}}
{"at":"2026-05-13T15:46:33+00:00","event":"assertion","data":{"status":"pass","name":"TEST 4 no silent restore method exposed on ContextSnapshotService","details":""}}
{"at":"2026-05-13T15:46:33+00:00","event":"assertion","data":{"status":"pass","name":"TEST 5 context comparison returns ok","details":""}}
{"at":"2026-05-13T15:46:33+00:00","event":"assertion","data":{"status":"pass","name":"TEST 5 comparison declares runtime_meta.read_only","details":""}}
{"at":"2026-05-13T15:46:33+00:00","event":"assertion","data":{"status":"pass","name":"TEST 5 comparison does not change active context","details":""}}
{"at":"2026-05-13T15:46:33+00:00","event":"assertion","data":{"status":"pass","name":"TEST 5 comparison does not mutate context A tables","details":""}}
{"at":"2026-05-13T15:46:33+00:00","event":"assertion","data":{"status":"pass","name":"TEST 5 comparison does not mutate context B tables","details":""}}
{"at":"2026-05-13T15:46:33+00:00","event":"assertion","data":{"status":"pass","name":"TEST 5 comparison does not mutate context A files","details":""}}
{"at":"2026-05-13T15:46:33+00:00","event":"assertion","data":{"status":"pass","name":"TEST 5 comparison does not mutate context B files","details":""}}
{"at":"2026-05-13T15:46:33+00:00","event":"assertion","data":{"status":"pass","name":"TEST 6 PromptBuilder buildDecisionRoomMessages completes","details":""}}
{"at":"2026-05-13T15:46:33+00:00","event":"assertion","data":{"status":"pass","name":"TEST 6 PromptBuilder does not write SQLite","details":"app_logs delta=0"}}
{"at":"2026-05-13T15:46:33+00:00","event":"assertion","data":{"status":"pass","name":"TEST 6 PromptBuilder does not write filesystem","details":"memory existed before=no, after=no"}}
{"at":"2026-05-13T15:46:33+00:00","event":"assertion","data":{"status":"pass","name":"TEST 6 PromptBuilder with missing memory does not create memory.md","details":""}}
{"at":"2026-05-13T15:46:33+00:00","event":"assertion","data":{"status":"pass","name":"TEST 6 prompt trace and cognitive budget present","details":""}}
{"at":"2026-05-13T15:46:33+00:00","event":"assertion","data":{"status":"pass","name":"TEST 6 all prompt trace steps map to registry definitions","details":""}}
{"at":"2026-05-13T15:46:33+00:00","event":"assertion","data":{"status":"pass","name":"TEST 6 prompt message shape is stable","details":""}}
{"at":"2026-05-13T15:46:33+00:00","event":"assertion","data":{"status":"pass","name":"TEST 6 setup writes existing memory file","details":""}}
{"at":"2026-05-13T15:46:33+00:00","event":"assertion","data":{"status":"pass","name":"TEST 6 PromptBuilder build with existing memory completes","details":""}}
{"at":"2026-05-13T15:46:33+00:00","event":"assertion","data":{"status":"pass","name":"TEST 6 PromptBuilder with existing memory does not modify memory.md","details":""}}
{"at":"2026-05-13T15:46:33+00:00","event":"assertion","data":{"status":"pass","name":"TEST 6 PromptBuilder reads existing memory without content mutation","details":""}}
{"at":"2026-05-13T15:46:33+00:00","event":"assertion","data":{"status":"pass","name":"TEST 6 PromptBuilder does not reference Logger::logPromptBuild","details":""}}
{"at":"2026-05-13T15:46:33+00:00","event":"assertion","data":{"status":"pass","name":"TEST 6 PromptBuilder does not reference ensureFile","details":""}}
{"at":"2026-05-13T15:46:33+00:00","event":"assertion","data":{"status":"pass","name":"TEST 6 social repository defaults never enable legacy NULL rows","details":""}}
{"at":"2026-05-13T15:46:33+00:00","event":"assertion","data":{"status":"pass","name":"TEST 6 SocialPromptContextBuilder avoids global summary call when context can be provided","details":""}}
{"at":"2026-05-13T15:46:33+00:00","event":"assertion","data":{"status":"pass","name":"TEST 7 situated chat returns ok","details":""}}
{"at":"2026-05-13T15:46:33+00:00","event":"assertion","data":{"status":"pass","name":"TEST 7 situated chat returns cognitive_runtime","details":""}}
{"at":"2026-05-13T15:46:33+00:00","event":"assertion","data":{"status":"pass","name":"TEST 7 situated chat returns prompt_injection_trace","details":""}}
{"at":"2026-05-13T15:46:33+00:00","event":"assertion","data":{"status":"pass","name":"TEST 7 situated chat trace steps map to registry definitions","details":""}}
{"at":"2026-05-13T15:46:33+00:00","event":"assertion","data":{"status":"pass","name":"TEST 7 situated chat does not leak context A marker into B prompt","details":""}}
{"at":"2026-05-13T15:46:33+00:00","event":"assertion","data":{"status":"pass","name":"TEST 7 situated chat uses B scoped sources","details":""}}
{"at":"2026-05-13T15:46:33+00:00","event":"assertion","data":{"status":"pass","name":"TEST 8 static PromptBuilder has no persistence calls","details":""}}
{"at":"2026-05-13T15:46:33+00:00","event":"assertion","data":{"status":"pass","name":"TEST 8 static PromptBuilder has no filesystem writes","details":""}}
{"at":"2026-05-13T15:46:33+00:00","event":"assertion","data":{"status":"pass","name":"TEST 8 static PromptBuilder has no repository writes","details":""}}
{"at":"2026-05-13T15:46:33+00:00","event":"assertion","data":{"status":"pass","name":"TEST 8 forbidden call graph src\/Domain\/StrategicContext\/StrategicNarrativeService.php","details":""}}
{"at":"2026-05-13T15:46:33+00:00","event":"assertion","data":{"status":"pass","name":"TEST 8 forbidden call graph src\/Domain\/StrategicContext\/MemoryCompilerService.php","details":""}}
{"at":"2026-05-13T15:46:33+00:00","event":"assertion","data":{"status":"pass","name":"TEST 8 forbidden call graph src\/Domain\/StrategicContext\/ContextSnapshotService.php","details":""}}
{"at":"2026-05-13T15:46:33+00:00","event":"assertion","data":{"status":"pass","name":"TEST 8 forbidden call graph src\/Domain\/SocialDynamics\/SocialPromptContextBuilder.php","details":""}}
{"at":"2026-05-13T15:46:33+00:00","event":"assertion","data":{"status":"pass","name":"TEST 8 static includeLegacyNullRows=true not used as default","details":""}}
{"at":"2026-05-13T15:46:33+00:00","event":"assertion","data":{"status":"pass","name":"TEST 8 SocialPromptContextBuilder passes explicit strict-context arguments to summarizeForPrompt","details":""}}
{"at":"2026-05-13T15:46:33+00:00","event":"assertion","data":{"status":"pass","name":"TEST 8 runners do not opt-in legacy social reads by default","details":""}}
{"at":"2026-05-13T15:46:33+00:00","event":"assertion","data":{"status":"pass","name":"TEST 9 mutation guard blocks forbidden PromptBuilder -> SQLite write","details":""}}
{"at":"2026-05-13T15:46:34+00:00","event":"assertion","data":{"status":"pass","name":"CHAOS comparison asymmetric A\/chaos does not crash","details":""}}
{"at":"2026-05-13T15:46:34+00:00","event":"assertion","data":{"status":"pass","name":"CHAOS Decision Room trace complete and registry declared","details":""}}
{"at":"2026-05-13T15:46:34+00:00","event":"assertion","data":{"status":"pass","name":"CHAOS CognitiveBudgetEngine prunes huge context traceably","details":""}}
{"at":"2026-05-13T15:46:34+00:00","event":"assertion","data":{"status":"pass","name":"CHAOS user prompt remains bounded after pruning","details":""}}
{"at":"2026-05-13T15:46:34+00:00","event":"assertion","data":{"status":"pass","name":"CHAOS Decision Room prompt does not leak context A marker","details":""}}
{"at":"2026-05-13T16:07:33+00:00","event":"assertion","data":{"status":"pass","name":"setup creates contexts A and B","details":"QA_RT_20260513_160733_e462eba0"}}
{"at":"2026-05-13T16:07:33+00:00","event":"assertion","data":{"status":"pass","name":"TEST 1 setup created beliefs in A\/B","details":""}}
{"at":"2026-05-13T16:07:33+00:00","event":"assertion","data":{"status":"pass","name":"TEST 1 no B marker visible in context A bundle","details":""}}
{"at":"2026-05-13T16:07:33+00:00","event":"assertion","data":{"status":"pass","name":"TEST 1 no A marker visible in context B bundle","details":""}}
{"at":"2026-05-13T16:07:33+00:00","event":"assertion","data":{"status":"pass","name":"TEST 1 social dynamics scoped rows exist","details":""}}
{"at":"2026-05-13T16:07:33+00:00","event":"assertion","data":{"status":"pass","name":"TEST 1B strict read A returns only scoped A rows","details":""}}
{"at":"2026-05-13T16:07:33+00:00","event":"assertion","data":{"status":"pass","name":"TEST 1B strict read A excludes B and legacy NULL","details":""}}
{"at":"2026-05-13T16:07:33+00:00","event":"assertion","data":{"status":"pass","name":"TEST 1B strict read B returns only scoped B rows","details":""}}
{"at":"2026-05-13T16:07:33+00:00","event":"assertion","data":{"status":"pass","name":"TEST 1B strict read B excludes A and legacy NULL","details":""}}
{"at":"2026-05-13T16:07:33+00:00","event":"assertion","data":{"status":"pass","name":"TEST 1B opt-in legacy read returns A plus legacy only","details":""}}
{"at":"2026-05-13T16:07:33+00:00","event":"assertion","data":{"status":"pass","name":"TEST 1B prompt social block A excludes legacy and context B","details":""}}
{"at":"2026-05-13T16:07:33+00:00","event":"assertion","data":{"status":"pass","name":"TEST 1B prompt social block B excludes legacy and context A","details":""}}
{"at":"2026-05-13T16:07:33+00:00","event":"assertion","data":{"status":"pass","name":"TEST 1B social endpoint marks include_legacy=true on explicit opt-in","details":""}}
{"at":"2026-05-13T16:07:33+00:00","event":"assertion","data":{"status":"pass","name":"TEST 1B social endpoint marks legacy opt-in active","details":""}}
{"at":"2026-05-13T16:07:33+00:00","event":"assertion","data":{"status":"pass","name":"TEST 2 narrative recompute returns context A","details":""}}
{"at":"2026-05-13T16:07:33+00:00","event":"assertion","data":{"status":"pass","name":"TEST 2 narrative recompute does not update belief rows","details":""}}
{"at":"2026-05-13T16:07:33+00:00","event":"assertion","data":{"status":"pass","name":"TEST 2 narrative recompute does not append belief events","details":""}}
{"at":"2026-05-13T16:07:33+00:00","event":"assertion","data":{"status":"pass","name":"TEST 3 memory compiler runs twice","details":""}}
{"at":"2026-05-13T16:07:33+00:00","event":"assertion","data":{"status":"pass","name":"TEST 3 compiler does not mutate memory.md","details":""}}
{"at":"2026-05-13T16:07:33+00:00","event":"assertion","data":{"status":"pass","name":"TEST 3 compiler does not mutate beliefs","details":""}}
{"at":"2026-05-13T16:07:33+00:00","event":"assertion","data":{"status":"pass","name":"TEST 3 compiler does not mutate narrative","details":""}}
{"at":"2026-05-13T16:07:33+00:00","event":"assertion","data":{"status":"pass","name":"TEST 4 creates S1\/S2 snapshots","details":""}}
{"at":"2026-05-13T16:07:33+00:00","event":"assertion","data":{"status":"pass","name":"TEST 4 S1 payload stable after live mutation","details":""}}
{"at":"2026-05-13T16:07:33+00:00","event":"assertion","data":{"status":"pass","name":"TEST 4 snapshot compare returns ok","details":""}}
{"at":"2026-05-13T16:07:33+00:00","event":"assertion","data":{"status":"pass","name":"TEST 4 snapshot compare does not mutate live state","details":""}}
{"at":"2026-05-13T16:07:33+00:00","event":"assertion","data":{"status":"pass","name":"TEST 4 snapshot compare does not rewrite S1","details":""}}
{"at":"2026-05-13T16:07:33+00:00","event":"assertion","data":{"status":"pass","name":"TEST 4 no silent restore method exposed on ContextSnapshotService","details":""}}
{"at":"2026-05-13T16:07:33+00:00","event":"assertion","data":{"status":"pass","name":"TEST 5 context comparison returns ok","details":""}}
{"at":"2026-05-13T16:07:33+00:00","event":"assertion","data":{"status":"pass","name":"TEST 5 comparison declares runtime_meta.read_only","details":""}}
{"at":"2026-05-13T16:07:33+00:00","event":"assertion","data":{"status":"pass","name":"TEST 5 comparison does not change active context","details":""}}
{"at":"2026-05-13T16:07:33+00:00","event":"assertion","data":{"status":"pass","name":"TEST 5 comparison does not mutate context A tables","details":""}}
{"at":"2026-05-13T16:07:33+00:00","event":"assertion","data":{"status":"pass","name":"TEST 5 comparison does not mutate context B tables","details":""}}
{"at":"2026-05-13T16:07:33+00:00","event":"assertion","data":{"status":"pass","name":"TEST 5 comparison does not mutate context A files","details":""}}
{"at":"2026-05-13T16:07:33+00:00","event":"assertion","data":{"status":"pass","name":"TEST 5 comparison does not mutate context B files","details":""}}
{"at":"2026-05-13T16:07:33+00:00","event":"assertion","data":{"status":"pass","name":"TEST 6 PromptBuilder buildDecisionRoomMessages completes","details":""}}
{"at":"2026-05-13T16:07:33+00:00","event":"assertion","data":{"status":"pass","name":"TEST 6 PromptBuilder does not write SQLite","details":"app_logs delta=0"}}
{"at":"2026-05-13T16:07:33+00:00","event":"assertion","data":{"status":"pass","name":"TEST 6 PromptBuilder does not write filesystem","details":"memory existed before=no, after=no"}}
{"at":"2026-05-13T16:07:33+00:00","event":"assertion","data":{"status":"pass","name":"TEST 6 PromptBuilder with missing memory does not create memory.md","details":""}}
{"at":"2026-05-13T16:07:33+00:00","event":"assertion","data":{"status":"pass","name":"TEST 6 prompt trace and cognitive budget present","details":""}}
{"at":"2026-05-13T16:07:33+00:00","event":"assertion","data":{"status":"pass","name":"TEST 6 all prompt trace steps map to registry definitions","details":""}}
{"at":"2026-05-13T16:07:33+00:00","event":"assertion","data":{"status":"pass","name":"TEST 6 prompt message shape is stable","details":""}}
{"at":"2026-05-13T16:07:33+00:00","event":"assertion","data":{"status":"pass","name":"TEST 6 setup writes existing memory file","details":""}}
{"at":"2026-05-13T16:07:33+00:00","event":"assertion","data":{"status":"pass","name":"TEST 6 PromptBuilder build with existing memory completes","details":""}}
{"at":"2026-05-13T16:07:33+00:00","event":"assertion","data":{"status":"pass","name":"TEST 6 PromptBuilder with existing memory does not modify memory.md","details":""}}
{"at":"2026-05-13T16:07:33+00:00","event":"assertion","data":{"status":"pass","name":"TEST 6 PromptBuilder reads existing memory without content mutation","details":""}}
{"at":"2026-05-13T16:07:33+00:00","event":"assertion","data":{"status":"pass","name":"TEST 6 PromptBuilder does not reference Logger::logPromptBuild","details":""}}
{"at":"2026-05-13T16:07:33+00:00","event":"assertion","data":{"status":"pass","name":"TEST 6 PromptBuilder does not reference ensureFile","details":""}}
{"at":"2026-05-13T16:07:33+00:00","event":"assertion","data":{"status":"pass","name":"TEST 6 social repository defaults never enable legacy NULL rows","details":""}}
{"at":"2026-05-13T16:07:33+00:00","event":"assertion","data":{"status":"pass","name":"TEST 6 SocialPromptContextBuilder avoids global summary call when context can be provided","details":""}}
{"at":"2026-05-13T16:07:33+00:00","event":"assertion","data":{"status":"pass","name":"TEST 7 situated chat returns ok","details":""}}
{"at":"2026-05-13T16:07:33+00:00","event":"assertion","data":{"status":"pass","name":"TEST 7 situated chat returns cognitive_runtime","details":""}}
{"at":"2026-05-13T16:07:33+00:00","event":"assertion","data":{"status":"pass","name":"TEST 7 situated chat returns prompt_injection_trace","details":""}}
{"at":"2026-05-13T16:07:33+00:00","event":"assertion","data":{"status":"pass","name":"TEST 7 situated chat trace steps map to registry definitions","details":""}}
{"at":"2026-05-13T16:07:33+00:00","event":"assertion","data":{"status":"pass","name":"TEST 7 situated chat does not leak context A marker into B prompt","details":""}}
{"at":"2026-05-13T16:07:33+00:00","event":"assertion","data":{"status":"pass","name":"TEST 7 situated chat uses B scoped sources","details":""}}
{"at":"2026-05-13T16:07:33+00:00","event":"assertion","data":{"status":"pass","name":"TEST 8 static PromptBuilder has no persistence calls","details":""}}
{"at":"2026-05-13T16:07:33+00:00","event":"assertion","data":{"status":"pass","name":"TEST 8 static PromptBuilder has no filesystem writes","details":""}}
{"at":"2026-05-13T16:07:33+00:00","event":"assertion","data":{"status":"pass","name":"TEST 8 static PromptBuilder has no repository writes","details":""}}
{"at":"2026-05-13T16:07:33+00:00","event":"assertion","data":{"status":"pass","name":"TEST 8 forbidden call graph src\/Domain\/StrategicContext\/StrategicNarrativeService.php","details":""}}
{"at":"2026-05-13T16:07:33+00:00","event":"assertion","data":{"status":"pass","name":"TEST 8 forbidden call graph src\/Domain\/StrategicContext\/MemoryCompilerService.php","details":""}}
{"at":"2026-05-13T16:07:33+00:00","event":"assertion","data":{"status":"pass","name":"TEST 8 forbidden call graph src\/Domain\/StrategicContext\/ContextSnapshotService.php","details":""}}
{"at":"2026-05-13T16:07:33+00:00","event":"assertion","data":{"status":"pass","name":"TEST 8 forbidden call graph src\/Domain\/SocialDynamics\/SocialPromptContextBuilder.php","details":""}}
{"at":"2026-05-13T16:07:33+00:00","event":"assertion","data":{"status":"pass","name":"TEST 8 static includeLegacyNullRows=true not used as default","details":""}}
{"at":"2026-05-13T16:07:33+00:00","event":"assertion","data":{"status":"pass","name":"TEST 8 SocialPromptContextBuilder passes explicit strict-context arguments to summarizeForPrompt","details":""}}
{"at":"2026-05-13T16:07:33+00:00","event":"assertion","data":{"status":"pass","name":"TEST 8 runners do not opt-in legacy social reads by default","details":""}}
{"at":"2026-05-13T16:07:33+00:00","event":"assertion","data":{"status":"pass","name":"TEST 9 mutation guard blocks forbidden PromptBuilder -> SQLite write","details":""}}
{"at":"2026-05-13T16:07:33+00:00","event":"assertion","data":{"status":"pass","name":"CHAOS comparison asymmetric A\/chaos does not crash","details":""}}
{"at":"2026-05-13T16:07:33+00:00","event":"assertion","data":{"status":"pass","name":"CHAOS Decision Room trace complete and registry declared","details":""}}
{"at":"2026-05-13T16:07:33+00:00","event":"assertion","data":{"status":"pass","name":"CHAOS CognitiveBudgetEngine prunes huge context traceably","details":""}}
{"at":"2026-05-13T16:07:33+00:00","event":"assertion","data":{"status":"pass","name":"CHAOS user prompt remains bounded after pruning","details":""}}
{"at":"2026-05-13T16:07:33+00:00","event":"assertion","data":{"status":"pass","name":"CHAOS Decision Room prompt does not leak context A marker","details":""}}
{"at":"2026-05-13T20:02:04+00:00","event":"assertion","data":{"status":"pass","name":"setup creates contexts A and B","details":"QA_RT_20260513_200204_185976bf"}}
{"at":"2026-05-13T20:02:04+00:00","event":"assertion","data":{"status":"pass","name":"TEST 1 setup created beliefs in A\/B","details":""}}
{"at":"2026-05-13T20:02:04+00:00","event":"assertion","data":{"status":"pass","name":"TEST 1 no B marker visible in context A bundle","details":""}}
{"at":"2026-05-13T20:02:04+00:00","event":"assertion","data":{"status":"pass","name":"TEST 1 no A marker visible in context B bundle","details":""}}
{"at":"2026-05-13T20:02:04+00:00","event":"assertion","data":{"status":"pass","name":"TEST 1 social dynamics scoped rows exist","details":""}}
{"at":"2026-05-13T20:02:04+00:00","event":"assertion","data":{"status":"pass","name":"TEST 1B strict read A returns only scoped A rows","details":""}}
{"at":"2026-05-13T20:02:04+00:00","event":"assertion","data":{"status":"pass","name":"TEST 1B strict read A excludes B and legacy NULL","details":""}}
{"at":"2026-05-13T20:02:04+00:00","event":"assertion","data":{"status":"pass","name":"TEST 1B strict read B returns only scoped B rows","details":""}}
{"at":"2026-05-13T20:02:04+00:00","event":"assertion","data":{"status":"pass","name":"TEST 1B strict read B excludes A and legacy NULL","details":""}}
{"at":"2026-05-13T20:02:04+00:00","event":"assertion","data":{"status":"pass","name":"TEST 1B opt-in legacy read returns A plus legacy only","details":""}}
{"at":"2026-05-13T20:02:04+00:00","event":"assertion","data":{"status":"pass","name":"TEST 1B prompt social block A excludes legacy and context B","details":""}}
{"at":"2026-05-13T20:02:04+00:00","event":"assertion","data":{"status":"pass","name":"TEST 1B prompt social block B excludes legacy and context A","details":""}}
{"at":"2026-05-13T20:02:04+00:00","event":"assertion","data":{"status":"pass","name":"TEST 1B social endpoint marks include_legacy=true on explicit opt-in","details":""}}
{"at":"2026-05-13T20:02:04+00:00","event":"assertion","data":{"status":"pass","name":"TEST 1B social endpoint marks legacy opt-in active","details":""}}
{"at":"2026-05-13T20:02:04+00:00","event":"assertion","data":{"status":"pass","name":"TEST 2 narrative recompute returns context A","details":""}}
{"at":"2026-05-13T20:02:04+00:00","event":"assertion","data":{"status":"pass","name":"TEST 2 narrative recompute does not update belief rows","details":""}}
{"at":"2026-05-13T20:02:04+00:00","event":"assertion","data":{"status":"pass","name":"TEST 2 narrative recompute does not append belief events","details":""}}
{"at":"2026-05-13T20:02:04+00:00","event":"assertion","data":{"status":"pass","name":"TEST 3 memory compiler runs twice","details":""}}
{"at":"2026-05-13T20:02:04+00:00","event":"assertion","data":{"status":"pass","name":"TEST 3 compiler does not mutate memory.md","details":""}}
{"at":"2026-05-13T20:02:04+00:00","event":"assertion","data":{"status":"pass","name":"TEST 3 compiler does not mutate beliefs","details":""}}
{"at":"2026-05-13T20:02:04+00:00","event":"assertion","data":{"status":"pass","name":"TEST 3 compiler does not mutate narrative","details":""}}
{"at":"2026-05-13T20:02:04+00:00","event":"assertion","data":{"status":"pass","name":"TEST 4 creates S1\/S2 snapshots","details":""}}
{"at":"2026-05-13T20:02:04+00:00","event":"assertion","data":{"status":"pass","name":"TEST 4 S1 payload stable after live mutation","details":""}}
{"at":"2026-05-13T20:02:04+00:00","event":"assertion","data":{"status":"pass","name":"TEST 4 snapshot compare returns ok","details":""}}
{"at":"2026-05-13T20:02:04+00:00","event":"assertion","data":{"status":"pass","name":"TEST 4 snapshot compare does not mutate live state","details":""}}
{"at":"2026-05-13T20:02:04+00:00","event":"assertion","data":{"status":"pass","name":"TEST 4 snapshot compare does not rewrite S1","details":""}}
{"at":"2026-05-13T20:02:04+00:00","event":"assertion","data":{"status":"pass","name":"TEST 4 no silent restore method exposed on ContextSnapshotService","details":""}}
{"at":"2026-05-13T20:02:04+00:00","event":"assertion","data":{"status":"pass","name":"TEST 5 context comparison returns ok","details":""}}
{"at":"2026-05-13T20:02:04+00:00","event":"assertion","data":{"status":"pass","name":"TEST 5 comparison declares runtime_meta.read_only","details":""}}
{"at":"2026-05-13T20:02:04+00:00","event":"assertion","data":{"status":"pass","name":"TEST 5 comparison does not change active context","details":""}}
{"at":"2026-05-13T20:02:04+00:00","event":"assertion","data":{"status":"pass","name":"TEST 5 comparison does not mutate context A tables","details":""}}
{"at":"2026-05-13T20:02:04+00:00","event":"assertion","data":{"status":"pass","name":"TEST 5 comparison does not mutate context B tables","details":""}}
{"at":"2026-05-13T20:02:04+00:00","event":"assertion","data":{"status":"pass","name":"TEST 5 comparison does not mutate context A files","details":""}}
{"at":"2026-05-13T20:02:04+00:00","event":"assertion","data":{"status":"pass","name":"TEST 5 comparison does not mutate context B files","details":""}}
{"at":"2026-05-13T20:02:04+00:00","event":"assertion","data":{"status":"pass","name":"TEST 6 PromptBuilder buildDecisionRoomMessages completes","details":""}}
{"at":"2026-05-13T20:02:04+00:00","event":"assertion","data":{"status":"pass","name":"TEST 6 PromptBuilder does not write SQLite","details":"app_logs delta=0"}}
{"at":"2026-05-13T20:02:04+00:00","event":"assertion","data":{"status":"pass","name":"TEST 6 PromptBuilder does not write filesystem","details":"memory existed before=no, after=no"}}
{"at":"2026-05-13T20:02:04+00:00","event":"assertion","data":{"status":"pass","name":"TEST 6 PromptBuilder with missing memory does not create memory.md","details":""}}
{"at":"2026-05-13T20:02:04+00:00","event":"assertion","data":{"status":"pass","name":"TEST 6 prompt trace and cognitive budget present","details":""}}
{"at":"2026-05-13T20:02:04+00:00","event":"assertion","data":{"status":"pass","name":"TEST 6 all prompt trace steps map to registry definitions","details":""}}
{"at":"2026-05-13T20:02:04+00:00","event":"assertion","data":{"status":"pass","name":"TEST 6 prompt message shape is stable","details":""}}
{"at":"2026-05-13T20:02:04+00:00","event":"assertion","data":{"status":"pass","name":"TEST 6 setup writes existing memory file","details":""}}
{"at":"2026-05-13T20:02:04+00:00","event":"assertion","data":{"status":"pass","name":"TEST 6 PromptBuilder build with existing memory completes","details":""}}
{"at":"2026-05-13T20:02:04+00:00","event":"assertion","data":{"status":"pass","name":"TEST 6 PromptBuilder with existing memory does not modify memory.md","details":""}}
{"at":"2026-05-13T20:02:04+00:00","event":"assertion","data":{"status":"pass","name":"TEST 6 PromptBuilder reads existing memory without content mutation","details":""}}
{"at":"2026-05-13T20:02:04+00:00","event":"assertion","data":{"status":"pass","name":"TEST 6 PromptBuilder does not reference Logger::logPromptBuild","details":""}}
{"at":"2026-05-13T20:02:04+00:00","event":"assertion","data":{"status":"pass","name":"TEST 6 PromptBuilder does not reference ensureFile","details":""}}
{"at":"2026-05-13T20:02:04+00:00","event":"assertion","data":{"status":"pass","name":"TEST 6 social repository defaults never enable legacy NULL rows","details":""}}
{"at":"2026-05-13T20:02:04+00:00","event":"assertion","data":{"status":"pass","name":"TEST 6 SocialPromptContextBuilder avoids global summary call when context can be provided","details":""}}
{"at":"2026-05-13T20:02:04+00:00","event":"assertion","data":{"status":"pass","name":"TEST 7 situated chat returns ok","details":""}}
{"at":"2026-05-13T20:02:04+00:00","event":"assertion","data":{"status":"pass","name":"TEST 7 situated chat returns cognitive_runtime","details":""}}
{"at":"2026-05-13T20:02:04+00:00","event":"assertion","data":{"status":"pass","name":"TEST 7 situated chat returns prompt_injection_trace","details":""}}
{"at":"2026-05-13T20:02:04+00:00","event":"assertion","data":{"status":"pass","name":"TEST 7 situated chat trace steps map to registry definitions","details":""}}
{"at":"2026-05-13T20:02:04+00:00","event":"assertion","data":{"status":"pass","name":"TEST 7 situated chat does not leak context A marker into B prompt","details":""}}
{"at":"2026-05-13T20:02:04+00:00","event":"assertion","data":{"status":"pass","name":"TEST 7 situated chat uses B scoped sources","details":""}}
{"at":"2026-05-13T20:02:04+00:00","event":"assertion","data":{"status":"pass","name":"TEST 8 static PromptBuilder has no persistence calls","details":""}}
{"at":"2026-05-13T20:02:04+00:00","event":"assertion","data":{"status":"pass","name":"TEST 8 static PromptBuilder has no filesystem writes","details":""}}
{"at":"2026-05-13T20:02:04+00:00","event":"assertion","data":{"status":"pass","name":"TEST 8 static PromptBuilder has no repository writes","details":""}}
{"at":"2026-05-13T20:02:04+00:00","event":"assertion","data":{"status":"pass","name":"TEST 8 forbidden call graph src\/Domain\/StrategicContext\/StrategicNarrativeService.php","details":""}}
{"at":"2026-05-13T20:02:04+00:00","event":"assertion","data":{"status":"pass","name":"TEST 8 forbidden call graph src\/Domain\/StrategicContext\/MemoryCompilerService.php","details":""}}
{"at":"2026-05-13T20:02:04+00:00","event":"assertion","data":{"status":"pass","name":"TEST 8 forbidden call graph src\/Domain\/StrategicContext\/ContextSnapshotService.php","details":""}}
{"at":"2026-05-13T20:02:04+00:00","event":"assertion","data":{"status":"pass","name":"TEST 8 forbidden call graph src\/Domain\/SocialDynamics\/SocialPromptContextBuilder.php","details":""}}
{"at":"2026-05-13T20:02:04+00:00","event":"assertion","data":{"status":"pass","name":"TEST 8 static includeLegacyNullRows=true not used as default","details":""}}
{"at":"2026-05-13T20:02:04+00:00","event":"assertion","data":{"status":"pass","name":"TEST 8 SocialPromptContextBuilder passes explicit strict-context arguments to summarizeForPrompt","details":""}}
{"at":"2026-05-13T20:02:04+00:00","event":"assertion","data":{"status":"pass","name":"TEST 8 runners do not opt-in legacy social reads by default","details":""}}
{"at":"2026-05-13T20:02:04+00:00","event":"assertion","data":{"status":"pass","name":"TEST 9 mutation guard blocks forbidden PromptBuilder -> SQLite write","details":""}}
{"at":"2026-05-13T20:02:05+00:00","event":"assertion","data":{"status":"pass","name":"CHAOS comparison asymmetric A\/chaos does not crash","details":""}}
{"at":"2026-05-13T20:02:05+00:00","event":"assertion","data":{"status":"pass","name":"CHAOS Decision Room trace complete and registry declared","details":""}}
{"at":"2026-05-13T20:02:05+00:00","event":"assertion","data":{"status":"pass","name":"CHAOS CognitiveBudgetEngine prunes huge context traceably","details":""}}
{"at":"2026-05-13T20:02:05+00:00","event":"assertion","data":{"status":"pass","name":"CHAOS user prompt remains bounded after pruning","details":""}}
{"at":"2026-05-13T20:02:05+00:00","event":"assertion","data":{"status":"pass","name":"CHAOS Decision Room prompt does not leak context A marker","details":""}}
{"at":"2026-05-14T13:05:51+00:00","event":"assertion","data":{"status":"pass","name":"setup creates contexts A and B","details":"QA_RT_20260514_130551_f7bf14bb"}}
{"at":"2026-05-14T13:05:51+00:00","event":"assertion","data":{"status":"pass","name":"TEST 1 setup created beliefs in A\/B","details":""}}
{"at":"2026-05-14T13:05:51+00:00","event":"assertion","data":{"status":"pass","name":"TEST 1 no B marker visible in context A bundle","details":""}}
{"at":"2026-05-14T13:05:51+00:00","event":"assertion","data":{"status":"pass","name":"TEST 1 no A marker visible in context B bundle","details":""}}
{"at":"2026-05-14T13:05:51+00:00","event":"assertion","data":{"status":"pass","name":"TEST 1 social dynamics scoped rows exist","details":""}}
{"at":"2026-05-14T13:05:51+00:00","event":"assertion","data":{"status":"pass","name":"TEST 1B strict read A returns only scoped A rows","details":""}}
{"at":"2026-05-14T13:05:51+00:00","event":"assertion","data":{"status":"pass","name":"TEST 1B strict read A excludes B and legacy NULL","details":""}}
{"at":"2026-05-14T13:05:51+00:00","event":"assertion","data":{"status":"pass","name":"TEST 1B strict read B returns only scoped B rows","details":""}}
{"at":"2026-05-14T13:05:51+00:00","event":"assertion","data":{"status":"pass","name":"TEST 1B strict read B excludes A and legacy NULL","details":""}}
{"at":"2026-05-14T13:05:51+00:00","event":"assertion","data":{"status":"pass","name":"TEST 1B opt-in legacy read returns A plus legacy only","details":""}}
{"at":"2026-05-14T13:05:51+00:00","event":"assertion","data":{"status":"pass","name":"TEST 1B prompt social block A excludes legacy and context B","details":""}}
{"at":"2026-05-14T13:05:51+00:00","event":"assertion","data":{"status":"pass","name":"TEST 1B prompt social block B excludes legacy and context A","details":""}}
{"at":"2026-05-14T13:05:51+00:00","event":"assertion","data":{"status":"pass","name":"TEST 1B social endpoint marks include_legacy=true on explicit opt-in","details":""}}
{"at":"2026-05-14T13:05:51+00:00","event":"assertion","data":{"status":"pass","name":"TEST 1B social endpoint marks legacy opt-in active","details":""}}
{"at":"2026-05-14T13:05:51+00:00","event":"assertion","data":{"status":"pass","name":"TEST 2 narrative recompute returns context A","details":""}}
{"at":"2026-05-14T13:05:51+00:00","event":"assertion","data":{"status":"pass","name":"TEST 2 narrative recompute does not update belief rows","details":""}}
{"at":"2026-05-14T13:05:51+00:00","event":"assertion","data":{"status":"pass","name":"TEST 2 narrative recompute does not append belief events","details":""}}
{"at":"2026-05-14T13:05:51+00:00","event":"assertion","data":{"status":"pass","name":"TEST 3 memory compiler runs twice","details":""}}
{"at":"2026-05-14T13:05:51+00:00","event":"assertion","data":{"status":"pass","name":"TEST 3 compiler does not mutate memory.md","details":""}}
{"at":"2026-05-14T13:05:51+00:00","event":"assertion","data":{"status":"pass","name":"TEST 3 compiler does not mutate beliefs","details":""}}
{"at":"2026-05-14T13:05:51+00:00","event":"assertion","data":{"status":"pass","name":"TEST 3 compiler does not mutate narrative","details":""}}
{"at":"2026-05-14T13:05:51+00:00","event":"assertion","data":{"status":"pass","name":"TEST 4 creates S1\/S2 snapshots","details":""}}
{"at":"2026-05-14T13:05:51+00:00","event":"assertion","data":{"status":"pass","name":"TEST 4 S1 payload stable after live mutation","details":""}}
{"at":"2026-05-14T13:05:51+00:00","event":"assertion","data":{"status":"pass","name":"TEST 4 snapshot compare returns ok","details":""}}
{"at":"2026-05-14T13:05:51+00:00","event":"assertion","data":{"status":"pass","name":"TEST 4 snapshot compare does not mutate live state","details":""}}
{"at":"2026-05-14T13:05:51+00:00","event":"assertion","data":{"status":"pass","name":"TEST 4 snapshot compare does not rewrite S1","details":""}}
{"at":"2026-05-14T13:05:51+00:00","event":"assertion","data":{"status":"pass","name":"TEST 4 no silent restore method exposed on ContextSnapshotService","details":""}}
{"at":"2026-05-14T13:05:51+00:00","event":"assertion","data":{"status":"pass","name":"TEST 5 context comparison returns ok","details":""}}
{"at":"2026-05-14T13:05:51+00:00","event":"assertion","data":{"status":"pass","name":"TEST 5 comparison declares runtime_meta.read_only","details":""}}
{"at":"2026-05-14T13:05:51+00:00","event":"assertion","data":{"status":"pass","name":"TEST 5 comparison does not change active context","details":""}}
{"at":"2026-05-14T13:05:51+00:00","event":"assertion","data":{"status":"pass","name":"TEST 5 comparison does not mutate context A tables","details":""}}
{"at":"2026-05-14T13:05:51+00:00","event":"assertion","data":{"status":"pass","name":"TEST 5 comparison does not mutate context B tables","details":""}}
{"at":"2026-05-14T13:05:51+00:00","event":"assertion","data":{"status":"pass","name":"TEST 5 comparison does not mutate context A files","details":""}}
{"at":"2026-05-14T13:05:51+00:00","event":"assertion","data":{"status":"pass","name":"TEST 5 comparison does not mutate context B files","details":""}}
{"at":"2026-05-14T13:05:51+00:00","event":"assertion","data":{"status":"pass","name":"TEST 6 PromptBuilder buildDecisionRoomMessages completes","details":""}}
{"at":"2026-05-14T13:05:51+00:00","event":"assertion","data":{"status":"pass","name":"TEST 6 PromptBuilder does not write SQLite","details":"app_logs delta=0"}}
{"at":"2026-05-14T13:05:51+00:00","event":"assertion","data":{"status":"pass","name":"TEST 6 PromptBuilder does not write filesystem","details":"memory existed before=no, after=no"}}
{"at":"2026-05-14T13:05:51+00:00","event":"assertion","data":{"status":"pass","name":"TEST 6 PromptBuilder with missing memory does not create memory.md","details":""}}
{"at":"2026-05-14T13:05:51+00:00","event":"assertion","data":{"status":"pass","name":"TEST 6 prompt trace and cognitive budget present","details":""}}
{"at":"2026-05-14T13:05:51+00:00","event":"assertion","data":{"status":"pass","name":"TEST 6 all prompt trace steps map to registry definitions","details":""}}
{"at":"2026-05-14T13:05:51+00:00","event":"assertion","data":{"status":"pass","name":"TEST 6 prompt message shape is stable","details":""}}
{"at":"2026-05-14T13:05:51+00:00","event":"assertion","data":{"status":"pass","name":"TEST 6 setup writes existing memory file","details":""}}
{"at":"2026-05-14T13:05:51+00:00","event":"assertion","data":{"status":"pass","name":"TEST 6 PromptBuilder build with existing memory completes","details":""}}
{"at":"2026-05-14T13:05:51+00:00","event":"assertion","data":{"status":"pass","name":"TEST 6 PromptBuilder with existing memory does not modify memory.md","details":""}}
{"at":"2026-05-14T13:05:51+00:00","event":"assertion","data":{"status":"pass","name":"TEST 6 PromptBuilder reads existing memory without content mutation","details":""}}
{"at":"2026-05-14T13:05:51+00:00","event":"assertion","data":{"status":"pass","name":"TEST 6 PromptBuilder does not reference Logger::logPromptBuild","details":""}}
{"at":"2026-05-14T13:05:51+00:00","event":"assertion","data":{"status":"pass","name":"TEST 6 PromptBuilder does not reference ensureFile","details":""}}
{"at":"2026-05-14T13:05:51+00:00","event":"assertion","data":{"status":"pass","name":"TEST 6 social repository defaults never enable legacy NULL rows","details":""}}
{"at":"2026-05-14T13:05:51+00:00","event":"assertion","data":{"status":"pass","name":"TEST 6 SocialPromptContextBuilder avoids global summary call when context can be provided","details":""}}
{"at":"2026-05-14T13:05:51+00:00","event":"assertion","data":{"status":"pass","name":"TEST 7 situated chat returns ok","details":""}}
{"at":"2026-05-14T13:05:51+00:00","event":"assertion","data":{"status":"pass","name":"TEST 7 situated chat returns cognitive_runtime","details":""}}
{"at":"2026-05-14T13:05:51+00:00","event":"assertion","data":{"status":"pass","name":"TEST 7 situated chat returns prompt_injection_trace","details":""}}
{"at":"2026-05-14T13:05:51+00:00","event":"assertion","data":{"status":"pass","name":"TEST 7 situated chat trace steps map to registry definitions","details":""}}
{"at":"2026-05-14T13:05:51+00:00","event":"assertion","data":{"status":"pass","name":"TEST 7 situated chat does not leak context A marker into B prompt","details":""}}
{"at":"2026-05-14T13:05:51+00:00","event":"assertion","data":{"status":"pass","name":"TEST 7 situated chat uses B scoped sources","details":""}}
{"at":"2026-05-14T13:05:51+00:00","event":"assertion","data":{"status":"pass","name":"TEST 8 static PromptBuilder has no persistence calls","details":""}}
{"at":"2026-05-14T13:05:51+00:00","event":"assertion","data":{"status":"pass","name":"TEST 8 static PromptBuilder has no filesystem writes","details":""}}
{"at":"2026-05-14T13:05:51+00:00","event":"assertion","data":{"status":"pass","name":"TEST 8 static PromptBuilder has no repository writes","details":""}}
{"at":"2026-05-14T13:05:51+00:00","event":"assertion","data":{"status":"pass","name":"TEST 8 forbidden call graph src\/Domain\/StrategicContext\/StrategicNarrativeService.php","details":""}}
{"at":"2026-05-14T13:05:51+00:00","event":"assertion","data":{"status":"pass","name":"TEST 8 forbidden call graph src\/Domain\/StrategicContext\/MemoryCompilerService.php","details":""}}
{"at":"2026-05-14T13:05:51+00:00","event":"assertion","data":{"status":"pass","name":"TEST 8 forbidden call graph src\/Domain\/StrategicContext\/ContextSnapshotService.php","details":""}}
{"at":"2026-05-14T13:05:51+00:00","event":"assertion","data":{"status":"pass","name":"TEST 8 forbidden call graph src\/Domain\/SocialDynamics\/SocialPromptContextBuilder.php","details":""}}
{"at":"2026-05-14T13:05:51+00:00","event":"assertion","data":{"status":"pass","name":"TEST 8 static includeLegacyNullRows=true not used as default","details":""}}
{"at":"2026-05-14T13:05:51+00:00","event":"assertion","data":{"status":"pass","name":"TEST 8 SocialPromptContextBuilder passes explicit strict-context arguments to summarizeForPrompt","details":""}}
{"at":"2026-05-14T13:05:51+00:00","event":"assertion","data":{"status":"pass","name":"TEST 8 runners do not opt-in legacy social reads by default","details":""}}
{"at":"2026-05-14T13:05:51+00:00","event":"assertion","data":{"status":"pass","name":"TEST 9 mutation guard blocks forbidden PromptBuilder -> SQLite write","details":""}}
{"at":"2026-05-14T13:05:51+00:00","event":"assertion","data":{"status":"pass","name":"CHAOS comparison asymmetric A\/chaos does not crash","details":""}}
{"at":"2026-05-14T13:05:51+00:00","event":"assertion","data":{"status":"pass","name":"CHAOS Decision Room trace complete and registry declared","details":""}}
{"at":"2026-05-14T13:05:51+00:00","event":"assertion","data":{"status":"pass","name":"CHAOS CognitiveBudgetEngine prunes huge context traceably","details":""}}
{"at":"2026-05-14T13:05:51+00:00","event":"assertion","data":{"status":"pass","name":"CHAOS user prompt remains bounded after pruning","details":""}}
{"at":"2026-05-14T13:05:51+00:00","event":"assertion","data":{"status":"pass","name":"CHAOS Decision Room prompt does not leak context A marker","details":""}}
{"at":"2026-05-14T13:26:22+00:00","event":"assertion","data":{"status":"pass","name":"setup creates contexts A and B","details":"QA_RT_20260514_132622_0edc5d1c"}}
{"at":"2026-05-14T13:26:23+00:00","event":"assertion","data":{"status":"pass","name":"TEST 1 setup created beliefs in A\/B","details":""}}
{"at":"2026-05-14T13:26:23+00:00","event":"assertion","data":{"status":"pass","name":"TEST 1 no B marker visible in context A bundle","details":""}}
{"at":"2026-05-14T13:26:23+00:00","event":"assertion","data":{"status":"pass","name":"TEST 1 no A marker visible in context B bundle","details":""}}
{"at":"2026-05-14T13:26:23+00:00","event":"assertion","data":{"status":"pass","name":"TEST 1 social dynamics scoped rows exist","details":""}}
{"at":"2026-05-14T13:26:23+00:00","event":"assertion","data":{"status":"pass","name":"TEST 1B strict read A returns only scoped A rows","details":""}}
{"at":"2026-05-14T13:26:23+00:00","event":"assertion","data":{"status":"pass","name":"TEST 1B strict read A excludes B and legacy NULL","details":""}}
{"at":"2026-05-14T13:26:23+00:00","event":"assertion","data":{"status":"pass","name":"TEST 1B strict read B returns only scoped B rows","details":""}}
{"at":"2026-05-14T13:26:23+00:00","event":"assertion","data":{"status":"pass","name":"TEST 1B strict read B excludes A and legacy NULL","details":""}}
{"at":"2026-05-14T13:26:23+00:00","event":"assertion","data":{"status":"pass","name":"TEST 1B opt-in legacy read returns A plus legacy only","details":""}}
{"at":"2026-05-14T13:26:23+00:00","event":"assertion","data":{"status":"pass","name":"TEST 1B prompt social block A excludes legacy and context B","details":""}}
{"at":"2026-05-14T13:26:23+00:00","event":"assertion","data":{"status":"pass","name":"TEST 1B prompt social block B excludes legacy and context A","details":""}}
{"at":"2026-05-14T13:26:23+00:00","event":"assertion","data":{"status":"pass","name":"TEST 1B social endpoint marks include_legacy=true on explicit opt-in","details":""}}
{"at":"2026-05-14T13:26:23+00:00","event":"assertion","data":{"status":"pass","name":"TEST 1B social endpoint marks legacy opt-in active","details":""}}
{"at":"2026-05-14T13:26:23+00:00","event":"assertion","data":{"status":"pass","name":"TEST 2 narrative recompute returns context A","details":""}}
{"at":"2026-05-14T13:26:23+00:00","event":"assertion","data":{"status":"pass","name":"TEST 2 narrative recompute does not update belief rows","details":""}}
{"at":"2026-05-14T13:26:23+00:00","event":"assertion","data":{"status":"pass","name":"TEST 2 narrative recompute does not append belief events","details":""}}
{"at":"2026-05-14T13:26:23+00:00","event":"assertion","data":{"status":"pass","name":"TEST 3 memory compiler runs twice","details":""}}
{"at":"2026-05-14T13:26:23+00:00","event":"assertion","data":{"status":"pass","name":"TEST 3 compiler does not mutate memory.md","details":""}}
{"at":"2026-05-14T13:26:23+00:00","event":"assertion","data":{"status":"pass","name":"TEST 3 compiler does not mutate beliefs","details":""}}
{"at":"2026-05-14T13:26:23+00:00","event":"assertion","data":{"status":"pass","name":"TEST 3 compiler does not mutate narrative","details":""}}
{"at":"2026-05-14T13:26:23+00:00","event":"assertion","data":{"status":"pass","name":"TEST 4 creates S1\/S2 snapshots","details":""}}
{"at":"2026-05-14T13:26:23+00:00","event":"assertion","data":{"status":"pass","name":"TEST 4 S1 payload stable after live mutation","details":""}}
{"at":"2026-05-14T13:26:23+00:00","event":"assertion","data":{"status":"pass","name":"TEST 4 snapshot compare returns ok","details":""}}
{"at":"2026-05-14T13:26:23+00:00","event":"assertion","data":{"status":"pass","name":"TEST 4 snapshot compare does not mutate live state","details":""}}
{"at":"2026-05-14T13:26:23+00:00","event":"assertion","data":{"status":"pass","name":"TEST 4 snapshot compare does not rewrite S1","details":""}}
{"at":"2026-05-14T13:26:23+00:00","event":"assertion","data":{"status":"pass","name":"TEST 4 no silent restore method exposed on ContextSnapshotService","details":""}}
{"at":"2026-05-14T13:26:23+00:00","event":"assertion","data":{"status":"pass","name":"TEST 5 context comparison returns ok","details":""}}
{"at":"2026-05-14T13:26:23+00:00","event":"assertion","data":{"status":"pass","name":"TEST 5 comparison declares runtime_meta.read_only","details":""}}
{"at":"2026-05-14T13:26:23+00:00","event":"assertion","data":{"status":"pass","name":"TEST 5 comparison does not change active context","details":""}}
{"at":"2026-05-14T13:26:23+00:00","event":"assertion","data":{"status":"pass","name":"TEST 5 comparison does not mutate context A tables","details":""}}
{"at":"2026-05-14T13:26:23+00:00","event":"assertion","data":{"status":"pass","name":"TEST 5 comparison does not mutate context B tables","details":""}}
{"at":"2026-05-14T13:26:23+00:00","event":"assertion","data":{"status":"pass","name":"TEST 5 comparison does not mutate context A files","details":""}}
{"at":"2026-05-14T13:26:23+00:00","event":"assertion","data":{"status":"pass","name":"TEST 5 comparison does not mutate context B files","details":""}}
{"at":"2026-05-14T13:26:23+00:00","event":"assertion","data":{"status":"pass","name":"TEST 6 PromptBuilder buildDecisionRoomMessages completes","details":""}}
{"at":"2026-05-14T13:26:23+00:00","event":"assertion","data":{"status":"pass","name":"TEST 6 PromptBuilder does not write SQLite","details":"app_logs delta=0"}}
{"at":"2026-05-14T13:26:23+00:00","event":"assertion","data":{"status":"pass","name":"TEST 6 PromptBuilder does not write filesystem","details":"memory existed before=no, after=no"}}
{"at":"2026-05-14T13:26:23+00:00","event":"assertion","data":{"status":"pass","name":"TEST 6 PromptBuilder with missing memory does not create memory.md","details":""}}
{"at":"2026-05-14T13:26:23+00:00","event":"assertion","data":{"status":"pass","name":"TEST 6 prompt trace and cognitive budget present","details":""}}
{"at":"2026-05-14T13:26:23+00:00","event":"assertion","data":{"status":"pass","name":"TEST 6 all prompt trace steps map to registry definitions","details":""}}
{"at":"2026-05-14T13:26:23+00:00","event":"assertion","data":{"status":"pass","name":"TEST 6 prompt message shape is stable","details":""}}
{"at":"2026-05-14T13:26:23+00:00","event":"assertion","data":{"status":"pass","name":"TEST 6 setup writes existing memory file","details":""}}
{"at":"2026-05-14T13:26:23+00:00","event":"assertion","data":{"status":"pass","name":"TEST 6 PromptBuilder build with existing memory completes","details":""}}
{"at":"2026-05-14T13:26:23+00:00","event":"assertion","data":{"status":"pass","name":"TEST 6 PromptBuilder with existing memory does not modify memory.md","details":""}}
{"at":"2026-05-14T13:26:23+00:00","event":"assertion","data":{"status":"pass","name":"TEST 6 PromptBuilder reads existing memory without content mutation","details":""}}
{"at":"2026-05-14T13:26:23+00:00","event":"assertion","data":{"status":"pass","name":"TEST 6 PromptBuilder does not reference Logger::logPromptBuild","details":""}}
{"at":"2026-05-14T13:26:23+00:00","event":"assertion","data":{"status":"pass","name":"TEST 6 PromptBuilder does not reference ensureFile","details":""}}
{"at":"2026-05-14T13:26:23+00:00","event":"assertion","data":{"status":"pass","name":"TEST 6 social repository defaults never enable legacy NULL rows","details":""}}
{"at":"2026-05-14T13:26:23+00:00","event":"assertion","data":{"status":"pass","name":"TEST 6 SocialPromptContextBuilder avoids global summary call when context can be provided","details":""}}
{"at":"2026-05-14T13:26:23+00:00","event":"assertion","data":{"status":"pass","name":"TEST 7 situated chat returns ok","details":""}}
{"at":"2026-05-14T13:26:23+00:00","event":"assertion","data":{"status":"pass","name":"TEST 7 situated chat returns cognitive_runtime","details":""}}
{"at":"2026-05-14T13:26:23+00:00","event":"assertion","data":{"status":"pass","name":"TEST 7 situated chat returns prompt_injection_trace","details":""}}
{"at":"2026-05-14T13:26:23+00:00","event":"assertion","data":{"status":"pass","name":"TEST 7 situated chat trace steps map to registry definitions","details":""}}
{"at":"2026-05-14T13:26:23+00:00","event":"assertion","data":{"status":"pass","name":"TEST 7 situated chat does not leak context A marker into B prompt","details":""}}
{"at":"2026-05-14T13:26:23+00:00","event":"assertion","data":{"status":"pass","name":"TEST 7 situated chat uses B scoped sources","details":""}}
{"at":"2026-05-14T13:26:23+00:00","event":"assertion","data":{"status":"pass","name":"TEST 8 static PromptBuilder has no persistence calls","details":""}}
{"at":"2026-05-14T13:26:23+00:00","event":"assertion","data":{"status":"pass","name":"TEST 8 static PromptBuilder has no filesystem writes","details":""}}
{"at":"2026-05-14T13:26:23+00:00","event":"assertion","data":{"status":"pass","name":"TEST 8 static PromptBuilder has no repository writes","details":""}}
{"at":"2026-05-14T13:26:23+00:00","event":"assertion","data":{"status":"pass","name":"TEST 8 forbidden call graph src\/Domain\/StrategicContext\/StrategicNarrativeService.php","details":""}}
{"at":"2026-05-14T13:26:23+00:00","event":"assertion","data":{"status":"pass","name":"TEST 8 forbidden call graph src\/Domain\/StrategicContext\/MemoryCompilerService.php","details":""}}
{"at":"2026-05-14T13:26:23+00:00","event":"assertion","data":{"status":"pass","name":"TEST 8 forbidden call graph src\/Domain\/StrategicContext\/ContextSnapshotService.php","details":""}}
{"at":"2026-05-14T13:26:23+00:00","event":"assertion","data":{"status":"pass","name":"TEST 8 forbidden call graph src\/Domain\/SocialDynamics\/SocialPromptContextBuilder.php","details":""}}
{"at":"2026-05-14T13:26:23+00:00","event":"assertion","data":{"status":"pass","name":"TEST 8 static includeLegacyNullRows=true not used as default","details":""}}
{"at":"2026-05-14T13:26:23+00:00","event":"assertion","data":{"status":"pass","name":"TEST 8 SocialPromptContextBuilder passes explicit strict-context arguments to summarizeForPrompt","details":""}}
{"at":"2026-05-14T13:26:23+00:00","event":"assertion","data":{"status":"pass","name":"TEST 8 runners do not opt-in legacy social reads by default","details":""}}
{"at":"2026-05-14T13:26:23+00:00","event":"assertion","data":{"status":"pass","name":"TEST 9 mutation guard blocks forbidden PromptBuilder -> SQLite write","details":""}}
{"at":"2026-05-14T13:26:23+00:00","event":"assertion","data":{"status":"pass","name":"CHAOS comparison asymmetric A\/chaos does not crash","details":""}}
{"at":"2026-05-14T13:26:23+00:00","event":"assertion","data":{"status":"pass","name":"CHAOS Decision Room trace complete and registry declared","details":""}}
{"at":"2026-05-14T13:26:23+00:00","event":"assertion","data":{"status":"pass","name":"CHAOS CognitiveBudgetEngine prunes huge context traceably","details":""}}
{"at":"2026-05-14T13:26:23+00:00","event":"assertion","data":{"status":"pass","name":"CHAOS user prompt remains bounded after pruning","details":""}}
{"at":"2026-05-14T13:26:23+00:00","event":"assertion","data":{"status":"pass","name":"CHAOS Decision Room prompt does not leak context A marker","details":""}}
{"at":"2026-05-14T13:26:24+00:00","event":"assertion","data":{"status":"pass","name":"setup creates contexts A and B","details":"QA_RT_20260514_132624_0d6a160d"}}
{"at":"2026-05-14T13:26:24+00:00","event":"assertion","data":{"status":"pass","name":"TEST 1 setup created beliefs in A\/B","details":""}}
{"at":"2026-05-14T13:26:24+00:00","event":"assertion","data":{"status":"pass","name":"TEST 1 no B marker visible in context A bundle","details":""}}
{"at":"2026-05-14T13:26:24+00:00","event":"assertion","data":{"status":"pass","name":"TEST 1 no A marker visible in context B bundle","details":""}}
{"at":"2026-05-14T13:26:24+00:00","event":"assertion","data":{"status":"pass","name":"TEST 1 social dynamics scoped rows exist","details":""}}
{"at":"2026-05-14T13:26:24+00:00","event":"assertion","data":{"status":"pass","name":"TEST 1B strict read A returns only scoped A rows","details":""}}
{"at":"2026-05-14T13:26:24+00:00","event":"assertion","data":{"status":"pass","name":"TEST 1B strict read A excludes B and legacy NULL","details":""}}
{"at":"2026-05-14T13:26:24+00:00","event":"assertion","data":{"status":"pass","name":"TEST 1B strict read B returns only scoped B rows","details":""}}
{"at":"2026-05-14T13:26:24+00:00","event":"assertion","data":{"status":"pass","name":"TEST 1B strict read B excludes A and legacy NULL","details":""}}
{"at":"2026-05-14T13:26:24+00:00","event":"assertion","data":{"status":"pass","name":"TEST 1B opt-in legacy read returns A plus legacy only","details":""}}
{"at":"2026-05-14T13:26:24+00:00","event":"assertion","data":{"status":"pass","name":"TEST 1B prompt social block A excludes legacy and context B","details":""}}
{"at":"2026-05-14T13:26:24+00:00","event":"assertion","data":{"status":"pass","name":"TEST 1B prompt social block B excludes legacy and context A","details":""}}
{"at":"2026-05-14T13:26:24+00:00","event":"assertion","data":{"status":"pass","name":"TEST 1B social endpoint marks include_legacy=true on explicit opt-in","details":""}}
{"at":"2026-05-14T13:26:24+00:00","event":"assertion","data":{"status":"pass","name":"TEST 1B social endpoint marks legacy opt-in active","details":""}}
{"at":"2026-05-14T13:26:24+00:00","event":"assertion","data":{"status":"pass","name":"TEST 2 narrative recompute returns context A","details":""}}
{"at":"2026-05-14T13:26:24+00:00","event":"assertion","data":{"status":"pass","name":"TEST 2 narrative recompute does not update belief rows","details":""}}
{"at":"2026-05-14T13:26:24+00:00","event":"assertion","data":{"status":"pass","name":"TEST 2 narrative recompute does not append belief events","details":""}}
{"at":"2026-05-14T13:26:24+00:00","event":"assertion","data":{"status":"pass","name":"TEST 3 memory compiler runs twice","details":""}}
{"at":"2026-05-14T13:26:24+00:00","event":"assertion","data":{"status":"pass","name":"TEST 3 compiler does not mutate memory.md","details":""}}
{"at":"2026-05-14T13:26:24+00:00","event":"assertion","data":{"status":"pass","name":"TEST 3 compiler does not mutate beliefs","details":""}}
{"at":"2026-05-14T13:26:24+00:00","event":"assertion","data":{"status":"pass","name":"TEST 3 compiler does not mutate narrative","details":""}}
{"at":"2026-05-14T13:26:24+00:00","event":"assertion","data":{"status":"pass","name":"TEST 4 creates S1\/S2 snapshots","details":""}}
{"at":"2026-05-14T13:26:24+00:00","event":"assertion","data":{"status":"pass","name":"TEST 4 S1 payload stable after live mutation","details":""}}
{"at":"2026-05-14T13:26:24+00:00","event":"assertion","data":{"status":"pass","name":"TEST 4 snapshot compare returns ok","details":""}}
{"at":"2026-05-14T13:26:24+00:00","event":"assertion","data":{"status":"pass","name":"TEST 4 snapshot compare does not mutate live state","details":""}}
{"at":"2026-05-14T13:26:24+00:00","event":"assertion","data":{"status":"pass","name":"TEST 4 snapshot compare does not rewrite S1","details":""}}
{"at":"2026-05-14T13:26:24+00:00","event":"assertion","data":{"status":"pass","name":"TEST 4 no silent restore method exposed on ContextSnapshotService","details":""}}
{"at":"2026-05-14T13:26:25+00:00","event":"assertion","data":{"status":"pass","name":"TEST 5 context comparison returns ok","details":""}}
{"at":"2026-05-14T13:26:25+00:00","event":"assertion","data":{"status":"pass","name":"TEST 5 comparison declares runtime_meta.read_only","details":""}}
{"at":"2026-05-14T13:26:25+00:00","event":"assertion","data":{"status":"pass","name":"TEST 5 comparison does not change active context","details":""}}
{"at":"2026-05-14T13:26:25+00:00","event":"assertion","data":{"status":"pass","name":"TEST 5 comparison does not mutate context A tables","details":""}}
{"at":"2026-05-14T13:26:25+00:00","event":"assertion","data":{"status":"pass","name":"TEST 5 comparison does not mutate context B tables","details":""}}
{"at":"2026-05-14T13:26:25+00:00","event":"assertion","data":{"status":"pass","name":"TEST 5 comparison does not mutate context A files","details":""}}
{"at":"2026-05-14T13:26:25+00:00","event":"assertion","data":{"status":"pass","name":"TEST 5 comparison does not mutate context B files","details":""}}
{"at":"2026-05-14T13:26:25+00:00","event":"assertion","data":{"status":"pass","name":"TEST 6 PromptBuilder buildDecisionRoomMessages completes","details":""}}
{"at":"2026-05-14T13:26:25+00:00","event":"assertion","data":{"status":"pass","name":"TEST 6 PromptBuilder does not write SQLite","details":"app_logs delta=0"}}
{"at":"2026-05-14T13:26:25+00:00","event":"assertion","data":{"status":"pass","name":"TEST 6 PromptBuilder does not write filesystem","details":"memory existed before=no, after=no"}}
{"at":"2026-05-14T13:26:25+00:00","event":"assertion","data":{"status":"pass","name":"TEST 6 PromptBuilder with missing memory does not create memory.md","details":""}}
{"at":"2026-05-14T13:26:25+00:00","event":"assertion","data":{"status":"pass","name":"TEST 6 prompt trace and cognitive budget present","details":""}}
{"at":"2026-05-14T13:26:25+00:00","event":"assertion","data":{"status":"pass","name":"TEST 6 all prompt trace steps map to registry definitions","details":""}}
{"at":"2026-05-14T13:26:25+00:00","event":"assertion","data":{"status":"pass","name":"TEST 6 prompt message shape is stable","details":""}}
{"at":"2026-05-14T13:26:25+00:00","event":"assertion","data":{"status":"pass","name":"TEST 6 setup writes existing memory file","details":""}}
{"at":"2026-05-14T13:26:25+00:00","event":"assertion","data":{"status":"pass","name":"TEST 6 PromptBuilder build with existing memory completes","details":""}}
{"at":"2026-05-14T13:26:25+00:00","event":"assertion","data":{"status":"pass","name":"TEST 6 PromptBuilder with existing memory does not modify memory.md","details":""}}
{"at":"2026-05-14T13:26:25+00:00","event":"assertion","data":{"status":"pass","name":"TEST 6 PromptBuilder reads existing memory without content mutation","details":""}}
{"at":"2026-05-14T13:26:25+00:00","event":"assertion","data":{"status":"pass","name":"TEST 6 PromptBuilder does not reference Logger::logPromptBuild","details":""}}
{"at":"2026-05-14T13:26:25+00:00","event":"assertion","data":{"status":"pass","name":"TEST 6 PromptBuilder does not reference ensureFile","details":""}}
{"at":"2026-05-14T13:26:25+00:00","event":"assertion","data":{"status":"pass","name":"TEST 6 social repository defaults never enable legacy NULL rows","details":""}}
{"at":"2026-05-14T13:26:25+00:00","event":"assertion","data":{"status":"pass","name":"TEST 6 SocialPromptContextBuilder avoids global summary call when context can be provided","details":""}}
{"at":"2026-05-14T13:26:25+00:00","event":"assertion","data":{"status":"pass","name":"TEST 7 situated chat returns ok","details":""}}
{"at":"2026-05-14T13:26:25+00:00","event":"assertion","data":{"status":"pass","name":"TEST 7 situated chat returns cognitive_runtime","details":""}}
{"at":"2026-05-14T13:26:25+00:00","event":"assertion","data":{"status":"pass","name":"TEST 7 situated chat returns prompt_injection_trace","details":""}}
{"at":"2026-05-14T13:26:25+00:00","event":"assertion","data":{"status":"pass","name":"TEST 7 situated chat trace steps map to registry definitions","details":""}}
{"at":"2026-05-14T13:26:25+00:00","event":"assertion","data":{"status":"pass","name":"TEST 7 situated chat does not leak context A marker into B prompt","details":""}}
{"at":"2026-05-14T13:26:25+00:00","event":"assertion","data":{"status":"pass","name":"TEST 7 situated chat uses B scoped sources","details":""}}
{"at":"2026-05-14T13:26:25+00:00","event":"assertion","data":{"status":"pass","name":"TEST 8 static PromptBuilder has no persistence calls","details":""}}
{"at":"2026-05-14T13:26:25+00:00","event":"assertion","data":{"status":"pass","name":"TEST 8 static PromptBuilder has no filesystem writes","details":""}}
{"at":"2026-05-14T13:26:25+00:00","event":"assertion","data":{"status":"pass","name":"TEST 8 static PromptBuilder has no repository writes","details":""}}
{"at":"2026-05-14T13:26:25+00:00","event":"assertion","data":{"status":"pass","name":"TEST 8 forbidden call graph src\/Domain\/StrategicContext\/StrategicNarrativeService.php","details":""}}
{"at":"2026-05-14T13:26:25+00:00","event":"assertion","data":{"status":"pass","name":"TEST 8 forbidden call graph src\/Domain\/StrategicContext\/MemoryCompilerService.php","details":""}}
{"at":"2026-05-14T13:26:25+00:00","event":"assertion","data":{"status":"pass","name":"TEST 8 forbidden call graph src\/Domain\/StrategicContext\/ContextSnapshotService.php","details":""}}
{"at":"2026-05-14T13:26:25+00:00","event":"assertion","data":{"status":"pass","name":"TEST 8 forbidden call graph src\/Domain\/SocialDynamics\/SocialPromptContextBuilder.php","details":""}}
{"at":"2026-05-14T13:26:25+00:00","event":"assertion","data":{"status":"pass","name":"TEST 8 static includeLegacyNullRows=true not used as default","details":""}}
{"at":"2026-05-14T13:26:25+00:00","event":"assertion","data":{"status":"pass","name":"TEST 8 SocialPromptContextBuilder passes explicit strict-context arguments to summarizeForPrompt","details":""}}
{"at":"2026-05-14T13:26:25+00:00","event":"assertion","data":{"status":"pass","name":"TEST 8 runners do not opt-in legacy social reads by default","details":""}}
{"at":"2026-05-14T13:26:25+00:00","event":"assertion","data":{"status":"pass","name":"TEST 9 mutation guard blocks forbidden PromptBuilder -> SQLite write","details":""}}
{"at":"2026-05-14T13:26:25+00:00","event":"assertion","data":{"status":"pass","name":"CHAOS comparison asymmetric A\/chaos does not crash","details":""}}
{"at":"2026-05-14T13:26:25+00:00","event":"assertion","data":{"status":"pass","name":"CHAOS Decision Room trace complete and registry declared","details":""}}
{"at":"2026-05-14T13:26:25+00:00","event":"assertion","data":{"status":"pass","name":"CHAOS CognitiveBudgetEngine prunes huge context traceably","details":""}}
{"at":"2026-05-14T13:26:25+00:00","event":"assertion","data":{"status":"pass","name":"CHAOS user prompt remains bounded after pruning","details":""}}
{"at":"2026-05-14T13:26:25+00:00","event":"assertion","data":{"status":"pass","name":"CHAOS Decision Room prompt does not leak context A marker","details":""}}
{"at":"2026-05-14T13:30:59+00:00","event":"assertion","data":{"status":"pass","name":"setup creates contexts A and B","details":"QA_RT_20260514_133059_4068f221"}}
{"at":"2026-05-14T13:30:59+00:00","event":"assertion","data":{"status":"pass","name":"TEST 1 setup created beliefs in A\/B","details":""}}
{"at":"2026-05-14T13:30:59+00:00","event":"assertion","data":{"status":"pass","name":"TEST 1 no B marker visible in context A bundle","details":""}}
{"at":"2026-05-14T13:30:59+00:00","event":"assertion","data":{"status":"pass","name":"TEST 1 no A marker visible in context B bundle","details":""}}
{"at":"2026-05-14T13:30:59+00:00","event":"assertion","data":{"status":"pass","name":"TEST 1 social dynamics scoped rows exist","details":""}}
{"at":"2026-05-14T13:30:59+00:00","event":"assertion","data":{"status":"pass","name":"TEST 1B strict read A returns only scoped A rows","details":""}}
{"at":"2026-05-14T13:30:59+00:00","event":"assertion","data":{"status":"pass","name":"TEST 1B strict read A excludes B and legacy NULL","details":""}}
{"at":"2026-05-14T13:30:59+00:00","event":"assertion","data":{"status":"pass","name":"TEST 1B strict read B returns only scoped B rows","details":""}}
{"at":"2026-05-14T13:30:59+00:00","event":"assertion","data":{"status":"pass","name":"TEST 1B strict read B excludes A and legacy NULL","details":""}}
{"at":"2026-05-14T13:30:59+00:00","event":"assertion","data":{"status":"pass","name":"TEST 1B opt-in legacy read returns A plus legacy only","details":""}}
{"at":"2026-05-14T13:30:59+00:00","event":"assertion","data":{"status":"pass","name":"TEST 1B prompt social block A excludes legacy and context B","details":""}}
{"at":"2026-05-14T13:30:59+00:00","event":"assertion","data":{"status":"pass","name":"TEST 1B prompt social block B excludes legacy and context A","details":""}}
{"at":"2026-05-14T13:30:59+00:00","event":"assertion","data":{"status":"pass","name":"TEST 1B social endpoint marks include_legacy=true on explicit opt-in","details":""}}
{"at":"2026-05-14T13:30:59+00:00","event":"assertion","data":{"status":"pass","name":"TEST 1B social endpoint marks legacy opt-in active","details":""}}
{"at":"2026-05-14T13:30:59+00:00","event":"assertion","data":{"status":"pass","name":"TEST 2 narrative recompute returns context A","details":""}}
{"at":"2026-05-14T13:30:59+00:00","event":"assertion","data":{"status":"pass","name":"TEST 2 narrative recompute does not update belief rows","details":""}}
{"at":"2026-05-14T13:30:59+00:00","event":"assertion","data":{"status":"pass","name":"TEST 2 narrative recompute does not append belief events","details":""}}
{"at":"2026-05-14T13:30:59+00:00","event":"assertion","data":{"status":"pass","name":"TEST 3 memory compiler runs twice","details":""}}
{"at":"2026-05-14T13:30:59+00:00","event":"assertion","data":{"status":"pass","name":"TEST 3 compiler does not mutate memory.md","details":""}}
{"at":"2026-05-14T13:30:59+00:00","event":"assertion","data":{"status":"pass","name":"TEST 3 compiler does not mutate beliefs","details":""}}
{"at":"2026-05-14T13:30:59+00:00","event":"assertion","data":{"status":"pass","name":"TEST 3 compiler does not mutate narrative","details":""}}
{"at":"2026-05-14T13:30:59+00:00","event":"assertion","data":{"status":"pass","name":"TEST 4 creates S1\/S2 snapshots","details":""}}
{"at":"2026-05-14T13:30:59+00:00","event":"assertion","data":{"status":"pass","name":"TEST 4 S1 payload stable after live mutation","details":""}}
{"at":"2026-05-14T13:30:59+00:00","event":"assertion","data":{"status":"pass","name":"TEST 4 snapshot compare returns ok","details":""}}
{"at":"2026-05-14T13:30:59+00:00","event":"assertion","data":{"status":"pass","name":"TEST 4 snapshot compare does not mutate live state","details":""}}
{"at":"2026-05-14T13:30:59+00:00","event":"assertion","data":{"status":"pass","name":"TEST 4 snapshot compare does not rewrite S1","details":""}}
{"at":"2026-05-14T13:30:59+00:00","event":"assertion","data":{"status":"pass","name":"TEST 4 no silent restore method exposed on ContextSnapshotService","details":""}}
{"at":"2026-05-14T13:30:59+00:00","event":"assertion","data":{"status":"pass","name":"TEST 5 context comparison returns ok","details":""}}
{"at":"2026-05-14T13:30:59+00:00","event":"assertion","data":{"status":"pass","name":"TEST 5 comparison declares runtime_meta.read_only","details":""}}
{"at":"2026-05-14T13:30:59+00:00","event":"assertion","data":{"status":"pass","name":"TEST 5 comparison does not change active context","details":""}}
{"at":"2026-05-14T13:30:59+00:00","event":"assertion","data":{"status":"pass","name":"TEST 5 comparison does not mutate context A tables","details":""}}
{"at":"2026-05-14T13:30:59+00:00","event":"assertion","data":{"status":"pass","name":"TEST 5 comparison does not mutate context B tables","details":""}}
{"at":"2026-05-14T13:30:59+00:00","event":"assertion","data":{"status":"pass","name":"TEST 5 comparison does not mutate context A files","details":""}}
{"at":"2026-05-14T13:30:59+00:00","event":"assertion","data":{"status":"pass","name":"TEST 5 comparison does not mutate context B files","details":""}}
{"at":"2026-05-14T13:30:59+00:00","event":"assertion","data":{"status":"pass","name":"TEST 6 PromptBuilder buildDecisionRoomMessages completes","details":""}}
{"at":"2026-05-14T13:30:59+00:00","event":"assertion","data":{"status":"pass","name":"TEST 6 PromptBuilder does not write SQLite","details":"app_logs delta=0"}}
{"at":"2026-05-14T13:30:59+00:00","event":"assertion","data":{"status":"pass","name":"TEST 6 PromptBuilder does not write filesystem","details":"memory existed before=no, after=no"}}
{"at":"2026-05-14T13:30:59+00:00","event":"assertion","data":{"status":"pass","name":"TEST 6 PromptBuilder with missing memory does not create memory.md","details":""}}
{"at":"2026-05-14T13:30:59+00:00","event":"assertion","data":{"status":"pass","name":"TEST 6 prompt trace and cognitive budget present","details":""}}
{"at":"2026-05-14T13:30:59+00:00","event":"assertion","data":{"status":"pass","name":"TEST 6 all prompt trace steps map to registry definitions","details":""}}
{"at":"2026-05-14T13:30:59+00:00","event":"assertion","data":{"status":"pass","name":"TEST 6 prompt message shape is stable","details":""}}
{"at":"2026-05-14T13:30:59+00:00","event":"assertion","data":{"status":"pass","name":"TEST 6 setup writes existing memory file","details":""}}
{"at":"2026-05-14T13:30:59+00:00","event":"assertion","data":{"status":"pass","name":"TEST 6 PromptBuilder build with existing memory completes","details":""}}
{"at":"2026-05-14T13:30:59+00:00","event":"assertion","data":{"status":"pass","name":"TEST 6 PromptBuilder with existing memory does not modify memory.md","details":""}}
{"at":"2026-05-14T13:30:59+00:00","event":"assertion","data":{"status":"pass","name":"TEST 6 PromptBuilder reads existing memory without content mutation","details":""}}
{"at":"2026-05-14T13:30:59+00:00","event":"assertion","data":{"status":"pass","name":"TEST 6 PromptBuilder does not reference Logger::logPromptBuild","details":""}}
{"at":"2026-05-14T13:30:59+00:00","event":"assertion","data":{"status":"pass","name":"TEST 6 PromptBuilder does not reference ensureFile","details":""}}
{"at":"2026-05-14T13:30:59+00:00","event":"assertion","data":{"status":"pass","name":"TEST 6 social repository defaults never enable legacy NULL rows","details":""}}
{"at":"2026-05-14T13:30:59+00:00","event":"assertion","data":{"status":"pass","name":"TEST 6 SocialPromptContextBuilder avoids global summary call when context can be provided","details":""}}
{"at":"2026-05-14T13:30:59+00:00","event":"assertion","data":{"status":"pass","name":"TEST 7 situated chat returns ok","details":""}}
{"at":"2026-05-14T13:30:59+00:00","event":"assertion","data":{"status":"pass","name":"TEST 7 situated chat returns cognitive_runtime","details":""}}
{"at":"2026-05-14T13:30:59+00:00","event":"assertion","data":{"status":"pass","name":"TEST 7 situated chat returns prompt_injection_trace","details":""}}
{"at":"2026-05-14T13:30:59+00:00","event":"assertion","data":{"status":"pass","name":"TEST 7 situated chat trace steps map to registry definitions","details":""}}
{"at":"2026-05-14T13:30:59+00:00","event":"assertion","data":{"status":"pass","name":"TEST 7 situated chat does not leak context A marker into B prompt","details":""}}
{"at":"2026-05-14T13:30:59+00:00","event":"assertion","data":{"status":"pass","name":"TEST 7 situated chat uses B scoped sources","details":""}}
{"at":"2026-05-14T13:30:59+00:00","event":"assertion","data":{"status":"pass","name":"TEST 8 static PromptBuilder has no persistence calls","details":""}}
{"at":"2026-05-14T13:30:59+00:00","event":"assertion","data":{"status":"pass","name":"TEST 8 static PromptBuilder has no filesystem writes","details":""}}
{"at":"2026-05-14T13:30:59+00:00","event":"assertion","data":{"status":"pass","name":"TEST 8 static PromptBuilder has no repository writes","details":""}}
{"at":"2026-05-14T13:30:59+00:00","event":"assertion","data":{"status":"pass","name":"TEST 8 forbidden call graph src\/Domain\/StrategicContext\/StrategicNarrativeService.php","details":""}}
{"at":"2026-05-14T13:30:59+00:00","event":"assertion","data":{"status":"pass","name":"TEST 8 forbidden call graph src\/Domain\/StrategicContext\/MemoryCompilerService.php","details":""}}
{"at":"2026-05-14T13:30:59+00:00","event":"assertion","data":{"status":"pass","name":"TEST 8 forbidden call graph src\/Domain\/StrategicContext\/ContextSnapshotService.php","details":""}}
{"at":"2026-05-14T13:30:59+00:00","event":"assertion","data":{"status":"pass","name":"TEST 8 forbidden call graph src\/Domain\/SocialDynamics\/SocialPromptContextBuilder.php","details":""}}
{"at":"2026-05-14T13:30:59+00:00","event":"assertion","data":{"status":"pass","name":"TEST 8 static includeLegacyNullRows=true not used as default","details":""}}
{"at":"2026-05-14T13:30:59+00:00","event":"assertion","data":{"status":"pass","name":"TEST 8 SocialPromptContextBuilder passes explicit strict-context arguments to summarizeForPrompt","details":""}}
{"at":"2026-05-14T13:30:59+00:00","event":"assertion","data":{"status":"pass","name":"TEST 8 runners do not opt-in legacy social reads by default","details":""}}
{"at":"2026-05-14T13:30:59+00:00","event":"assertion","data":{"status":"pass","name":"TEST 9 mutation guard blocks forbidden PromptBuilder -> SQLite write","details":""}}
{"at":"2026-05-14T13:31:00+00:00","event":"assertion","data":{"status":"pass","name":"CHAOS comparison asymmetric A\/chaos does not crash","details":""}}
{"at":"2026-05-14T13:31:00+00:00","event":"assertion","data":{"status":"pass","name":"CHAOS Decision Room trace complete and registry declared","details":""}}
{"at":"2026-05-14T13:31:00+00:00","event":"assertion","data":{"status":"pass","name":"CHAOS CognitiveBudgetEngine prunes huge context traceably","details":""}}
{"at":"2026-05-14T13:31:00+00:00","event":"assertion","data":{"status":"pass","name":"CHAOS user prompt remains bounded after pruning","details":""}}
{"at":"2026-05-14T13:31:00+00:00","event":"assertion","data":{"status":"pass","name":"CHAOS Decision Room prompt does not leak context A marker","details":""}}
{"at":"2026-05-14T14:00:05+00:00","event":"assertion","data":{"status":"pass","name":"setup creates contexts A and B","details":"QA_RT_20260514_140005_73a3a39d"}}
{"at":"2026-05-14T14:00:05+00:00","event":"assertion","data":{"status":"pass","name":"TEST 1 setup created beliefs in A\/B","details":""}}
{"at":"2026-05-14T14:00:05+00:00","event":"assertion","data":{"status":"pass","name":"TEST 1 no B marker visible in context A bundle","details":""}}
{"at":"2026-05-14T14:00:05+00:00","event":"assertion","data":{"status":"pass","name":"TEST 1 no A marker visible in context B bundle","details":""}}
{"at":"2026-05-14T14:00:05+00:00","event":"assertion","data":{"status":"pass","name":"TEST 1 social dynamics scoped rows exist","details":""}}
{"at":"2026-05-14T14:00:05+00:00","event":"assertion","data":{"status":"pass","name":"TEST 1B strict read A returns only scoped A rows","details":""}}
{"at":"2026-05-14T14:00:05+00:00","event":"assertion","data":{"status":"pass","name":"TEST 1B strict read A excludes B and legacy NULL","details":""}}
{"at":"2026-05-14T14:00:05+00:00","event":"assertion","data":{"status":"pass","name":"TEST 1B strict read B returns only scoped B rows","details":""}}
{"at":"2026-05-14T14:00:05+00:00","event":"assertion","data":{"status":"pass","name":"TEST 1B strict read B excludes A and legacy NULL","details":""}}
{"at":"2026-05-14T14:00:05+00:00","event":"assertion","data":{"status":"pass","name":"TEST 1B opt-in legacy read returns A plus legacy only","details":""}}
{"at":"2026-05-14T14:00:05+00:00","event":"assertion","data":{"status":"pass","name":"TEST 1B prompt social block A excludes legacy and context B","details":""}}
{"at":"2026-05-14T14:00:05+00:00","event":"assertion","data":{"status":"pass","name":"TEST 1B prompt social block B excludes legacy and context A","details":""}}
{"at":"2026-05-14T14:00:05+00:00","event":"assertion","data":{"status":"pass","name":"TEST 1B social endpoint marks include_legacy=true on explicit opt-in","details":""}}
{"at":"2026-05-14T14:00:05+00:00","event":"assertion","data":{"status":"pass","name":"TEST 1B social endpoint marks legacy opt-in active","details":""}}
{"at":"2026-05-14T14:00:05+00:00","event":"assertion","data":{"status":"pass","name":"TEST 2 narrative recompute returns context A","details":""}}
{"at":"2026-05-14T14:00:05+00:00","event":"assertion","data":{"status":"pass","name":"TEST 2 narrative recompute does not update belief rows","details":""}}
{"at":"2026-05-14T14:00:05+00:00","event":"assertion","data":{"status":"pass","name":"TEST 2 narrative recompute does not append belief events","details":""}}
{"at":"2026-05-14T14:00:05+00:00","event":"assertion","data":{"status":"pass","name":"TEST 3 memory compiler runs twice","details":""}}
{"at":"2026-05-14T14:00:05+00:00","event":"assertion","data":{"status":"pass","name":"TEST 3 compiler does not mutate memory.md","details":""}}
{"at":"2026-05-14T14:00:05+00:00","event":"assertion","data":{"status":"pass","name":"TEST 3 compiler does not mutate beliefs","details":""}}
{"at":"2026-05-14T14:00:05+00:00","event":"assertion","data":{"status":"pass","name":"TEST 3 compiler does not mutate narrative","details":""}}
{"at":"2026-05-14T14:00:05+00:00","event":"assertion","data":{"status":"pass","name":"TEST 4 creates S1\/S2 snapshots","details":""}}
{"at":"2026-05-14T14:00:05+00:00","event":"assertion","data":{"status":"pass","name":"TEST 4 S1 payload stable after live mutation","details":""}}
{"at":"2026-05-14T14:00:05+00:00","event":"assertion","data":{"status":"pass","name":"TEST 4 snapshot compare returns ok","details":""}}
{"at":"2026-05-14T14:00:05+00:00","event":"assertion","data":{"status":"pass","name":"TEST 4 snapshot compare does not mutate live state","details":""}}
{"at":"2026-05-14T14:00:05+00:00","event":"assertion","data":{"status":"pass","name":"TEST 4 snapshot compare does not rewrite S1","details":""}}
{"at":"2026-05-14T14:00:05+00:00","event":"assertion","data":{"status":"pass","name":"TEST 4 no silent restore method exposed on ContextSnapshotService","details":""}}
{"at":"2026-05-14T14:00:05+00:00","event":"assertion","data":{"status":"pass","name":"TEST 5 context comparison returns ok","details":""}}
{"at":"2026-05-14T14:00:05+00:00","event":"assertion","data":{"status":"pass","name":"TEST 5 comparison declares runtime_meta.read_only","details":""}}
{"at":"2026-05-14T14:00:05+00:00","event":"assertion","data":{"status":"pass","name":"TEST 5 comparison does not change active context","details":""}}
{"at":"2026-05-14T14:00:05+00:00","event":"assertion","data":{"status":"pass","name":"TEST 5 comparison does not mutate context A tables","details":""}}
{"at":"2026-05-14T14:00:05+00:00","event":"assertion","data":{"status":"pass","name":"TEST 5 comparison does not mutate context B tables","details":""}}
{"at":"2026-05-14T14:00:05+00:00","event":"assertion","data":{"status":"pass","name":"TEST 5 comparison does not mutate context A files","details":""}}
{"at":"2026-05-14T14:00:05+00:00","event":"assertion","data":{"status":"pass","name":"TEST 5 comparison does not mutate context B files","details":""}}
{"at":"2026-05-14T14:00:05+00:00","event":"assertion","data":{"status":"pass","name":"TEST 6 PromptBuilder buildDecisionRoomMessages completes","details":""}}
{"at":"2026-05-14T14:00:05+00:00","event":"assertion","data":{"status":"pass","name":"TEST 6 PromptBuilder does not write SQLite","details":"app_logs delta=0"}}
{"at":"2026-05-14T14:00:05+00:00","event":"assertion","data":{"status":"pass","name":"TEST 6 PromptBuilder does not write filesystem","details":"memory existed before=no, after=no"}}
{"at":"2026-05-14T14:00:05+00:00","event":"assertion","data":{"status":"pass","name":"TEST 6 PromptBuilder with missing memory does not create memory.md","details":""}}
{"at":"2026-05-14T14:00:05+00:00","event":"assertion","data":{"status":"pass","name":"TEST 6 prompt trace and cognitive budget present","details":""}}
{"at":"2026-05-14T14:00:05+00:00","event":"assertion","data":{"status":"pass","name":"TEST 6 all prompt trace steps map to registry definitions","details":""}}
{"at":"2026-05-14T14:00:05+00:00","event":"assertion","data":{"status":"pass","name":"TEST 6 prompt message shape is stable","details":""}}
{"at":"2026-05-14T14:00:05+00:00","event":"assertion","data":{"status":"pass","name":"TEST 6 setup writes existing memory file","details":""}}
{"at":"2026-05-14T14:00:05+00:00","event":"assertion","data":{"status":"pass","name":"TEST 6 PromptBuilder build with existing memory completes","details":""}}
{"at":"2026-05-14T14:00:05+00:00","event":"assertion","data":{"status":"pass","name":"TEST 6 PromptBuilder with existing memory does not modify memory.md","details":""}}
{"at":"2026-05-14T14:00:05+00:00","event":"assertion","data":{"status":"pass","name":"TEST 6 PromptBuilder reads existing memory without content mutation","details":""}}
{"at":"2026-05-14T14:00:05+00:00","event":"assertion","data":{"status":"pass","name":"TEST 6 PromptBuilder does not reference Logger::logPromptBuild","details":""}}
{"at":"2026-05-14T14:00:05+00:00","event":"assertion","data":{"status":"pass","name":"TEST 6 PromptBuilder does not reference ensureFile","details":""}}
{"at":"2026-05-14T14:00:05+00:00","event":"assertion","data":{"status":"pass","name":"TEST 6 social repository defaults never enable legacy NULL rows","details":""}}
{"at":"2026-05-14T14:00:05+00:00","event":"assertion","data":{"status":"pass","name":"TEST 6 SocialPromptContextBuilder avoids global summary call when context can be provided","details":""}}
{"at":"2026-05-14T14:00:05+00:00","event":"assertion","data":{"status":"pass","name":"TEST 7 situated chat returns ok","details":""}}
{"at":"2026-05-14T14:00:05+00:00","event":"assertion","data":{"status":"pass","name":"TEST 7 situated chat returns cognitive_runtime","details":""}}
{"at":"2026-05-14T14:00:05+00:00","event":"assertion","data":{"status":"pass","name":"TEST 7 situated chat returns prompt_injection_trace","details":""}}
{"at":"2026-05-14T14:00:05+00:00","event":"assertion","data":{"status":"pass","name":"TEST 7 situated chat trace steps map to registry definitions","details":""}}
{"at":"2026-05-14T14:00:05+00:00","event":"assertion","data":{"status":"pass","name":"TEST 7 situated chat does not leak context A marker into B prompt","details":""}}
{"at":"2026-05-14T14:00:05+00:00","event":"assertion","data":{"status":"pass","name":"TEST 7 situated chat uses B scoped sources","details":""}}
{"at":"2026-05-14T14:00:05+00:00","event":"assertion","data":{"status":"pass","name":"TEST 8 static PromptBuilder has no persistence calls","details":""}}
{"at":"2026-05-14T14:00:05+00:00","event":"assertion","data":{"status":"pass","name":"TEST 8 static PromptBuilder has no filesystem writes","details":""}}
{"at":"2026-05-14T14:00:05+00:00","event":"assertion","data":{"status":"pass","name":"TEST 8 static PromptBuilder has no repository writes","details":""}}
{"at":"2026-05-14T14:00:05+00:00","event":"assertion","data":{"status":"pass","name":"TEST 8 forbidden call graph src\/Domain\/StrategicContext\/StrategicNarrativeService.php","details":""}}
{"at":"2026-05-14T14:00:05+00:00","event":"assertion","data":{"status":"pass","name":"TEST 8 forbidden call graph src\/Domain\/StrategicContext\/MemoryCompilerService.php","details":""}}
{"at":"2026-05-14T14:00:05+00:00","event":"assertion","data":{"status":"pass","name":"TEST 8 forbidden call graph src\/Domain\/StrategicContext\/ContextSnapshotService.php","details":""}}
{"at":"2026-05-14T14:00:05+00:00","event":"assertion","data":{"status":"pass","name":"TEST 8 forbidden call graph src\/Domain\/SocialDynamics\/SocialPromptContextBuilder.php","details":""}}
{"at":"2026-05-14T14:00:05+00:00","event":"assertion","data":{"status":"pass","name":"TEST 8 static includeLegacyNullRows=true not used as default","details":""}}
{"at":"2026-05-14T14:00:05+00:00","event":"assertion","data":{"status":"pass","name":"TEST 8 SocialPromptContextBuilder passes explicit strict-context arguments to summarizeForPrompt","details":""}}
{"at":"2026-05-14T14:00:05+00:00","event":"assertion","data":{"status":"pass","name":"TEST 8 runners do not opt-in legacy social reads by default","details":""}}
{"at":"2026-05-14T14:00:05+00:00","event":"assertion","data":{"status":"pass","name":"TEST 9 mutation guard blocks forbidden PromptBuilder -> SQLite write","details":""}}
{"at":"2026-05-14T14:00:06+00:00","event":"assertion","data":{"status":"pass","name":"CHAOS comparison asymmetric A\/chaos does not crash","details":""}}
{"at":"2026-05-14T14:00:06+00:00","event":"assertion","data":{"status":"pass","name":"CHAOS Decision Room trace complete and registry declared","details":""}}
{"at":"2026-05-14T14:00:06+00:00","event":"assertion","data":{"status":"pass","name":"CHAOS CognitiveBudgetEngine prunes huge context traceably","details":""}}
{"at":"2026-05-14T14:00:06+00:00","event":"assertion","data":{"status":"pass","name":"CHAOS user prompt remains bounded after pruning","details":""}}
{"at":"2026-05-14T14:00:06+00:00","event":"assertion","data":{"status":"pass","name":"CHAOS Decision Room prompt does not leak context A marker","details":""}}
{"at":"2026-05-14T14:00:55+00:00","event":"assertion","data":{"status":"pass","name":"setup creates contexts A and B","details":"QA_RT_20260514_140055_4a8f94d3"}}
{"at":"2026-05-14T14:00:55+00:00","event":"assertion","data":{"status":"pass","name":"TEST 1 setup created beliefs in A\/B","details":""}}
{"at":"2026-05-14T14:00:55+00:00","event":"assertion","data":{"status":"pass","name":"TEST 1 no B marker visible in context A bundle","details":""}}
{"at":"2026-05-14T14:00:55+00:00","event":"assertion","data":{"status":"pass","name":"TEST 1 no A marker visible in context B bundle","details":""}}
{"at":"2026-05-14T14:00:55+00:00","event":"assertion","data":{"status":"pass","name":"TEST 1 social dynamics scoped rows exist","details":""}}
{"at":"2026-05-14T14:00:55+00:00","event":"assertion","data":{"status":"pass","name":"TEST 1B strict read A returns only scoped A rows","details":""}}
{"at":"2026-05-14T14:00:55+00:00","event":"assertion","data":{"status":"pass","name":"TEST 1B strict read A excludes B and legacy NULL","details":""}}
{"at":"2026-05-14T14:00:55+00:00","event":"assertion","data":{"status":"pass","name":"TEST 1B strict read B returns only scoped B rows","details":""}}
{"at":"2026-05-14T14:00:55+00:00","event":"assertion","data":{"status":"pass","name":"TEST 1B strict read B excludes A and legacy NULL","details":""}}
{"at":"2026-05-14T14:00:55+00:00","event":"assertion","data":{"status":"pass","name":"TEST 1B opt-in legacy read returns A plus legacy only","details":""}}
{"at":"2026-05-14T14:00:55+00:00","event":"assertion","data":{"status":"pass","name":"TEST 1B prompt social block A excludes legacy and context B","details":""}}
{"at":"2026-05-14T14:00:55+00:00","event":"assertion","data":{"status":"pass","name":"TEST 1B prompt social block B excludes legacy and context A","details":""}}
{"at":"2026-05-14T14:00:55+00:00","event":"assertion","data":{"status":"pass","name":"TEST 1B social endpoint marks include_legacy=true on explicit opt-in","details":""}}
{"at":"2026-05-14T14:00:55+00:00","event":"assertion","data":{"status":"pass","name":"TEST 1B social endpoint marks legacy opt-in active","details":""}}
{"at":"2026-05-14T14:00:55+00:00","event":"assertion","data":{"status":"pass","name":"TEST 2 narrative recompute returns context A","details":""}}
{"at":"2026-05-14T14:00:55+00:00","event":"assertion","data":{"status":"pass","name":"TEST 2 narrative recompute does not update belief rows","details":""}}
{"at":"2026-05-14T14:00:55+00:00","event":"assertion","data":{"status":"pass","name":"TEST 2 narrative recompute does not append belief events","details":""}}
{"at":"2026-05-14T14:00:55+00:00","event":"assertion","data":{"status":"pass","name":"TEST 3 memory compiler runs twice","details":""}}
{"at":"2026-05-14T14:00:55+00:00","event":"assertion","data":{"status":"pass","name":"TEST 3 compiler does not mutate memory.md","details":""}}
{"at":"2026-05-14T14:00:55+00:00","event":"assertion","data":{"status":"pass","name":"TEST 3 compiler does not mutate beliefs","details":""}}
{"at":"2026-05-14T14:00:55+00:00","event":"assertion","data":{"status":"pass","name":"TEST 3 compiler does not mutate narrative","details":""}}
{"at":"2026-05-14T14:00:55+00:00","event":"assertion","data":{"status":"pass","name":"TEST 4 creates S1\/S2 snapshots","details":""}}
{"at":"2026-05-14T14:00:55+00:00","event":"assertion","data":{"status":"pass","name":"TEST 4 S1 payload stable after live mutation","details":""}}
{"at":"2026-05-14T14:00:55+00:00","event":"assertion","data":{"status":"pass","name":"TEST 4 snapshot compare returns ok","details":""}}
{"at":"2026-05-14T14:00:55+00:00","event":"assertion","data":{"status":"pass","name":"TEST 4 snapshot compare does not mutate live state","details":""}}
{"at":"2026-05-14T14:00:55+00:00","event":"assertion","data":{"status":"pass","name":"TEST 4 snapshot compare does not rewrite S1","details":""}}
{"at":"2026-05-14T14:00:55+00:00","event":"assertion","data":{"status":"pass","name":"TEST 4 no silent restore method exposed on ContextSnapshotService","details":""}}
{"at":"2026-05-14T14:00:55+00:00","event":"assertion","data":{"status":"pass","name":"TEST 5 context comparison returns ok","details":""}}
{"at":"2026-05-14T14:00:55+00:00","event":"assertion","data":{"status":"pass","name":"TEST 5 comparison declares runtime_meta.read_only","details":""}}
{"at":"2026-05-14T14:00:55+00:00","event":"assertion","data":{"status":"pass","name":"TEST 5 comparison does not change active context","details":""}}
{"at":"2026-05-14T14:00:55+00:00","event":"assertion","data":{"status":"pass","name":"TEST 5 comparison does not mutate context A tables","details":""}}
{"at":"2026-05-14T14:00:55+00:00","event":"assertion","data":{"status":"pass","name":"TEST 5 comparison does not mutate context B tables","details":""}}
{"at":"2026-05-14T14:00:55+00:00","event":"assertion","data":{"status":"pass","name":"TEST 5 comparison does not mutate context A files","details":""}}
{"at":"2026-05-14T14:00:55+00:00","event":"assertion","data":{"status":"pass","name":"TEST 5 comparison does not mutate context B files","details":""}}
{"at":"2026-05-14T14:00:55+00:00","event":"assertion","data":{"status":"pass","name":"TEST 6 PromptBuilder buildDecisionRoomMessages completes","details":""}}
{"at":"2026-05-14T14:00:55+00:00","event":"assertion","data":{"status":"pass","name":"TEST 6 PromptBuilder does not write SQLite","details":"app_logs delta=0"}}
{"at":"2026-05-14T14:00:55+00:00","event":"assertion","data":{"status":"pass","name":"TEST 6 PromptBuilder does not write filesystem","details":"memory existed before=no, after=no"}}
{"at":"2026-05-14T14:00:55+00:00","event":"assertion","data":{"status":"pass","name":"TEST 6 PromptBuilder with missing memory does not create memory.md","details":""}}
{"at":"2026-05-14T14:00:55+00:00","event":"assertion","data":{"status":"pass","name":"TEST 6 prompt trace and cognitive budget present","details":""}}
{"at":"2026-05-14T14:00:55+00:00","event":"assertion","data":{"status":"pass","name":"TEST 6 all prompt trace steps map to registry definitions","details":""}}
{"at":"2026-05-14T14:00:55+00:00","event":"assertion","data":{"status":"pass","name":"TEST 6 prompt message shape is stable","details":""}}
{"at":"2026-05-14T14:00:55+00:00","event":"assertion","data":{"status":"pass","name":"TEST 6 setup writes existing memory file","details":""}}
{"at":"2026-05-14T14:00:55+00:00","event":"assertion","data":{"status":"pass","name":"TEST 6 PromptBuilder build with existing memory completes","details":""}}
{"at":"2026-05-14T14:00:55+00:00","event":"assertion","data":{"status":"pass","name":"TEST 6 PromptBuilder with existing memory does not modify memory.md","details":""}}
{"at":"2026-05-14T14:00:55+00:00","event":"assertion","data":{"status":"pass","name":"TEST 6 PromptBuilder reads existing memory without content mutation","details":""}}
{"at":"2026-05-14T14:00:55+00:00","event":"assertion","data":{"status":"pass","name":"TEST 6 PromptBuilder does not reference Logger::logPromptBuild","details":""}}
{"at":"2026-05-14T14:00:55+00:00","event":"assertion","data":{"status":"pass","name":"TEST 6 PromptBuilder does not reference ensureFile","details":""}}
{"at":"2026-05-14T14:00:55+00:00","event":"assertion","data":{"status":"pass","name":"TEST 6 social repository defaults never enable legacy NULL rows","details":""}}
{"at":"2026-05-14T14:00:55+00:00","event":"assertion","data":{"status":"pass","name":"TEST 6 SocialPromptContextBuilder avoids global summary call when context can be provided","details":""}}
{"at":"2026-05-14T14:00:55+00:00","event":"assertion","data":{"status":"pass","name":"TEST 7 situated chat returns ok","details":""}}
{"at":"2026-05-14T14:00:55+00:00","event":"assertion","data":{"status":"pass","name":"TEST 7 situated chat returns cognitive_runtime","details":""}}
{"at":"2026-05-14T14:00:55+00:00","event":"assertion","data":{"status":"pass","name":"TEST 7 situated chat returns prompt_injection_trace","details":""}}
{"at":"2026-05-14T14:00:55+00:00","event":"assertion","data":{"status":"pass","name":"TEST 7 situated chat trace steps map to registry definitions","details":""}}
{"at":"2026-05-14T14:00:55+00:00","event":"assertion","data":{"status":"pass","name":"TEST 7 situated chat does not leak context A marker into B prompt","details":""}}
{"at":"2026-05-14T14:00:55+00:00","event":"assertion","data":{"status":"pass","name":"TEST 7 situated chat uses B scoped sources","details":""}}
{"at":"2026-05-14T14:00:55+00:00","event":"assertion","data":{"status":"pass","name":"TEST 8 static PromptBuilder has no persistence calls","details":""}}
{"at":"2026-05-14T14:00:55+00:00","event":"assertion","data":{"status":"pass","name":"TEST 8 static PromptBuilder has no filesystem writes","details":""}}
{"at":"2026-05-14T14:00:55+00:00","event":"assertion","data":{"status":"pass","name":"TEST 8 static PromptBuilder has no repository writes","details":""}}
{"at":"2026-05-14T14:00:55+00:00","event":"assertion","data":{"status":"pass","name":"TEST 8 forbidden call graph src\/Domain\/StrategicContext\/StrategicNarrativeService.php","details":""}}
{"at":"2026-05-14T14:00:55+00:00","event":"assertion","data":{"status":"pass","name":"TEST 8 forbidden call graph src\/Domain\/StrategicContext\/MemoryCompilerService.php","details":""}}
{"at":"2026-05-14T14:00:55+00:00","event":"assertion","data":{"status":"pass","name":"TEST 8 forbidden call graph src\/Domain\/StrategicContext\/ContextSnapshotService.php","details":""}}
{"at":"2026-05-14T14:00:55+00:00","event":"assertion","data":{"status":"pass","name":"TEST 8 forbidden call graph src\/Domain\/SocialDynamics\/SocialPromptContextBuilder.php","details":""}}
{"at":"2026-05-14T14:00:55+00:00","event":"assertion","data":{"status":"pass","name":"TEST 8 static includeLegacyNullRows=true not used as default","details":""}}
{"at":"2026-05-14T14:00:55+00:00","event":"assertion","data":{"status":"pass","name":"TEST 8 SocialPromptContextBuilder passes explicit strict-context arguments to summarizeForPrompt","details":""}}
{"at":"2026-05-14T14:00:55+00:00","event":"assertion","data":{"status":"pass","name":"TEST 8 runners do not opt-in legacy social reads by default","details":""}}
{"at":"2026-05-14T14:00:55+00:00","event":"assertion","data":{"status":"pass","name":"TEST 9 mutation guard blocks forbidden PromptBuilder -> SQLite write","details":""}}
{"at":"2026-05-14T14:00:56+00:00","event":"assertion","data":{"status":"pass","name":"CHAOS comparison asymmetric A\/chaos does not crash","details":""}}
{"at":"2026-05-14T14:00:56+00:00","event":"assertion","data":{"status":"pass","name":"CHAOS Decision Room trace complete and registry declared","details":""}}
{"at":"2026-05-14T14:00:56+00:00","event":"assertion","data":{"status":"pass","name":"CHAOS CognitiveBudgetEngine prunes huge context traceably","details":""}}
{"at":"2026-05-14T14:00:56+00:00","event":"assertion","data":{"status":"pass","name":"CHAOS user prompt remains bounded after pruning","details":""}}
{"at":"2026-05-14T14:00:56+00:00","event":"assertion","data":{"status":"pass","name":"CHAOS Decision Room prompt does not leak context A marker","details":""}}
{"at":"2026-05-14T17:28:45+00:00","event":"assertion","data":{"status":"pass","name":"setup creates contexts A and B","details":"QA_RT_20260514_172845_deb43c2e"}}
{"at":"2026-05-14T17:28:45+00:00","event":"assertion","data":{"status":"pass","name":"TEST 1 setup created beliefs in A\/B","details":""}}
{"at":"2026-05-14T17:28:45+00:00","event":"assertion","data":{"status":"pass","name":"TEST 1 no B marker visible in context A bundle","details":""}}
{"at":"2026-05-14T17:28:45+00:00","event":"assertion","data":{"status":"pass","name":"TEST 1 no A marker visible in context B bundle","details":""}}
{"at":"2026-05-14T17:28:45+00:00","event":"assertion","data":{"status":"pass","name":"TEST 1 social dynamics scoped rows exist","details":""}}
{"at":"2026-05-14T17:28:45+00:00","event":"assertion","data":{"status":"pass","name":"TEST 1B strict read A returns only scoped A rows","details":""}}
{"at":"2026-05-14T17:28:45+00:00","event":"assertion","data":{"status":"pass","name":"TEST 1B strict read A excludes B and legacy NULL","details":""}}
{"at":"2026-05-14T17:28:45+00:00","event":"assertion","data":{"status":"pass","name":"TEST 1B strict read B returns only scoped B rows","details":""}}
{"at":"2026-05-14T17:28:45+00:00","event":"assertion","data":{"status":"pass","name":"TEST 1B strict read B excludes A and legacy NULL","details":""}}
{"at":"2026-05-14T17:28:45+00:00","event":"assertion","data":{"status":"pass","name":"TEST 1B opt-in legacy read returns A plus legacy only","details":""}}
{"at":"2026-05-14T17:28:45+00:00","event":"assertion","data":{"status":"pass","name":"TEST 1B prompt social block A excludes legacy and context B","details":""}}
{"at":"2026-05-14T17:28:45+00:00","event":"assertion","data":{"status":"pass","name":"TEST 1B prompt social block B excludes legacy and context A","details":""}}
{"at":"2026-05-14T17:28:45+00:00","event":"assertion","data":{"status":"pass","name":"TEST 1B social endpoint marks include_legacy=true on explicit opt-in","details":""}}
{"at":"2026-05-14T17:28:45+00:00","event":"assertion","data":{"status":"pass","name":"TEST 1B social endpoint marks legacy opt-in active","details":""}}
{"at":"2026-05-14T17:28:45+00:00","event":"assertion","data":{"status":"pass","name":"TEST 2 narrative recompute returns context A","details":""}}
{"at":"2026-05-14T17:28:45+00:00","event":"assertion","data":{"status":"pass","name":"TEST 2 narrative recompute does not update belief rows","details":""}}
{"at":"2026-05-14T17:28:45+00:00","event":"assertion","data":{"status":"pass","name":"TEST 2 narrative recompute does not append belief events","details":""}}
{"at":"2026-05-14T17:28:45+00:00","event":"assertion","data":{"status":"pass","name":"TEST 3 memory compiler runs twice","details":""}}
{"at":"2026-05-14T17:28:45+00:00","event":"assertion","data":{"status":"pass","name":"TEST 3 compiler does not mutate memory.md","details":""}}
{"at":"2026-05-14T17:28:45+00:00","event":"assertion","data":{"status":"pass","name":"TEST 3 compiler does not mutate beliefs","details":""}}
{"at":"2026-05-14T17:28:45+00:00","event":"assertion","data":{"status":"pass","name":"TEST 3 compiler does not mutate narrative","details":""}}
{"at":"2026-05-14T17:28:45+00:00","event":"assertion","data":{"status":"pass","name":"TEST 4 creates S1\/S2 snapshots","details":""}}
{"at":"2026-05-14T17:28:45+00:00","event":"assertion","data":{"status":"pass","name":"TEST 4 S1 payload stable after live mutation","details":""}}
{"at":"2026-05-14T17:28:45+00:00","event":"assertion","data":{"status":"pass","name":"TEST 4 snapshot compare returns ok","details":""}}
{"at":"2026-05-14T17:28:45+00:00","event":"assertion","data":{"status":"pass","name":"TEST 4 snapshot compare does not mutate live state","details":""}}
{"at":"2026-05-14T17:28:45+00:00","event":"assertion","data":{"status":"pass","name":"TEST 4 snapshot compare does not rewrite S1","details":""}}
{"at":"2026-05-14T17:28:45+00:00","event":"assertion","data":{"status":"pass","name":"TEST 4 no silent restore method exposed on ContextSnapshotService","details":""}}
{"at":"2026-05-14T17:28:45+00:00","event":"assertion","data":{"status":"pass","name":"TEST 5 context comparison returns ok","details":""}}
{"at":"2026-05-14T17:28:45+00:00","event":"assertion","data":{"status":"pass","name":"TEST 5 comparison declares runtime_meta.read_only","details":""}}
{"at":"2026-05-14T17:28:45+00:00","event":"assertion","data":{"status":"pass","name":"TEST 5 comparison does not change active context","details":""}}
{"at":"2026-05-14T17:28:45+00:00","event":"assertion","data":{"status":"pass","name":"TEST 5 comparison does not mutate context A tables","details":""}}
{"at":"2026-05-14T17:28:45+00:00","event":"assertion","data":{"status":"pass","name":"TEST 5 comparison does not mutate context B tables","details":""}}
{"at":"2026-05-14T17:28:45+00:00","event":"assertion","data":{"status":"pass","name":"TEST 5 comparison does not mutate context A files","details":""}}
{"at":"2026-05-14T17:28:45+00:00","event":"assertion","data":{"status":"pass","name":"TEST 5 comparison does not mutate context B files","details":""}}
{"at":"2026-05-14T17:28:45+00:00","event":"assertion","data":{"status":"pass","name":"TEST 6 PromptBuilder buildDecisionRoomMessages completes","details":""}}
{"at":"2026-05-14T17:28:45+00:00","event":"assertion","data":{"status":"pass","name":"TEST 6 PromptBuilder does not write SQLite","details":"app_logs delta=0"}}
{"at":"2026-05-14T17:28:45+00:00","event":"assertion","data":{"status":"pass","name":"TEST 6 PromptBuilder does not write filesystem","details":"memory existed before=no, after=no"}}
{"at":"2026-05-14T17:28:45+00:00","event":"assertion","data":{"status":"pass","name":"TEST 6 PromptBuilder with missing memory does not create memory.md","details":""}}
{"at":"2026-05-14T17:28:45+00:00","event":"assertion","data":{"status":"pass","name":"TEST 6 prompt trace and cognitive budget present","details":""}}
{"at":"2026-05-14T17:28:45+00:00","event":"assertion","data":{"status":"pass","name":"TEST 6 all prompt trace steps map to registry definitions","details":""}}
{"at":"2026-05-14T17:28:45+00:00","event":"assertion","data":{"status":"pass","name":"TEST 6 prompt message shape is stable","details":""}}
{"at":"2026-05-14T17:28:45+00:00","event":"assertion","data":{"status":"pass","name":"TEST 6 setup writes existing memory file","details":""}}
{"at":"2026-05-14T17:28:45+00:00","event":"assertion","data":{"status":"pass","name":"TEST 6 PromptBuilder build with existing memory completes","details":""}}
{"at":"2026-05-14T17:28:45+00:00","event":"assertion","data":{"status":"pass","name":"TEST 6 PromptBuilder with existing memory does not modify memory.md","details":""}}
{"at":"2026-05-14T17:28:45+00:00","event":"assertion","data":{"status":"pass","name":"TEST 6 PromptBuilder reads existing memory without content mutation","details":""}}
{"at":"2026-05-14T17:28:45+00:00","event":"assertion","data":{"status":"pass","name":"TEST 6 PromptBuilder does not reference Logger::logPromptBuild","details":""}}
{"at":"2026-05-14T17:28:45+00:00","event":"assertion","data":{"status":"pass","name":"TEST 6 PromptBuilder does not reference ensureFile","details":""}}
{"at":"2026-05-14T17:28:45+00:00","event":"assertion","data":{"status":"pass","name":"TEST 6 social repository defaults never enable legacy NULL rows","details":""}}
{"at":"2026-05-14T17:28:45+00:00","event":"assertion","data":{"status":"pass","name":"TEST 6 SocialPromptContextBuilder avoids global summary call when context can be provided","details":""}}
{"at":"2026-05-14T17:28:45+00:00","event":"assertion","data":{"status":"pass","name":"TEST 7 situated chat returns ok","details":""}}
{"at":"2026-05-14T17:28:45+00:00","event":"assertion","data":{"status":"pass","name":"TEST 7 situated chat returns cognitive_runtime","details":""}}
{"at":"2026-05-14T17:28:45+00:00","event":"assertion","data":{"status":"pass","name":"TEST 7 situated chat returns prompt_injection_trace","details":""}}
{"at":"2026-05-14T17:28:45+00:00","event":"assertion","data":{"status":"pass","name":"TEST 7 situated chat trace steps map to registry definitions","details":""}}
{"at":"2026-05-14T17:28:45+00:00","event":"assertion","data":{"status":"pass","name":"TEST 7 situated chat does not leak context A marker into B prompt","details":""}}
{"at":"2026-05-14T17:28:45+00:00","event":"assertion","data":{"status":"pass","name":"TEST 7 situated chat uses B scoped sources","details":""}}
{"at":"2026-05-14T17:28:45+00:00","event":"assertion","data":{"status":"pass","name":"TEST 8 static PromptBuilder has no persistence calls","details":""}}
{"at":"2026-05-14T17:28:45+00:00","event":"assertion","data":{"status":"pass","name":"TEST 8 static PromptBuilder has no filesystem writes","details":""}}
{"at":"2026-05-14T17:28:45+00:00","event":"assertion","data":{"status":"pass","name":"TEST 8 static PromptBuilder has no repository writes","details":""}}
{"at":"2026-05-14T17:28:45+00:00","event":"assertion","data":{"status":"pass","name":"TEST 8 forbidden call graph src\/Domain\/StrategicContext\/StrategicNarrativeService.php","details":""}}
{"at":"2026-05-14T17:28:45+00:00","event":"assertion","data":{"status":"pass","name":"TEST 8 forbidden call graph src\/Domain\/StrategicContext\/MemoryCompilerService.php","details":""}}
{"at":"2026-05-14T17:28:45+00:00","event":"assertion","data":{"status":"pass","name":"TEST 8 forbidden call graph src\/Domain\/StrategicContext\/ContextSnapshotService.php","details":""}}
{"at":"2026-05-14T17:28:45+00:00","event":"assertion","data":{"status":"pass","name":"TEST 8 forbidden call graph src\/Domain\/SocialDynamics\/SocialPromptContextBuilder.php","details":""}}
{"at":"2026-05-14T17:28:45+00:00","event":"assertion","data":{"status":"pass","name":"TEST 8 static includeLegacyNullRows=true not used as default","details":""}}
{"at":"2026-05-14T17:28:45+00:00","event":"assertion","data":{"status":"pass","name":"TEST 8 SocialPromptContextBuilder passes explicit strict-context arguments to summarizeForPrompt","details":""}}
{"at":"2026-05-14T17:28:45+00:00","event":"assertion","data":{"status":"pass","name":"TEST 8 runners do not opt-in legacy social reads by default","details":""}}
{"at":"2026-05-14T17:28:45+00:00","event":"assertion","data":{"status":"pass","name":"TEST 9 mutation guard blocks forbidden PromptBuilder -> SQLite write","details":""}}
{"at":"2026-05-14T17:28:45+00:00","event":"assertion","data":{"status":"pass","name":"CHAOS comparison asymmetric A\/chaos does not crash","details":""}}
{"at":"2026-05-14T17:28:45+00:00","event":"assertion","data":{"status":"pass","name":"CHAOS Decision Room trace complete and registry declared","details":""}}
{"at":"2026-05-14T17:28:45+00:00","event":"assertion","data":{"status":"pass","name":"CHAOS CognitiveBudgetEngine prunes huge context traceably","details":""}}
{"at":"2026-05-14T17:28:45+00:00","event":"assertion","data":{"status":"pass","name":"CHAOS user prompt remains bounded after pruning","details":""}}
{"at":"2026-05-14T17:28:45+00:00","event":"assertion","data":{"status":"pass","name":"CHAOS Decision Room prompt does not leak context A marker","details":""}}
{"at":"2026-05-14T18:01:06+00:00","event":"assertion","data":{"status":"pass","name":"setup creates contexts A and B","details":"QA_RT_20260514_180106_fc68841e"}}
{"at":"2026-05-14T18:01:06+00:00","event":"assertion","data":{"status":"pass","name":"TEST 1 setup created beliefs in A\/B","details":""}}
{"at":"2026-05-14T18:01:06+00:00","event":"assertion","data":{"status":"pass","name":"TEST 1 no B marker visible in context A bundle","details":""}}
{"at":"2026-05-14T18:01:06+00:00","event":"assertion","data":{"status":"pass","name":"TEST 1 no A marker visible in context B bundle","details":""}}
{"at":"2026-05-14T18:01:06+00:00","event":"assertion","data":{"status":"pass","name":"TEST 1 social dynamics scoped rows exist","details":""}}
{"at":"2026-05-14T18:01:06+00:00","event":"assertion","data":{"status":"pass","name":"TEST 1B strict read A returns only scoped A rows","details":""}}
{"at":"2026-05-14T18:01:06+00:00","event":"assertion","data":{"status":"pass","name":"TEST 1B strict read A excludes B and legacy NULL","details":""}}
{"at":"2026-05-14T18:01:06+00:00","event":"assertion","data":{"status":"pass","name":"TEST 1B strict read B returns only scoped B rows","details":""}}
{"at":"2026-05-14T18:01:06+00:00","event":"assertion","data":{"status":"pass","name":"TEST 1B strict read B excludes A and legacy NULL","details":""}}
{"at":"2026-05-14T18:01:06+00:00","event":"assertion","data":{"status":"pass","name":"TEST 1B opt-in legacy read returns A plus legacy only","details":""}}
{"at":"2026-05-14T18:01:06+00:00","event":"assertion","data":{"status":"pass","name":"TEST 1B prompt social block A excludes legacy and context B","details":""}}
{"at":"2026-05-14T18:01:06+00:00","event":"assertion","data":{"status":"pass","name":"TEST 1B prompt social block B excludes legacy and context A","details":""}}
{"at":"2026-05-14T18:01:06+00:00","event":"assertion","data":{"status":"pass","name":"TEST 1B social endpoint marks include_legacy=true on explicit opt-in","details":""}}
{"at":"2026-05-14T18:01:06+00:00","event":"assertion","data":{"status":"pass","name":"TEST 1B social endpoint marks legacy opt-in active","details":""}}
{"at":"2026-05-14T18:01:06+00:00","event":"assertion","data":{"status":"pass","name":"TEST 2 narrative recompute returns context A","details":""}}
{"at":"2026-05-14T18:01:06+00:00","event":"assertion","data":{"status":"pass","name":"TEST 2 narrative recompute does not update belief rows","details":""}}
{"at":"2026-05-14T18:01:06+00:00","event":"assertion","data":{"status":"pass","name":"TEST 2 narrative recompute does not append belief events","details":""}}
{"at":"2026-05-14T18:01:06+00:00","event":"assertion","data":{"status":"pass","name":"TEST 3 memory compiler runs twice","details":""}}
{"at":"2026-05-14T18:01:06+00:00","event":"assertion","data":{"status":"pass","name":"TEST 3 compiler does not mutate memory.md","details":""}}
{"at":"2026-05-14T18:01:06+00:00","event":"assertion","data":{"status":"pass","name":"TEST 3 compiler does not mutate beliefs","details":""}}
{"at":"2026-05-14T18:01:06+00:00","event":"assertion","data":{"status":"pass","name":"TEST 3 compiler does not mutate narrative","details":""}}
{"at":"2026-05-14T18:01:06+00:00","event":"assertion","data":{"status":"pass","name":"TEST 4 creates S1\/S2 snapshots","details":""}}
{"at":"2026-05-14T18:01:06+00:00","event":"assertion","data":{"status":"pass","name":"TEST 4 S1 payload stable after live mutation","details":""}}
{"at":"2026-05-14T18:01:06+00:00","event":"assertion","data":{"status":"pass","name":"TEST 4 snapshot compare returns ok","details":""}}
{"at":"2026-05-14T18:01:06+00:00","event":"assertion","data":{"status":"pass","name":"TEST 4 snapshot compare does not mutate live state","details":""}}
{"at":"2026-05-14T18:01:06+00:00","event":"assertion","data":{"status":"pass","name":"TEST 4 snapshot compare does not rewrite S1","details":""}}
{"at":"2026-05-14T18:01:06+00:00","event":"assertion","data":{"status":"pass","name":"TEST 4 no silent restore method exposed on ContextSnapshotService","details":""}}
{"at":"2026-05-14T18:01:06+00:00","event":"assertion","data":{"status":"pass","name":"TEST 5 context comparison returns ok","details":""}}
{"at":"2026-05-14T18:01:06+00:00","event":"assertion","data":{"status":"pass","name":"TEST 5 comparison declares runtime_meta.read_only","details":""}}
{"at":"2026-05-14T18:01:06+00:00","event":"assertion","data":{"status":"pass","name":"TEST 5 comparison does not change active context","details":""}}
{"at":"2026-05-14T18:01:06+00:00","event":"assertion","data":{"status":"pass","name":"TEST 5 comparison does not mutate context A tables","details":""}}
{"at":"2026-05-14T18:01:06+00:00","event":"assertion","data":{"status":"pass","name":"TEST 5 comparison does not mutate context B tables","details":""}}
{"at":"2026-05-14T18:01:06+00:00","event":"assertion","data":{"status":"pass","name":"TEST 5 comparison does not mutate context A files","details":""}}
{"at":"2026-05-14T18:01:06+00:00","event":"assertion","data":{"status":"pass","name":"TEST 5 comparison does not mutate context B files","details":""}}
{"at":"2026-05-14T18:01:06+00:00","event":"assertion","data":{"status":"pass","name":"TEST 6 PromptBuilder buildDecisionRoomMessages completes","details":""}}
{"at":"2026-05-14T18:01:06+00:00","event":"assertion","data":{"status":"pass","name":"TEST 6 PromptBuilder does not write SQLite","details":"app_logs delta=0"}}
{"at":"2026-05-14T18:01:06+00:00","event":"assertion","data":{"status":"pass","name":"TEST 6 PromptBuilder does not write filesystem","details":"memory existed before=no, after=no"}}
{"at":"2026-05-14T18:01:06+00:00","event":"assertion","data":{"status":"pass","name":"TEST 6 PromptBuilder with missing memory does not create memory.md","details":""}}
{"at":"2026-05-14T18:01:06+00:00","event":"assertion","data":{"status":"pass","name":"TEST 6 prompt trace and cognitive budget present","details":""}}
{"at":"2026-05-14T18:01:06+00:00","event":"assertion","data":{"status":"pass","name":"TEST 6 all prompt trace steps map to registry definitions","details":""}}
{"at":"2026-05-14T18:01:06+00:00","event":"assertion","data":{"status":"pass","name":"TEST 6 prompt message shape is stable","details":""}}
{"at":"2026-05-14T18:01:06+00:00","event":"assertion","data":{"status":"pass","name":"TEST 6 setup writes existing memory file","details":""}}
{"at":"2026-05-14T18:01:06+00:00","event":"assertion","data":{"status":"pass","name":"TEST 6 PromptBuilder build with existing memory completes","details":""}}
{"at":"2026-05-14T18:01:06+00:00","event":"assertion","data":{"status":"pass","name":"TEST 6 PromptBuilder with existing memory does not modify memory.md","details":""}}
{"at":"2026-05-14T18:01:06+00:00","event":"assertion","data":{"status":"pass","name":"TEST 6 PromptBuilder reads existing memory without content mutation","details":""}}
{"at":"2026-05-14T18:01:06+00:00","event":"assertion","data":{"status":"pass","name":"TEST 6 PromptBuilder does not reference Logger::logPromptBuild","details":""}}
{"at":"2026-05-14T18:01:06+00:00","event":"assertion","data":{"status":"pass","name":"TEST 6 PromptBuilder does not reference ensureFile","details":""}}
{"at":"2026-05-14T18:01:06+00:00","event":"assertion","data":{"status":"pass","name":"TEST 6 social repository defaults never enable legacy NULL rows","details":""}}
{"at":"2026-05-14T18:01:06+00:00","event":"assertion","data":{"status":"pass","name":"TEST 6 SocialPromptContextBuilder avoids global summary call when context can be provided","details":""}}
{"at":"2026-05-14T18:01:06+00:00","event":"assertion","data":{"status":"pass","name":"TEST 7 situated chat returns ok","details":""}}
{"at":"2026-05-14T18:01:06+00:00","event":"assertion","data":{"status":"pass","name":"TEST 7 situated chat returns cognitive_runtime","details":""}}
{"at":"2026-05-14T18:01:06+00:00","event":"assertion","data":{"status":"pass","name":"TEST 7 situated chat returns prompt_injection_trace","details":""}}
{"at":"2026-05-14T18:01:06+00:00","event":"assertion","data":{"status":"pass","name":"TEST 7 situated chat trace steps map to registry definitions","details":""}}
{"at":"2026-05-14T18:01:06+00:00","event":"assertion","data":{"status":"pass","name":"TEST 7 situated chat does not leak context A marker into B prompt","details":""}}
{"at":"2026-05-14T18:01:06+00:00","event":"assertion","data":{"status":"pass","name":"TEST 7 situated chat uses B scoped sources","details":""}}
{"at":"2026-05-14T18:01:06+00:00","event":"assertion","data":{"status":"pass","name":"TEST 8 static PromptBuilder has no persistence calls","details":""}}
{"at":"2026-05-14T18:01:06+00:00","event":"assertion","data":{"status":"pass","name":"TEST 8 static PromptBuilder has no filesystem writes","details":""}}
{"at":"2026-05-14T18:01:06+00:00","event":"assertion","data":{"status":"pass","name":"TEST 8 static PromptBuilder has no repository writes","details":""}}
{"at":"2026-05-14T18:01:06+00:00","event":"assertion","data":{"status":"pass","name":"TEST 8 forbidden call graph src\/Domain\/StrategicContext\/StrategicNarrativeService.php","details":""}}
{"at":"2026-05-14T18:01:06+00:00","event":"assertion","data":{"status":"pass","name":"TEST 8 forbidden call graph src\/Domain\/StrategicContext\/MemoryCompilerService.php","details":""}}
{"at":"2026-05-14T18:01:06+00:00","event":"assertion","data":{"status":"pass","name":"TEST 8 forbidden call graph src\/Domain\/StrategicContext\/ContextSnapshotService.php","details":""}}
{"at":"2026-05-14T18:01:06+00:00","event":"assertion","data":{"status":"pass","name":"TEST 8 forbidden call graph src\/Domain\/SocialDynamics\/SocialPromptContextBuilder.php","details":""}}
{"at":"2026-05-14T18:01:06+00:00","event":"assertion","data":{"status":"pass","name":"TEST 8 static includeLegacyNullRows=true not used as default","details":""}}
{"at":"2026-05-14T18:01:06+00:00","event":"assertion","data":{"status":"pass","name":"TEST 8 SocialPromptContextBuilder passes explicit strict-context arguments to summarizeForPrompt","details":""}}
{"at":"2026-05-14T18:01:06+00:00","event":"assertion","data":{"status":"pass","name":"TEST 8 runners do not opt-in legacy social reads by default","details":""}}
{"at":"2026-05-14T18:01:06+00:00","event":"assertion","data":{"status":"pass","name":"TEST 9 mutation guard blocks forbidden PromptBuilder -> SQLite write","details":""}}
{"at":"2026-05-14T18:01:07+00:00","event":"assertion","data":{"status":"pass","name":"CHAOS comparison asymmetric A\/chaos does not crash","details":""}}
{"at":"2026-05-14T18:01:07+00:00","event":"assertion","data":{"status":"pass","name":"CHAOS Decision Room trace complete and registry declared","details":""}}
{"at":"2026-05-14T18:01:07+00:00","event":"assertion","data":{"status":"pass","name":"CHAOS CognitiveBudgetEngine prunes huge context traceably","details":""}}
{"at":"2026-05-14T18:01:07+00:00","event":"assertion","data":{"status":"pass","name":"CHAOS user prompt remains bounded after pruning","details":""}}
{"at":"2026-05-14T18:01:07+00:00","event":"assertion","data":{"status":"pass","name":"CHAOS Decision Room prompt does not leak context A marker","details":""}}
{"at":"2026-05-14T18:05:36+00:00","event":"assertion","data":{"status":"pass","name":"setup creates contexts A and B","details":"QA_RT_20260514_180536_9d11b7bf"}}
{"at":"2026-05-14T18:05:36+00:00","event":"assertion","data":{"status":"pass","name":"TEST 1 setup created beliefs in A\/B","details":""}}
{"at":"2026-05-14T18:05:36+00:00","event":"assertion","data":{"status":"pass","name":"TEST 1 no B marker visible in context A bundle","details":""}}
{"at":"2026-05-14T18:05:36+00:00","event":"assertion","data":{"status":"pass","name":"TEST 1 no A marker visible in context B bundle","details":""}}
{"at":"2026-05-14T18:05:36+00:00","event":"assertion","data":{"status":"pass","name":"TEST 1 social dynamics scoped rows exist","details":""}}
{"at":"2026-05-14T18:05:36+00:00","event":"assertion","data":{"status":"pass","name":"TEST 1B strict read A returns only scoped A rows","details":""}}
{"at":"2026-05-14T18:05:36+00:00","event":"assertion","data":{"status":"pass","name":"TEST 1B strict read A excludes B and legacy NULL","details":""}}
{"at":"2026-05-14T18:05:36+00:00","event":"assertion","data":{"status":"pass","name":"TEST 1B strict read B returns only scoped B rows","details":""}}
{"at":"2026-05-14T18:05:36+00:00","event":"assertion","data":{"status":"pass","name":"TEST 1B strict read B excludes A and legacy NULL","details":""}}
{"at":"2026-05-14T18:05:36+00:00","event":"assertion","data":{"status":"pass","name":"TEST 1B opt-in legacy read returns A plus legacy only","details":""}}
{"at":"2026-05-14T18:05:36+00:00","event":"assertion","data":{"status":"pass","name":"TEST 1B prompt social block A excludes legacy and context B","details":""}}
{"at":"2026-05-14T18:05:36+00:00","event":"assertion","data":{"status":"pass","name":"TEST 1B prompt social block B excludes legacy and context A","details":""}}
{"at":"2026-05-14T18:05:36+00:00","event":"assertion","data":{"status":"pass","name":"TEST 1B social endpoint marks include_legacy=true on explicit opt-in","details":""}}
{"at":"2026-05-14T18:05:36+00:00","event":"assertion","data":{"status":"pass","name":"TEST 1B social endpoint marks legacy opt-in active","details":""}}
{"at":"2026-05-14T18:05:36+00:00","event":"assertion","data":{"status":"pass","name":"TEST 2 narrative recompute returns context A","details":""}}
{"at":"2026-05-14T18:05:36+00:00","event":"assertion","data":{"status":"pass","name":"TEST 2 narrative recompute does not update belief rows","details":""}}
{"at":"2026-05-14T18:05:36+00:00","event":"assertion","data":{"status":"pass","name":"TEST 2 narrative recompute does not append belief events","details":""}}
{"at":"2026-05-14T18:05:36+00:00","event":"assertion","data":{"status":"pass","name":"TEST 3 memory compiler runs twice","details":""}}
{"at":"2026-05-14T18:05:36+00:00","event":"assertion","data":{"status":"pass","name":"TEST 3 compiler does not mutate memory.md","details":""}}
{"at":"2026-05-14T18:05:36+00:00","event":"assertion","data":{"status":"pass","name":"TEST 3 compiler does not mutate beliefs","details":""}}
{"at":"2026-05-14T18:05:36+00:00","event":"assertion","data":{"status":"pass","name":"TEST 3 compiler does not mutate narrative","details":""}}
{"at":"2026-05-14T18:05:36+00:00","event":"assertion","data":{"status":"pass","name":"TEST 4 creates S1\/S2 snapshots","details":""}}
{"at":"2026-05-14T18:05:36+00:00","event":"assertion","data":{"status":"pass","name":"TEST 4 S1 payload stable after live mutation","details":""}}
{"at":"2026-05-14T18:05:36+00:00","event":"assertion","data":{"status":"pass","name":"TEST 4 snapshot compare returns ok","details":""}}
{"at":"2026-05-14T18:05:36+00:00","event":"assertion","data":{"status":"pass","name":"TEST 4 snapshot compare does not mutate live state","details":""}}
{"at":"2026-05-14T18:05:36+00:00","event":"assertion","data":{"status":"pass","name":"TEST 4 snapshot compare does not rewrite S1","details":""}}
{"at":"2026-05-14T18:05:36+00:00","event":"assertion","data":{"status":"pass","name":"TEST 4 no silent restore method exposed on ContextSnapshotService","details":""}}
{"at":"2026-05-14T18:05:36+00:00","event":"assertion","data":{"status":"pass","name":"TEST 5 context comparison returns ok","details":""}}
{"at":"2026-05-14T18:05:36+00:00","event":"assertion","data":{"status":"pass","name":"TEST 5 comparison declares runtime_meta.read_only","details":""}}
{"at":"2026-05-14T18:05:36+00:00","event":"assertion","data":{"status":"pass","name":"TEST 5 comparison does not change active context","details":""}}
{"at":"2026-05-14T18:05:36+00:00","event":"assertion","data":{"status":"pass","name":"TEST 5 comparison does not mutate context A tables","details":""}}
{"at":"2026-05-14T18:05:36+00:00","event":"assertion","data":{"status":"pass","name":"TEST 5 comparison does not mutate context B tables","details":""}}
{"at":"2026-05-14T18:05:36+00:00","event":"assertion","data":{"status":"pass","name":"TEST 5 comparison does not mutate context A files","details":""}}
{"at":"2026-05-14T18:05:36+00:00","event":"assertion","data":{"status":"pass","name":"TEST 5 comparison does not mutate context B files","details":""}}
{"at":"2026-05-14T18:05:36+00:00","event":"assertion","data":{"status":"pass","name":"TEST 6 PromptBuilder buildDecisionRoomMessages completes","details":""}}
{"at":"2026-05-14T18:05:36+00:00","event":"assertion","data":{"status":"pass","name":"TEST 6 PromptBuilder does not write SQLite","details":"app_logs delta=0"}}
{"at":"2026-05-14T18:05:36+00:00","event":"assertion","data":{"status":"pass","name":"TEST 6 PromptBuilder does not write filesystem","details":"memory existed before=no, after=no"}}
{"at":"2026-05-14T18:05:36+00:00","event":"assertion","data":{"status":"pass","name":"TEST 6 PromptBuilder with missing memory does not create memory.md","details":""}}
{"at":"2026-05-14T18:05:36+00:00","event":"assertion","data":{"status":"pass","name":"TEST 6 prompt trace and cognitive budget present","details":""}}
{"at":"2026-05-14T18:05:36+00:00","event":"assertion","data":{"status":"pass","name":"TEST 6 all prompt trace steps map to registry definitions","details":""}}
{"at":"2026-05-14T18:05:36+00:00","event":"assertion","data":{"status":"pass","name":"TEST 6 prompt message shape is stable","details":""}}
{"at":"2026-05-14T18:05:36+00:00","event":"assertion","data":{"status":"pass","name":"TEST 6 setup writes existing memory file","details":""}}
{"at":"2026-05-14T18:05:36+00:00","event":"assertion","data":{"status":"pass","name":"TEST 6 PromptBuilder build with existing memory completes","details":""}}
{"at":"2026-05-14T18:05:36+00:00","event":"assertion","data":{"status":"pass","name":"TEST 6 PromptBuilder with existing memory does not modify memory.md","details":""}}
{"at":"2026-05-14T18:05:36+00:00","event":"assertion","data":{"status":"pass","name":"TEST 6 PromptBuilder reads existing memory without content mutation","details":""}}
{"at":"2026-05-14T18:05:36+00:00","event":"assertion","data":{"status":"pass","name":"TEST 6 PromptBuilder does not reference Logger::logPromptBuild","details":""}}
{"at":"2026-05-14T18:05:36+00:00","event":"assertion","data":{"status":"pass","name":"TEST 6 PromptBuilder does not reference ensureFile","details":""}}
{"at":"2026-05-14T18:05:36+00:00","event":"assertion","data":{"status":"pass","name":"TEST 6 social repository defaults never enable legacy NULL rows","details":""}}
{"at":"2026-05-14T18:05:36+00:00","event":"assertion","data":{"status":"pass","name":"TEST 6 SocialPromptContextBuilder avoids global summary call when context can be provided","details":""}}
{"at":"2026-05-14T18:05:36+00:00","event":"assertion","data":{"status":"pass","name":"TEST 7 situated chat returns ok","details":""}}
{"at":"2026-05-14T18:05:36+00:00","event":"assertion","data":{"status":"pass","name":"TEST 7 situated chat returns cognitive_runtime","details":""}}
{"at":"2026-05-14T18:05:36+00:00","event":"assertion","data":{"status":"pass","name":"TEST 7 situated chat returns prompt_injection_trace","details":""}}
{"at":"2026-05-14T18:05:36+00:00","event":"assertion","data":{"status":"pass","name":"TEST 7 situated chat trace steps map to registry definitions","details":""}}
{"at":"2026-05-14T18:05:36+00:00","event":"assertion","data":{"status":"pass","name":"TEST 7 situated chat does not leak context A marker into B prompt","details":""}}
{"at":"2026-05-14T18:05:36+00:00","event":"assertion","data":{"status":"pass","name":"TEST 7 situated chat uses B scoped sources","details":""}}
{"at":"2026-05-14T18:05:36+00:00","event":"assertion","data":{"status":"pass","name":"TEST 8 static PromptBuilder has no persistence calls","details":""}}
{"at":"2026-05-14T18:05:36+00:00","event":"assertion","data":{"status":"pass","name":"TEST 8 static PromptBuilder has no filesystem writes","details":""}}
{"at":"2026-05-14T18:05:36+00:00","event":"assertion","data":{"status":"pass","name":"TEST 8 static PromptBuilder has no repository writes","details":""}}
{"at":"2026-05-14T18:05:36+00:00","event":"assertion","data":{"status":"pass","name":"TEST 8 forbidden call graph src\/Domain\/StrategicContext\/StrategicNarrativeService.php","details":""}}
{"at":"2026-05-14T18:05:36+00:00","event":"assertion","data":{"status":"pass","name":"TEST 8 forbidden call graph src\/Domain\/StrategicContext\/MemoryCompilerService.php","details":""}}
{"at":"2026-05-14T18:05:36+00:00","event":"assertion","data":{"status":"pass","name":"TEST 8 forbidden call graph src\/Domain\/StrategicContext\/ContextSnapshotService.php","details":""}}
{"at":"2026-05-14T18:05:36+00:00","event":"assertion","data":{"status":"pass","name":"TEST 8 forbidden call graph src\/Domain\/SocialDynamics\/SocialPromptContextBuilder.php","details":""}}
{"at":"2026-05-14T18:05:36+00:00","event":"assertion","data":{"status":"pass","name":"TEST 8 static includeLegacyNullRows=true not used as default","details":""}}
{"at":"2026-05-14T18:05:36+00:00","event":"assertion","data":{"status":"pass","name":"TEST 8 SocialPromptContextBuilder passes explicit strict-context arguments to summarizeForPrompt","details":""}}
{"at":"2026-05-14T18:05:36+00:00","event":"assertion","data":{"status":"pass","name":"TEST 8 runners do not opt-in legacy social reads by default","details":""}}
{"at":"2026-05-14T18:05:36+00:00","event":"assertion","data":{"status":"pass","name":"TEST 9 mutation guard blocks forbidden PromptBuilder -> SQLite write","details":""}}
{"at":"2026-05-14T18:05:36+00:00","event":"assertion","data":{"status":"pass","name":"CHAOS comparison asymmetric A\/chaos does not crash","details":""}}
{"at":"2026-05-14T18:05:36+00:00","event":"assertion","data":{"status":"pass","name":"CHAOS Decision Room trace complete and registry declared","details":""}}
{"at":"2026-05-14T18:05:36+00:00","event":"assertion","data":{"status":"pass","name":"CHAOS CognitiveBudgetEngine prunes huge context traceably","details":""}}
{"at":"2026-05-14T18:05:36+00:00","event":"assertion","data":{"status":"pass","name":"CHAOS user prompt remains bounded after pruning","details":""}}
{"at":"2026-05-14T18:05:36+00:00","event":"assertion","data":{"status":"pass","name":"CHAOS Decision Room prompt does not leak context A marker","details":""}}
{"at":"2026-05-14T18:05:37+00:00","event":"assertion","data":{"status":"pass","name":"setup creates contexts A and B","details":"QA_RT_20260514_180537_6391d7e7"}}
{"at":"2026-05-14T18:05:37+00:00","event":"assertion","data":{"status":"pass","name":"TEST 1 setup created beliefs in A\/B","details":""}}
{"at":"2026-05-14T18:05:37+00:00","event":"assertion","data":{"status":"pass","name":"TEST 1 no B marker visible in context A bundle","details":""}}
{"at":"2026-05-14T18:05:37+00:00","event":"assertion","data":{"status":"pass","name":"TEST 1 no A marker visible in context B bundle","details":""}}
{"at":"2026-05-14T18:05:37+00:00","event":"assertion","data":{"status":"pass","name":"TEST 1 social dynamics scoped rows exist","details":""}}
{"at":"2026-05-14T18:05:37+00:00","event":"assertion","data":{"status":"pass","name":"TEST 1B strict read A returns only scoped A rows","details":""}}
{"at":"2026-05-14T18:05:37+00:00","event":"assertion","data":{"status":"pass","name":"TEST 1B strict read A excludes B and legacy NULL","details":""}}
{"at":"2026-05-14T18:05:37+00:00","event":"assertion","data":{"status":"pass","name":"TEST 1B strict read B returns only scoped B rows","details":""}}
{"at":"2026-05-14T18:05:37+00:00","event":"assertion","data":{"status":"pass","name":"TEST 1B strict read B excludes A and legacy NULL","details":""}}
{"at":"2026-05-14T18:05:37+00:00","event":"assertion","data":{"status":"pass","name":"TEST 1B opt-in legacy read returns A plus legacy only","details":""}}
{"at":"2026-05-14T18:05:37+00:00","event":"assertion","data":{"status":"pass","name":"TEST 1B prompt social block A excludes legacy and context B","details":""}}
{"at":"2026-05-14T18:05:37+00:00","event":"assertion","data":{"status":"pass","name":"TEST 1B prompt social block B excludes legacy and context A","details":""}}
{"at":"2026-05-14T18:05:37+00:00","event":"assertion","data":{"status":"pass","name":"TEST 1B social endpoint marks include_legacy=true on explicit opt-in","details":""}}
{"at":"2026-05-14T18:05:37+00:00","event":"assertion","data":{"status":"pass","name":"TEST 1B social endpoint marks legacy opt-in active","details":""}}
{"at":"2026-05-14T18:05:37+00:00","event":"assertion","data":{"status":"pass","name":"TEST 2 narrative recompute returns context A","details":""}}
{"at":"2026-05-14T18:05:37+00:00","event":"assertion","data":{"status":"pass","name":"TEST 2 narrative recompute does not update belief rows","details":""}}
{"at":"2026-05-14T18:05:37+00:00","event":"assertion","data":{"status":"pass","name":"TEST 2 narrative recompute does not append belief events","details":""}}
{"at":"2026-05-14T18:05:37+00:00","event":"assertion","data":{"status":"pass","name":"TEST 3 memory compiler runs twice","details":""}}
{"at":"2026-05-14T18:05:37+00:00","event":"assertion","data":{"status":"pass","name":"TEST 3 compiler does not mutate memory.md","details":""}}
{"at":"2026-05-14T18:05:37+00:00","event":"assertion","data":{"status":"pass","name":"TEST 3 compiler does not mutate beliefs","details":""}}
{"at":"2026-05-14T18:05:37+00:00","event":"assertion","data":{"status":"pass","name":"TEST 3 compiler does not mutate narrative","details":""}}
{"at":"2026-05-14T18:05:37+00:00","event":"assertion","data":{"status":"pass","name":"TEST 4 creates S1\/S2 snapshots","details":""}}
{"at":"2026-05-14T18:05:37+00:00","event":"assertion","data":{"status":"pass","name":"TEST 4 S1 payload stable after live mutation","details":""}}
{"at":"2026-05-14T18:05:37+00:00","event":"assertion","data":{"status":"pass","name":"TEST 4 snapshot compare returns ok","details":""}}
{"at":"2026-05-14T18:05:37+00:00","event":"assertion","data":{"status":"pass","name":"TEST 4 snapshot compare does not mutate live state","details":""}}
{"at":"2026-05-14T18:05:37+00:00","event":"assertion","data":{"status":"pass","name":"TEST 4 snapshot compare does not rewrite S1","details":""}}
{"at":"2026-05-14T18:05:37+00:00","event":"assertion","data":{"status":"pass","name":"TEST 4 no silent restore method exposed on ContextSnapshotService","details":""}}
{"at":"2026-05-14T18:05:37+00:00","event":"assertion","data":{"status":"pass","name":"TEST 5 context comparison returns ok","details":""}}
{"at":"2026-05-14T18:05:37+00:00","event":"assertion","data":{"status":"pass","name":"TEST 5 comparison declares runtime_meta.read_only","details":""}}
{"at":"2026-05-14T18:05:37+00:00","event":"assertion","data":{"status":"pass","name":"TEST 5 comparison does not change active context","details":""}}
{"at":"2026-05-14T18:05:37+00:00","event":"assertion","data":{"status":"pass","name":"TEST 5 comparison does not mutate context A tables","details":""}}
{"at":"2026-05-14T18:05:37+00:00","event":"assertion","data":{"status":"pass","name":"TEST 5 comparison does not mutate context B tables","details":""}}
{"at":"2026-05-14T18:05:37+00:00","event":"assertion","data":{"status":"pass","name":"TEST 5 comparison does not mutate context A files","details":""}}
{"at":"2026-05-14T18:05:37+00:00","event":"assertion","data":{"status":"pass","name":"TEST 5 comparison does not mutate context B files","details":""}}
{"at":"2026-05-14T18:05:37+00:00","event":"assertion","data":{"status":"pass","name":"TEST 6 PromptBuilder buildDecisionRoomMessages completes","details":""}}
{"at":"2026-05-14T18:05:37+00:00","event":"assertion","data":{"status":"pass","name":"TEST 6 PromptBuilder does not write SQLite","details":"app_logs delta=0"}}
{"at":"2026-05-14T18:05:37+00:00","event":"assertion","data":{"status":"pass","name":"TEST 6 PromptBuilder does not write filesystem","details":"memory existed before=no, after=no"}}
{"at":"2026-05-14T18:05:37+00:00","event":"assertion","data":{"status":"pass","name":"TEST 6 PromptBuilder with missing memory does not create memory.md","details":""}}
{"at":"2026-05-14T18:05:37+00:00","event":"assertion","data":{"status":"pass","name":"TEST 6 prompt trace and cognitive budget present","details":""}}
{"at":"2026-05-14T18:05:37+00:00","event":"assertion","data":{"status":"pass","name":"TEST 6 all prompt trace steps map to registry definitions","details":""}}
{"at":"2026-05-14T18:05:37+00:00","event":"assertion","data":{"status":"pass","name":"TEST 6 prompt message shape is stable","details":""}}
{"at":"2026-05-14T18:05:37+00:00","event":"assertion","data":{"status":"pass","name":"TEST 6 setup writes existing memory file","details":""}}
{"at":"2026-05-14T18:05:37+00:00","event":"assertion","data":{"status":"pass","name":"TEST 6 PromptBuilder build with existing memory completes","details":""}}
{"at":"2026-05-14T18:05:37+00:00","event":"assertion","data":{"status":"pass","name":"TEST 6 PromptBuilder with existing memory does not modify memory.md","details":""}}
{"at":"2026-05-14T18:05:37+00:00","event":"assertion","data":{"status":"pass","name":"TEST 6 PromptBuilder reads existing memory without content mutation","details":""}}
{"at":"2026-05-14T18:05:37+00:00","event":"assertion","data":{"status":"pass","name":"TEST 6 PromptBuilder does not reference Logger::logPromptBuild","details":""}}
{"at":"2026-05-14T18:05:37+00:00","event":"assertion","data":{"status":"pass","name":"TEST 6 PromptBuilder does not reference ensureFile","details":""}}
{"at":"2026-05-14T18:05:37+00:00","event":"assertion","data":{"status":"pass","name":"TEST 6 social repository defaults never enable legacy NULL rows","details":""}}
{"at":"2026-05-14T18:05:37+00:00","event":"assertion","data":{"status":"pass","name":"TEST 6 SocialPromptContextBuilder avoids global summary call when context can be provided","details":""}}
{"at":"2026-05-14T18:05:37+00:00","event":"assertion","data":{"status":"pass","name":"TEST 7 situated chat returns ok","details":""}}
{"at":"2026-05-14T18:05:37+00:00","event":"assertion","data":{"status":"pass","name":"TEST 7 situated chat returns cognitive_runtime","details":""}}
{"at":"2026-05-14T18:05:37+00:00","event":"assertion","data":{"status":"pass","name":"TEST 7 situated chat returns prompt_injection_trace","details":""}}
{"at":"2026-05-14T18:05:37+00:00","event":"assertion","data":{"status":"pass","name":"TEST 7 situated chat trace steps map to registry definitions","details":""}}
{"at":"2026-05-14T18:05:37+00:00","event":"assertion","data":{"status":"pass","name":"TEST 7 situated chat does not leak context A marker into B prompt","details":""}}
{"at":"2026-05-14T18:05:37+00:00","event":"assertion","data":{"status":"pass","name":"TEST 7 situated chat uses B scoped sources","details":""}}
{"at":"2026-05-14T18:05:37+00:00","event":"assertion","data":{"status":"pass","name":"TEST 8 static PromptBuilder has no persistence calls","details":""}}
{"at":"2026-05-14T18:05:37+00:00","event":"assertion","data":{"status":"pass","name":"TEST 8 static PromptBuilder has no filesystem writes","details":""}}
{"at":"2026-05-14T18:05:37+00:00","event":"assertion","data":{"status":"pass","name":"TEST 8 static PromptBuilder has no repository writes","details":""}}
{"at":"2026-05-14T18:05:37+00:00","event":"assertion","data":{"status":"pass","name":"TEST 8 forbidden call graph src\/Domain\/StrategicContext\/StrategicNarrativeService.php","details":""}}
{"at":"2026-05-14T18:05:37+00:00","event":"assertion","data":{"status":"pass","name":"TEST 8 forbidden call graph src\/Domain\/StrategicContext\/MemoryCompilerService.php","details":""}}
{"at":"2026-05-14T18:05:37+00:00","event":"assertion","data":{"status":"pass","name":"TEST 8 forbidden call graph src\/Domain\/StrategicContext\/ContextSnapshotService.php","details":""}}
{"at":"2026-05-14T18:05:37+00:00","event":"assertion","data":{"status":"pass","name":"TEST 8 forbidden call graph src\/Domain\/SocialDynamics\/SocialPromptContextBuilder.php","details":""}}
{"at":"2026-05-14T18:05:37+00:00","event":"assertion","data":{"status":"pass","name":"TEST 8 static includeLegacyNullRows=true not used as default","details":""}}
{"at":"2026-05-14T18:05:37+00:00","event":"assertion","data":{"status":"pass","name":"TEST 8 SocialPromptContextBuilder passes explicit strict-context arguments to summarizeForPrompt","details":""}}
{"at":"2026-05-14T18:05:37+00:00","event":"assertion","data":{"status":"pass","name":"TEST 8 runners do not opt-in legacy social reads by default","details":""}}
{"at":"2026-05-14T18:05:37+00:00","event":"assertion","data":{"status":"pass","name":"TEST 9 mutation guard blocks forbidden PromptBuilder -> SQLite write","details":""}}
{"at":"2026-05-14T18:05:37+00:00","event":"assertion","data":{"status":"pass","name":"CHAOS comparison asymmetric A\/chaos does not crash","details":""}}
{"at":"2026-05-14T18:05:37+00:00","event":"assertion","data":{"status":"pass","name":"CHAOS Decision Room trace complete and registry declared","details":""}}
{"at":"2026-05-14T18:05:37+00:00","event":"assertion","data":{"status":"pass","name":"CHAOS CognitiveBudgetEngine prunes huge context traceably","details":""}}
{"at":"2026-05-14T18:05:37+00:00","event":"assertion","data":{"status":"pass","name":"CHAOS user prompt remains bounded after pruning","details":""}}
{"at":"2026-05-14T18:05:37+00:00","event":"assertion","data":{"status":"pass","name":"CHAOS Decision Room prompt does not leak context A marker","details":""}}
{"at":"2026-05-14T18:12:21+00:00","event":"assertion","data":{"status":"pass","name":"setup creates contexts A and B","details":"QA_RT_20260514_181221_2dc8e7ea"}}
{"at":"2026-05-14T18:12:21+00:00","event":"assertion","data":{"status":"pass","name":"TEST 1 setup created beliefs in A\/B","details":""}}
{"at":"2026-05-14T18:12:21+00:00","event":"assertion","data":{"status":"pass","name":"TEST 1 no B marker visible in context A bundle","details":""}}
{"at":"2026-05-14T18:12:21+00:00","event":"assertion","data":{"status":"pass","name":"TEST 1 no A marker visible in context B bundle","details":""}}
{"at":"2026-05-14T18:12:21+00:00","event":"assertion","data":{"status":"pass","name":"TEST 1 social dynamics scoped rows exist","details":""}}
{"at":"2026-05-14T18:12:21+00:00","event":"assertion","data":{"status":"pass","name":"TEST 1B strict read A returns only scoped A rows","details":""}}
{"at":"2026-05-14T18:12:21+00:00","event":"assertion","data":{"status":"pass","name":"TEST 1B strict read A excludes B and legacy NULL","details":""}}
{"at":"2026-05-14T18:12:21+00:00","event":"assertion","data":{"status":"pass","name":"TEST 1B strict read B returns only scoped B rows","details":""}}
{"at":"2026-05-14T18:12:21+00:00","event":"assertion","data":{"status":"pass","name":"TEST 1B strict read B excludes A and legacy NULL","details":""}}
{"at":"2026-05-14T18:12:21+00:00","event":"assertion","data":{"status":"pass","name":"TEST 1B opt-in legacy read returns A plus legacy only","details":""}}
{"at":"2026-05-14T18:12:21+00:00","event":"assertion","data":{"status":"pass","name":"TEST 1B prompt social block A excludes legacy and context B","details":""}}
{"at":"2026-05-14T18:12:21+00:00","event":"assertion","data":{"status":"pass","name":"TEST 1B prompt social block B excludes legacy and context A","details":""}}
{"at":"2026-05-14T18:12:21+00:00","event":"assertion","data":{"status":"pass","name":"TEST 1B social endpoint marks include_legacy=true on explicit opt-in","details":""}}
{"at":"2026-05-14T18:12:21+00:00","event":"assertion","data":{"status":"pass","name":"TEST 1B social endpoint marks legacy opt-in active","details":""}}
{"at":"2026-05-14T18:12:21+00:00","event":"assertion","data":{"status":"pass","name":"TEST 2 narrative recompute returns context A","details":""}}
{"at":"2026-05-14T18:12:21+00:00","event":"assertion","data":{"status":"pass","name":"TEST 2 narrative recompute does not update belief rows","details":""}}
{"at":"2026-05-14T18:12:21+00:00","event":"assertion","data":{"status":"pass","name":"TEST 2 narrative recompute does not append belief events","details":""}}
{"at":"2026-05-14T18:12:21+00:00","event":"assertion","data":{"status":"pass","name":"TEST 3 memory compiler runs twice","details":""}}
{"at":"2026-05-14T18:12:21+00:00","event":"assertion","data":{"status":"pass","name":"TEST 3 compiler does not mutate memory.md","details":""}}
{"at":"2026-05-14T18:12:21+00:00","event":"assertion","data":{"status":"pass","name":"TEST 3 compiler does not mutate beliefs","details":""}}
{"at":"2026-05-14T18:12:21+00:00","event":"assertion","data":{"status":"pass","name":"TEST 3 compiler does not mutate narrative","details":""}}
{"at":"2026-05-14T18:12:21+00:00","event":"assertion","data":{"status":"pass","name":"TEST 4 creates S1\/S2 snapshots","details":""}}
{"at":"2026-05-14T18:12:21+00:00","event":"assertion","data":{"status":"pass","name":"TEST 4 S1 payload stable after live mutation","details":""}}
{"at":"2026-05-14T18:12:21+00:00","event":"assertion","data":{"status":"pass","name":"TEST 4 snapshot compare returns ok","details":""}}
{"at":"2026-05-14T18:12:21+00:00","event":"assertion","data":{"status":"pass","name":"TEST 4 snapshot compare does not mutate live state","details":""}}
{"at":"2026-05-14T18:12:21+00:00","event":"assertion","data":{"status":"pass","name":"TEST 4 snapshot compare does not rewrite S1","details":""}}
{"at":"2026-05-14T18:12:21+00:00","event":"assertion","data":{"status":"pass","name":"TEST 4 no silent restore method exposed on ContextSnapshotService","details":""}}
{"at":"2026-05-14T18:12:21+00:00","event":"assertion","data":{"status":"pass","name":"TEST 5 context comparison returns ok","details":""}}
{"at":"2026-05-14T18:12:21+00:00","event":"assertion","data":{"status":"pass","name":"TEST 5 comparison declares runtime_meta.read_only","details":""}}
{"at":"2026-05-14T18:12:21+00:00","event":"assertion","data":{"status":"pass","name":"TEST 5 comparison does not change active context","details":""}}
{"at":"2026-05-14T18:12:21+00:00","event":"assertion","data":{"status":"pass","name":"TEST 5 comparison does not mutate context A tables","details":""}}
{"at":"2026-05-14T18:12:21+00:00","event":"assertion","data":{"status":"pass","name":"TEST 5 comparison does not mutate context B tables","details":""}}
{"at":"2026-05-14T18:12:21+00:00","event":"assertion","data":{"status":"pass","name":"TEST 5 comparison does not mutate context A files","details":""}}
{"at":"2026-05-14T18:12:21+00:00","event":"assertion","data":{"status":"pass","name":"TEST 5 comparison does not mutate context B files","details":""}}
{"at":"2026-05-14T18:12:21+00:00","event":"assertion","data":{"status":"pass","name":"TEST 6 PromptBuilder buildDecisionRoomMessages completes","details":""}}
{"at":"2026-05-14T18:12:21+00:00","event":"assertion","data":{"status":"pass","name":"TEST 6 PromptBuilder does not write SQLite","details":"app_logs delta=0"}}
{"at":"2026-05-14T18:12:21+00:00","event":"assertion","data":{"status":"pass","name":"TEST 6 PromptBuilder does not write filesystem","details":"memory existed before=no, after=no"}}
{"at":"2026-05-14T18:12:21+00:00","event":"assertion","data":{"status":"pass","name":"TEST 6 PromptBuilder with missing memory does not create memory.md","details":""}}
{"at":"2026-05-14T18:12:21+00:00","event":"assertion","data":{"status":"pass","name":"TEST 6 prompt trace and cognitive budget present","details":""}}
{"at":"2026-05-14T18:12:21+00:00","event":"assertion","data":{"status":"pass","name":"TEST 6 all prompt trace steps map to registry definitions","details":""}}
{"at":"2026-05-14T18:12:21+00:00","event":"assertion","data":{"status":"pass","name":"TEST 6 prompt message shape is stable","details":""}}
{"at":"2026-05-14T18:12:21+00:00","event":"assertion","data":{"status":"pass","name":"TEST 6 setup writes existing memory file","details":""}}
{"at":"2026-05-14T18:12:21+00:00","event":"assertion","data":{"status":"pass","name":"TEST 6 PromptBuilder build with existing memory completes","details":""}}
{"at":"2026-05-14T18:12:21+00:00","event":"assertion","data":{"status":"pass","name":"TEST 6 PromptBuilder with existing memory does not modify memory.md","details":""}}
{"at":"2026-05-14T18:12:21+00:00","event":"assertion","data":{"status":"pass","name":"TEST 6 PromptBuilder reads existing memory without content mutation","details":""}}
{"at":"2026-05-14T18:12:21+00:00","event":"assertion","data":{"status":"pass","name":"TEST 6 PromptBuilder does not reference Logger::logPromptBuild","details":""}}
{"at":"2026-05-14T18:12:21+00:00","event":"assertion","data":{"status":"pass","name":"TEST 6 PromptBuilder does not reference ensureFile","details":""}}
{"at":"2026-05-14T18:12:21+00:00","event":"assertion","data":{"status":"pass","name":"TEST 6 social repository defaults never enable legacy NULL rows","details":""}}
{"at":"2026-05-14T18:12:21+00:00","event":"assertion","data":{"status":"pass","name":"TEST 6 SocialPromptContextBuilder avoids global summary call when context can be provided","details":""}}
{"at":"2026-05-14T18:12:21+00:00","event":"assertion","data":{"status":"pass","name":"TEST 7 situated chat returns ok","details":""}}
{"at":"2026-05-14T18:12:21+00:00","event":"assertion","data":{"status":"pass","name":"TEST 7 situated chat returns cognitive_runtime","details":""}}
{"at":"2026-05-14T18:12:21+00:00","event":"assertion","data":{"status":"pass","name":"TEST 7 situated chat returns prompt_injection_trace","details":""}}
{"at":"2026-05-14T18:12:21+00:00","event":"assertion","data":{"status":"pass","name":"TEST 7 situated chat trace steps map to registry definitions","details":""}}
{"at":"2026-05-14T18:12:21+00:00","event":"assertion","data":{"status":"pass","name":"TEST 7 situated chat does not leak context A marker into B prompt","details":""}}
{"at":"2026-05-14T18:12:21+00:00","event":"assertion","data":{"status":"pass","name":"TEST 7 situated chat uses B scoped sources","details":""}}
{"at":"2026-05-14T18:12:21+00:00","event":"assertion","data":{"status":"pass","name":"TEST 8 static PromptBuilder has no persistence calls","details":""}}
{"at":"2026-05-14T18:12:21+00:00","event":"assertion","data":{"status":"pass","name":"TEST 8 static PromptBuilder has no filesystem writes","details":""}}
{"at":"2026-05-14T18:12:21+00:00","event":"assertion","data":{"status":"pass","name":"TEST 8 static PromptBuilder has no repository writes","details":""}}
{"at":"2026-05-14T18:12:21+00:00","event":"assertion","data":{"status":"pass","name":"TEST 8 forbidden call graph src\/Domain\/StrategicContext\/StrategicNarrativeService.php","details":""}}
{"at":"2026-05-14T18:12:21+00:00","event":"assertion","data":{"status":"pass","name":"TEST 8 forbidden call graph src\/Domain\/StrategicContext\/MemoryCompilerService.php","details":""}}
{"at":"2026-05-14T18:12:21+00:00","event":"assertion","data":{"status":"pass","name":"TEST 8 forbidden call graph src\/Domain\/StrategicContext\/ContextSnapshotService.php","details":""}}
{"at":"2026-05-14T18:12:21+00:00","event":"assertion","data":{"status":"pass","name":"TEST 8 forbidden call graph src\/Domain\/SocialDynamics\/SocialPromptContextBuilder.php","details":""}}
{"at":"2026-05-14T18:12:21+00:00","event":"assertion","data":{"status":"pass","name":"TEST 8 static includeLegacyNullRows=true not used as default","details":""}}
{"at":"2026-05-14T18:12:21+00:00","event":"assertion","data":{"status":"pass","name":"TEST 8 SocialPromptContextBuilder passes explicit strict-context arguments to summarizeForPrompt","details":""}}
{"at":"2026-05-14T18:12:21+00:00","event":"assertion","data":{"status":"pass","name":"TEST 8 runners do not opt-in legacy social reads by default","details":""}}
{"at":"2026-05-14T18:12:21+00:00","event":"assertion","data":{"status":"pass","name":"TEST 9 mutation guard blocks forbidden PromptBuilder -> SQLite write","details":""}}
{"at":"2026-05-14T18:12:21+00:00","event":"assertion","data":{"status":"pass","name":"CHAOS comparison asymmetric A\/chaos does not crash","details":""}}
{"at":"2026-05-14T18:12:21+00:00","event":"assertion","data":{"status":"pass","name":"CHAOS Decision Room trace complete and registry declared","details":""}}
{"at":"2026-05-14T18:12:21+00:00","event":"assertion","data":{"status":"pass","name":"CHAOS CognitiveBudgetEngine prunes huge context traceably","details":""}}
{"at":"2026-05-14T18:12:21+00:00","event":"assertion","data":{"status":"pass","name":"CHAOS user prompt remains bounded after pruning","details":""}}
{"at":"2026-05-14T18:12:21+00:00","event":"assertion","data":{"status":"pass","name":"CHAOS Decision Room prompt does not leak context A marker","details":""}}
{"at":"2026-05-14T18:12:22+00:00","event":"assertion","data":{"status":"pass","name":"setup creates contexts A and B","details":"QA_RT_20260514_181222_03e312bf"}}
{"at":"2026-05-14T18:12:22+00:00","event":"assertion","data":{"status":"pass","name":"TEST 1 setup created beliefs in A\/B","details":""}}
{"at":"2026-05-14T18:12:22+00:00","event":"assertion","data":{"status":"pass","name":"TEST 1 no B marker visible in context A bundle","details":""}}
{"at":"2026-05-14T18:12:22+00:00","event":"assertion","data":{"status":"pass","name":"TEST 1 no A marker visible in context B bundle","details":""}}
{"at":"2026-05-14T18:12:22+00:00","event":"assertion","data":{"status":"pass","name":"TEST 1 social dynamics scoped rows exist","details":""}}
{"at":"2026-05-14T18:12:22+00:00","event":"assertion","data":{"status":"pass","name":"TEST 1B strict read A returns only scoped A rows","details":""}}
{"at":"2026-05-14T18:12:22+00:00","event":"assertion","data":{"status":"pass","name":"TEST 1B strict read A excludes B and legacy NULL","details":""}}
{"at":"2026-05-14T18:12:22+00:00","event":"assertion","data":{"status":"pass","name":"TEST 1B strict read B returns only scoped B rows","details":""}}
{"at":"2026-05-14T18:12:22+00:00","event":"assertion","data":{"status":"pass","name":"TEST 1B strict read B excludes A and legacy NULL","details":""}}
{"at":"2026-05-14T18:12:22+00:00","event":"assertion","data":{"status":"pass","name":"TEST 1B opt-in legacy read returns A plus legacy only","details":""}}
{"at":"2026-05-14T18:12:22+00:00","event":"assertion","data":{"status":"pass","name":"TEST 1B prompt social block A excludes legacy and context B","details":""}}
{"at":"2026-05-14T18:12:22+00:00","event":"assertion","data":{"status":"pass","name":"TEST 1B prompt social block B excludes legacy and context A","details":""}}
{"at":"2026-05-14T18:12:22+00:00","event":"assertion","data":{"status":"pass","name":"TEST 1B social endpoint marks include_legacy=true on explicit opt-in","details":""}}
{"at":"2026-05-14T18:12:22+00:00","event":"assertion","data":{"status":"pass","name":"TEST 1B social endpoint marks legacy opt-in active","details":""}}
{"at":"2026-05-14T18:12:22+00:00","event":"assertion","data":{"status":"pass","name":"TEST 2 narrative recompute returns context A","details":""}}
{"at":"2026-05-14T18:12:22+00:00","event":"assertion","data":{"status":"pass","name":"TEST 2 narrative recompute does not update belief rows","details":""}}
{"at":"2026-05-14T18:12:22+00:00","event":"assertion","data":{"status":"pass","name":"TEST 2 narrative recompute does not append belief events","details":""}}
{"at":"2026-05-14T18:12:22+00:00","event":"assertion","data":{"status":"pass","name":"TEST 3 memory compiler runs twice","details":""}}
{"at":"2026-05-14T18:12:22+00:00","event":"assertion","data":{"status":"pass","name":"TEST 3 compiler does not mutate memory.md","details":""}}
{"at":"2026-05-14T18:12:22+00:00","event":"assertion","data":{"status":"pass","name":"TEST 3 compiler does not mutate beliefs","details":""}}
{"at":"2026-05-14T18:12:22+00:00","event":"assertion","data":{"status":"pass","name":"TEST 3 compiler does not mutate narrative","details":""}}
{"at":"2026-05-14T18:12:22+00:00","event":"assertion","data":{"status":"pass","name":"TEST 4 creates S1\/S2 snapshots","details":""}}
{"at":"2026-05-14T18:12:22+00:00","event":"assertion","data":{"status":"pass","name":"TEST 4 S1 payload stable after live mutation","details":""}}
{"at":"2026-05-14T18:12:22+00:00","event":"assertion","data":{"status":"pass","name":"TEST 4 snapshot compare returns ok","details":""}}
{"at":"2026-05-14T18:12:22+00:00","event":"assertion","data":{"status":"pass","name":"TEST 4 snapshot compare does not mutate live state","details":""}}
{"at":"2026-05-14T18:12:22+00:00","event":"assertion","data":{"status":"pass","name":"TEST 4 snapshot compare does not rewrite S1","details":""}}
{"at":"2026-05-14T18:12:22+00:00","event":"assertion","data":{"status":"pass","name":"TEST 4 no silent restore method exposed on ContextSnapshotService","details":""}}
{"at":"2026-05-14T18:12:22+00:00","event":"assertion","data":{"status":"pass","name":"TEST 5 context comparison returns ok","details":""}}
{"at":"2026-05-14T18:12:22+00:00","event":"assertion","data":{"status":"pass","name":"TEST 5 comparison declares runtime_meta.read_only","details":""}}
{"at":"2026-05-14T18:12:22+00:00","event":"assertion","data":{"status":"pass","name":"TEST 5 comparison does not change active context","details":""}}
{"at":"2026-05-14T18:12:22+00:00","event":"assertion","data":{"status":"pass","name":"TEST 5 comparison does not mutate context A tables","details":""}}
{"at":"2026-05-14T18:12:22+00:00","event":"assertion","data":{"status":"pass","name":"TEST 5 comparison does not mutate context B tables","details":""}}
{"at":"2026-05-14T18:12:22+00:00","event":"assertion","data":{"status":"pass","name":"TEST 5 comparison does not mutate context A files","details":""}}
{"at":"2026-05-14T18:12:22+00:00","event":"assertion","data":{"status":"pass","name":"TEST 5 comparison does not mutate context B files","details":""}}
{"at":"2026-05-14T18:12:22+00:00","event":"assertion","data":{"status":"pass","name":"TEST 6 PromptBuilder buildDecisionRoomMessages completes","details":""}}
{"at":"2026-05-14T18:12:22+00:00","event":"assertion","data":{"status":"pass","name":"TEST 6 PromptBuilder does not write SQLite","details":"app_logs delta=0"}}
{"at":"2026-05-14T18:12:22+00:00","event":"assertion","data":{"status":"pass","name":"TEST 6 PromptBuilder does not write filesystem","details":"memory existed before=no, after=no"}}
{"at":"2026-05-14T18:12:22+00:00","event":"assertion","data":{"status":"pass","name":"TEST 6 PromptBuilder with missing memory does not create memory.md","details":""}}
{"at":"2026-05-14T18:12:22+00:00","event":"assertion","data":{"status":"pass","name":"TEST 6 prompt trace and cognitive budget present","details":""}}
{"at":"2026-05-14T18:12:22+00:00","event":"assertion","data":{"status":"pass","name":"TEST 6 all prompt trace steps map to registry definitions","details":""}}
{"at":"2026-05-14T18:12:22+00:00","event":"assertion","data":{"status":"pass","name":"TEST 6 prompt message shape is stable","details":""}}
{"at":"2026-05-14T18:12:22+00:00","event":"assertion","data":{"status":"pass","name":"TEST 6 setup writes existing memory file","details":""}}
{"at":"2026-05-14T18:12:22+00:00","event":"assertion","data":{"status":"pass","name":"TEST 6 PromptBuilder build with existing memory completes","details":""}}
{"at":"2026-05-14T18:12:22+00:00","event":"assertion","data":{"status":"pass","name":"TEST 6 PromptBuilder with existing memory does not modify memory.md","details":""}}
{"at":"2026-05-14T18:12:22+00:00","event":"assertion","data":{"status":"pass","name":"TEST 6 PromptBuilder reads existing memory without content mutation","details":""}}
{"at":"2026-05-14T18:12:22+00:00","event":"assertion","data":{"status":"pass","name":"TEST 6 PromptBuilder does not reference Logger::logPromptBuild","details":""}}
{"at":"2026-05-14T18:12:22+00:00","event":"assertion","data":{"status":"pass","name":"TEST 6 PromptBuilder does not reference ensureFile","details":""}}
{"at":"2026-05-14T18:12:22+00:00","event":"assertion","data":{"status":"pass","name":"TEST 6 social repository defaults never enable legacy NULL rows","details":""}}
{"at":"2026-05-14T18:12:22+00:00","event":"assertion","data":{"status":"pass","name":"TEST 6 SocialPromptContextBuilder avoids global summary call when context can be provided","details":""}}
{"at":"2026-05-14T18:12:22+00:00","event":"assertion","data":{"status":"pass","name":"TEST 7 situated chat returns ok","details":""}}
{"at":"2026-05-14T18:12:22+00:00","event":"assertion","data":{"status":"pass","name":"TEST 7 situated chat returns cognitive_runtime","details":""}}
{"at":"2026-05-14T18:12:22+00:00","event":"assertion","data":{"status":"pass","name":"TEST 7 situated chat returns prompt_injection_trace","details":""}}
{"at":"2026-05-14T18:12:22+00:00","event":"assertion","data":{"status":"pass","name":"TEST 7 situated chat trace steps map to registry definitions","details":""}}
{"at":"2026-05-14T18:12:22+00:00","event":"assertion","data":{"status":"pass","name":"TEST 7 situated chat does not leak context A marker into B prompt","details":""}}
{"at":"2026-05-14T18:12:22+00:00","event":"assertion","data":{"status":"pass","name":"TEST 7 situated chat uses B scoped sources","details":""}}
{"at":"2026-05-14T18:12:22+00:00","event":"assertion","data":{"status":"pass","name":"TEST 8 static PromptBuilder has no persistence calls","details":""}}
{"at":"2026-05-14T18:12:22+00:00","event":"assertion","data":{"status":"pass","name":"TEST 8 static PromptBuilder has no filesystem writes","details":""}}
{"at":"2026-05-14T18:12:22+00:00","event":"assertion","data":{"status":"pass","name":"TEST 8 static PromptBuilder has no repository writes","details":""}}
{"at":"2026-05-14T18:12:22+00:00","event":"assertion","data":{"status":"pass","name":"TEST 8 forbidden call graph src\/Domain\/StrategicContext\/StrategicNarrativeService.php","details":""}}
{"at":"2026-05-14T18:12:22+00:00","event":"assertion","data":{"status":"pass","name":"TEST 8 forbidden call graph src\/Domain\/StrategicContext\/MemoryCompilerService.php","details":""}}
{"at":"2026-05-14T18:12:22+00:00","event":"assertion","data":{"status":"pass","name":"TEST 8 forbidden call graph src\/Domain\/StrategicContext\/ContextSnapshotService.php","details":""}}
{"at":"2026-05-14T18:12:22+00:00","event":"assertion","data":{"status":"pass","name":"TEST 8 forbidden call graph src\/Domain\/SocialDynamics\/SocialPromptContextBuilder.php","details":""}}
{"at":"2026-05-14T18:12:22+00:00","event":"assertion","data":{"status":"pass","name":"TEST 8 static includeLegacyNullRows=true not used as default","details":""}}
{"at":"2026-05-14T18:12:22+00:00","event":"assertion","data":{"status":"pass","name":"TEST 8 SocialPromptContextBuilder passes explicit strict-context arguments to summarizeForPrompt","details":""}}
{"at":"2026-05-14T18:12:22+00:00","event":"assertion","data":{"status":"pass","name":"TEST 8 runners do not opt-in legacy social reads by default","details":""}}
{"at":"2026-05-14T18:12:22+00:00","event":"assertion","data":{"status":"pass","name":"TEST 9 mutation guard blocks forbidden PromptBuilder -> SQLite write","details":""}}
{"at":"2026-05-14T18:12:22+00:00","event":"assertion","data":{"status":"pass","name":"CHAOS comparison asymmetric A\/chaos does not crash","details":""}}
{"at":"2026-05-14T18:12:22+00:00","event":"assertion","data":{"status":"pass","name":"CHAOS Decision Room trace complete and registry declared","details":""}}
{"at":"2026-05-14T18:12:22+00:00","event":"assertion","data":{"status":"pass","name":"CHAOS CognitiveBudgetEngine prunes huge context traceably","details":""}}
{"at":"2026-05-14T18:12:22+00:00","event":"assertion","data":{"status":"pass","name":"CHAOS user prompt remains bounded after pruning","details":""}}
{"at":"2026-05-14T18:12:22+00:00","event":"assertion","data":{"status":"pass","name":"CHAOS Decision Room prompt does not leak context A marker","details":""}}
{"at":"2026-05-14T18:23:53+00:00","event":"assertion","data":{"status":"pass","name":"setup creates contexts A and B","details":"QA_RT_20260514_182353_466ed7ea"}}
{"at":"2026-05-14T18:23:53+00:00","event":"assertion","data":{"status":"pass","name":"TEST 1 setup created beliefs in A\/B","details":""}}
{"at":"2026-05-14T18:23:53+00:00","event":"assertion","data":{"status":"pass","name":"TEST 1 no B marker visible in context A bundle","details":""}}
{"at":"2026-05-14T18:23:53+00:00","event":"assertion","data":{"status":"pass","name":"TEST 1 no A marker visible in context B bundle","details":""}}
{"at":"2026-05-14T18:23:53+00:00","event":"assertion","data":{"status":"pass","name":"TEST 1 social dynamics scoped rows exist","details":""}}
{"at":"2026-05-14T18:23:53+00:00","event":"assertion","data":{"status":"pass","name":"TEST 1B strict read A returns only scoped A rows","details":""}}
{"at":"2026-05-14T18:23:53+00:00","event":"assertion","data":{"status":"pass","name":"TEST 1B strict read A excludes B and legacy NULL","details":""}}
{"at":"2026-05-14T18:23:53+00:00","event":"assertion","data":{"status":"pass","name":"TEST 1B strict read B returns only scoped B rows","details":""}}
{"at":"2026-05-14T18:23:53+00:00","event":"assertion","data":{"status":"pass","name":"TEST 1B strict read B excludes A and legacy NULL","details":""}}
{"at":"2026-05-14T18:23:53+00:00","event":"assertion","data":{"status":"pass","name":"TEST 1B opt-in legacy read returns A plus legacy only","details":""}}
{"at":"2026-05-14T18:23:53+00:00","event":"assertion","data":{"status":"pass","name":"TEST 1B prompt social block A excludes legacy and context B","details":""}}
{"at":"2026-05-14T18:23:53+00:00","event":"assertion","data":{"status":"pass","name":"TEST 1B prompt social block B excludes legacy and context A","details":""}}
{"at":"2026-05-14T18:23:53+00:00","event":"assertion","data":{"status":"pass","name":"TEST 1B social endpoint marks include_legacy=true on explicit opt-in","details":""}}
{"at":"2026-05-14T18:23:53+00:00","event":"assertion","data":{"status":"pass","name":"TEST 1B social endpoint marks legacy opt-in active","details":""}}
{"at":"2026-05-14T18:23:53+00:00","event":"assertion","data":{"status":"pass","name":"TEST 2 narrative recompute returns context A","details":""}}
{"at":"2026-05-14T18:23:53+00:00","event":"assertion","data":{"status":"pass","name":"TEST 2 narrative recompute does not update belief rows","details":""}}
{"at":"2026-05-14T18:23:53+00:00","event":"assertion","data":{"status":"pass","name":"TEST 2 narrative recompute does not append belief events","details":""}}
{"at":"2026-05-14T18:23:53+00:00","event":"assertion","data":{"status":"pass","name":"TEST 3 memory compiler runs twice","details":""}}
{"at":"2026-05-14T18:23:53+00:00","event":"assertion","data":{"status":"pass","name":"TEST 3 compiler does not mutate memory.md","details":""}}
{"at":"2026-05-14T18:23:53+00:00","event":"assertion","data":{"status":"pass","name":"TEST 3 compiler does not mutate beliefs","details":""}}
{"at":"2026-05-14T18:23:53+00:00","event":"assertion","data":{"status":"pass","name":"TEST 3 compiler does not mutate narrative","details":""}}
{"at":"2026-05-14T18:23:53+00:00","event":"assertion","data":{"status":"pass","name":"TEST 4 creates S1\/S2 snapshots","details":""}}
{"at":"2026-05-14T18:23:53+00:00","event":"assertion","data":{"status":"pass","name":"TEST 4 S1 payload stable after live mutation","details":""}}
{"at":"2026-05-14T18:23:53+00:00","event":"assertion","data":{"status":"pass","name":"TEST 4 snapshot compare returns ok","details":""}}
{"at":"2026-05-14T18:23:53+00:00","event":"assertion","data":{"status":"pass","name":"TEST 4 snapshot compare does not mutate live state","details":""}}
{"at":"2026-05-14T18:23:53+00:00","event":"assertion","data":{"status":"pass","name":"TEST 4 snapshot compare does not rewrite S1","details":""}}
{"at":"2026-05-14T18:23:53+00:00","event":"assertion","data":{"status":"pass","name":"TEST 4 no silent restore method exposed on ContextSnapshotService","details":""}}
{"at":"2026-05-14T18:23:53+00:00","event":"assertion","data":{"status":"pass","name":"TEST 5 context comparison returns ok","details":""}}
{"at":"2026-05-14T18:23:53+00:00","event":"assertion","data":{"status":"pass","name":"TEST 5 comparison declares runtime_meta.read_only","details":""}}
{"at":"2026-05-14T18:23:53+00:00","event":"assertion","data":{"status":"pass","name":"TEST 5 comparison does not change active context","details":""}}
{"at":"2026-05-14T18:23:53+00:00","event":"assertion","data":{"status":"pass","name":"TEST 5 comparison does not mutate context A tables","details":""}}
{"at":"2026-05-14T18:23:53+00:00","event":"assertion","data":{"status":"pass","name":"TEST 5 comparison does not mutate context B tables","details":""}}
{"at":"2026-05-14T18:23:53+00:00","event":"assertion","data":{"status":"pass","name":"TEST 5 comparison does not mutate context A files","details":""}}
{"at":"2026-05-14T18:23:53+00:00","event":"assertion","data":{"status":"pass","name":"TEST 5 comparison does not mutate context B files","details":""}}
{"at":"2026-05-14T18:23:53+00:00","event":"assertion","data":{"status":"pass","name":"TEST 6 PromptBuilder buildDecisionRoomMessages completes","details":""}}
{"at":"2026-05-14T18:23:53+00:00","event":"assertion","data":{"status":"pass","name":"TEST 6 PromptBuilder does not write SQLite","details":"app_logs delta=0"}}
{"at":"2026-05-14T18:23:53+00:00","event":"assertion","data":{"status":"pass","name":"TEST 6 PromptBuilder does not write filesystem","details":"memory existed before=no, after=no"}}
{"at":"2026-05-14T18:23:53+00:00","event":"assertion","data":{"status":"pass","name":"TEST 6 PromptBuilder with missing memory does not create memory.md","details":""}}
{"at":"2026-05-14T18:23:53+00:00","event":"assertion","data":{"status":"pass","name":"TEST 6 prompt trace and cognitive budget present","details":""}}
{"at":"2026-05-14T18:23:53+00:00","event":"assertion","data":{"status":"pass","name":"TEST 6 all prompt trace steps map to registry definitions","details":""}}
{"at":"2026-05-14T18:23:53+00:00","event":"assertion","data":{"status":"pass","name":"TEST 6 prompt message shape is stable","details":""}}
{"at":"2026-05-14T18:23:53+00:00","event":"assertion","data":{"status":"pass","name":"TEST 6 setup writes existing memory file","details":""}}
{"at":"2026-05-14T18:23:53+00:00","event":"assertion","data":{"status":"pass","name":"TEST 6 PromptBuilder build with existing memory completes","details":""}}
{"at":"2026-05-14T18:23:53+00:00","event":"assertion","data":{"status":"pass","name":"TEST 6 PromptBuilder with existing memory does not modify memory.md","details":""}}
{"at":"2026-05-14T18:23:53+00:00","event":"assertion","data":{"status":"pass","name":"TEST 6 PromptBuilder reads existing memory without content mutation","details":""}}
{"at":"2026-05-14T18:23:53+00:00","event":"assertion","data":{"status":"pass","name":"TEST 6 PromptBuilder does not reference Logger::logPromptBuild","details":""}}
{"at":"2026-05-14T18:23:53+00:00","event":"assertion","data":{"status":"pass","name":"TEST 6 PromptBuilder does not reference ensureFile","details":""}}
{"at":"2026-05-14T18:23:53+00:00","event":"assertion","data":{"status":"pass","name":"TEST 6 social repository defaults never enable legacy NULL rows","details":""}}
{"at":"2026-05-14T18:23:53+00:00","event":"assertion","data":{"status":"pass","name":"TEST 6 SocialPromptContextBuilder avoids global summary call when context can be provided","details":""}}
{"at":"2026-05-14T18:23:53+00:00","event":"assertion","data":{"status":"pass","name":"TEST 7 situated chat returns ok","details":""}}
{"at":"2026-05-14T18:23:53+00:00","event":"assertion","data":{"status":"pass","name":"TEST 7 situated chat returns cognitive_runtime","details":""}}
{"at":"2026-05-14T18:23:53+00:00","event":"assertion","data":{"status":"pass","name":"TEST 7 situated chat returns prompt_injection_trace","details":""}}
{"at":"2026-05-14T18:23:53+00:00","event":"assertion","data":{"status":"pass","name":"TEST 7 situated chat trace steps map to registry definitions","details":""}}
{"at":"2026-05-14T18:23:53+00:00","event":"assertion","data":{"status":"pass","name":"TEST 7 situated chat does not leak context A marker into B prompt","details":""}}
{"at":"2026-05-14T18:23:53+00:00","event":"assertion","data":{"status":"pass","name":"TEST 7 situated chat uses B scoped sources","details":""}}
{"at":"2026-05-14T18:23:53+00:00","event":"assertion","data":{"status":"pass","name":"TEST 8 static PromptBuilder has no persistence calls","details":""}}
{"at":"2026-05-14T18:23:53+00:00","event":"assertion","data":{"status":"pass","name":"TEST 8 static PromptBuilder has no filesystem writes","details":""}}
{"at":"2026-05-14T18:23:53+00:00","event":"assertion","data":{"status":"pass","name":"TEST 8 static PromptBuilder has no repository writes","details":""}}
{"at":"2026-05-14T18:23:53+00:00","event":"assertion","data":{"status":"pass","name":"TEST 8 forbidden call graph src\/Domain\/StrategicContext\/StrategicNarrativeService.php","details":""}}
{"at":"2026-05-14T18:23:53+00:00","event":"assertion","data":{"status":"pass","name":"TEST 8 forbidden call graph src\/Domain\/StrategicContext\/MemoryCompilerService.php","details":""}}
{"at":"2026-05-14T18:23:53+00:00","event":"assertion","data":{"status":"pass","name":"TEST 8 forbidden call graph src\/Domain\/StrategicContext\/ContextSnapshotService.php","details":""}}
{"at":"2026-05-14T18:23:53+00:00","event":"assertion","data":{"status":"pass","name":"TEST 8 forbidden call graph src\/Domain\/SocialDynamics\/SocialPromptContextBuilder.php","details":""}}
{"at":"2026-05-14T18:23:53+00:00","event":"assertion","data":{"status":"pass","name":"TEST 8 static includeLegacyNullRows=true not used as default","details":""}}
{"at":"2026-05-14T18:23:53+00:00","event":"assertion","data":{"status":"pass","name":"TEST 8 SocialPromptContextBuilder passes explicit strict-context arguments to summarizeForPrompt","details":""}}
{"at":"2026-05-14T18:23:53+00:00","event":"assertion","data":{"status":"pass","name":"TEST 8 runners do not opt-in legacy social reads by default","details":""}}
{"at":"2026-05-14T18:23:53+00:00","event":"assertion","data":{"status":"pass","name":"TEST 9 mutation guard blocks forbidden PromptBuilder -> SQLite write","details":""}}
{"at":"2026-05-14T18:23:53+00:00","event":"assertion","data":{"status":"pass","name":"CHAOS comparison asymmetric A\/chaos does not crash","details":""}}
{"at":"2026-05-14T18:23:53+00:00","event":"assertion","data":{"status":"pass","name":"CHAOS Decision Room trace complete and registry declared","details":""}}
{"at":"2026-05-14T18:23:53+00:00","event":"assertion","data":{"status":"pass","name":"CHAOS CognitiveBudgetEngine prunes huge context traceably","details":""}}
{"at":"2026-05-14T18:23:53+00:00","event":"assertion","data":{"status":"pass","name":"CHAOS user prompt remains bounded after pruning","details":""}}
{"at":"2026-05-14T18:23:53+00:00","event":"assertion","data":{"status":"pass","name":"CHAOS Decision Room prompt does not leak context A marker","details":""}}
{"at":"2026-05-14T18:23:53+00:00","event":"assertion","data":{"status":"pass","name":"setup creates contexts A and B","details":"QA_RT_20260514_182353_71a49724"}}
{"at":"2026-05-14T18:23:53+00:00","event":"assertion","data":{"status":"pass","name":"TEST 1 setup created beliefs in A\/B","details":""}}
{"at":"2026-05-14T18:23:53+00:00","event":"assertion","data":{"status":"pass","name":"TEST 1 no B marker visible in context A bundle","details":""}}
{"at":"2026-05-14T18:23:53+00:00","event":"assertion","data":{"status":"pass","name":"TEST 1 no A marker visible in context B bundle","details":""}}
{"at":"2026-05-14T18:23:53+00:00","event":"assertion","data":{"status":"pass","name":"TEST 1 social dynamics scoped rows exist","details":""}}
{"at":"2026-05-14T18:23:53+00:00","event":"assertion","data":{"status":"pass","name":"TEST 1B strict read A returns only scoped A rows","details":""}}
{"at":"2026-05-14T18:23:53+00:00","event":"assertion","data":{"status":"pass","name":"TEST 1B strict read A excludes B and legacy NULL","details":""}}
{"at":"2026-05-14T18:23:53+00:00","event":"assertion","data":{"status":"pass","name":"TEST 1B strict read B returns only scoped B rows","details":""}}
{"at":"2026-05-14T18:23:53+00:00","event":"assertion","data":{"status":"pass","name":"TEST 1B strict read B excludes A and legacy NULL","details":""}}
{"at":"2026-05-14T18:23:53+00:00","event":"assertion","data":{"status":"pass","name":"TEST 1B opt-in legacy read returns A plus legacy only","details":""}}
{"at":"2026-05-14T18:23:53+00:00","event":"assertion","data":{"status":"pass","name":"TEST 1B prompt social block A excludes legacy and context B","details":""}}
{"at":"2026-05-14T18:23:53+00:00","event":"assertion","data":{"status":"pass","name":"TEST 1B prompt social block B excludes legacy and context A","details":""}}
{"at":"2026-05-14T18:23:53+00:00","event":"assertion","data":{"status":"pass","name":"TEST 1B social endpoint marks include_legacy=true on explicit opt-in","details":""}}
{"at":"2026-05-14T18:23:53+00:00","event":"assertion","data":{"status":"pass","name":"TEST 1B social endpoint marks legacy opt-in active","details":""}}
{"at":"2026-05-14T18:23:53+00:00","event":"assertion","data":{"status":"pass","name":"TEST 2 narrative recompute returns context A","details":""}}
{"at":"2026-05-14T18:23:53+00:00","event":"assertion","data":{"status":"pass","name":"TEST 2 narrative recompute does not update belief rows","details":""}}
{"at":"2026-05-14T18:23:53+00:00","event":"assertion","data":{"status":"pass","name":"TEST 2 narrative recompute does not append belief events","details":""}}
{"at":"2026-05-14T18:23:53+00:00","event":"assertion","data":{"status":"pass","name":"TEST 3 memory compiler runs twice","details":""}}
{"at":"2026-05-14T18:23:53+00:00","event":"assertion","data":{"status":"pass","name":"TEST 3 compiler does not mutate memory.md","details":""}}
{"at":"2026-05-14T18:23:53+00:00","event":"assertion","data":{"status":"pass","name":"TEST 3 compiler does not mutate beliefs","details":""}}
{"at":"2026-05-14T18:23:53+00:00","event":"assertion","data":{"status":"pass","name":"TEST 3 compiler does not mutate narrative","details":""}}
{"at":"2026-05-14T18:23:53+00:00","event":"assertion","data":{"status":"pass","name":"TEST 4 creates S1\/S2 snapshots","details":""}}
{"at":"2026-05-14T18:23:53+00:00","event":"assertion","data":{"status":"pass","name":"TEST 4 S1 payload stable after live mutation","details":""}}
{"at":"2026-05-14T18:23:53+00:00","event":"assertion","data":{"status":"pass","name":"TEST 4 snapshot compare returns ok","details":""}}
{"at":"2026-05-14T18:23:53+00:00","event":"assertion","data":{"status":"pass","name":"TEST 4 snapshot compare does not mutate live state","details":""}}
{"at":"2026-05-14T18:23:53+00:00","event":"assertion","data":{"status":"pass","name":"TEST 4 snapshot compare does not rewrite S1","details":""}}
{"at":"2026-05-14T18:23:53+00:00","event":"assertion","data":{"status":"pass","name":"TEST 4 no silent restore method exposed on ContextSnapshotService","details":""}}
{"at":"2026-05-14T18:23:53+00:00","event":"assertion","data":{"status":"pass","name":"TEST 5 context comparison returns ok","details":""}}
{"at":"2026-05-14T18:23:53+00:00","event":"assertion","data":{"status":"pass","name":"TEST 5 comparison declares runtime_meta.read_only","details":""}}
{"at":"2026-05-14T18:23:53+00:00","event":"assertion","data":{"status":"pass","name":"TEST 5 comparison does not change active context","details":""}}
{"at":"2026-05-14T18:23:53+00:00","event":"assertion","data":{"status":"pass","name":"TEST 5 comparison does not mutate context A tables","details":""}}
{"at":"2026-05-14T18:23:53+00:00","event":"assertion","data":{"status":"pass","name":"TEST 5 comparison does not mutate context B tables","details":""}}
{"at":"2026-05-14T18:23:53+00:00","event":"assertion","data":{"status":"pass","name":"TEST 5 comparison does not mutate context A files","details":""}}
{"at":"2026-05-14T18:23:53+00:00","event":"assertion","data":{"status":"pass","name":"TEST 5 comparison does not mutate context B files","details":""}}
{"at":"2026-05-14T18:23:53+00:00","event":"assertion","data":{"status":"pass","name":"TEST 6 PromptBuilder buildDecisionRoomMessages completes","details":""}}
{"at":"2026-05-14T18:23:53+00:00","event":"assertion","data":{"status":"pass","name":"TEST 6 PromptBuilder does not write SQLite","details":"app_logs delta=0"}}
{"at":"2026-05-14T18:23:53+00:00","event":"assertion","data":{"status":"pass","name":"TEST 6 PromptBuilder does not write filesystem","details":"memory existed before=no, after=no"}}
{"at":"2026-05-14T18:23:53+00:00","event":"assertion","data":{"status":"pass","name":"TEST 6 PromptBuilder with missing memory does not create memory.md","details":""}}
{"at":"2026-05-14T18:23:53+00:00","event":"assertion","data":{"status":"pass","name":"TEST 6 prompt trace and cognitive budget present","details":""}}
{"at":"2026-05-14T18:23:53+00:00","event":"assertion","data":{"status":"pass","name":"TEST 6 all prompt trace steps map to registry definitions","details":""}}
{"at":"2026-05-14T18:23:53+00:00","event":"assertion","data":{"status":"pass","name":"TEST 6 prompt message shape is stable","details":""}}
{"at":"2026-05-14T18:23:53+00:00","event":"assertion","data":{"status":"pass","name":"TEST 6 setup writes existing memory file","details":""}}
{"at":"2026-05-14T18:23:53+00:00","event":"assertion","data":{"status":"pass","name":"TEST 6 PromptBuilder build with existing memory completes","details":""}}
{"at":"2026-05-14T18:23:53+00:00","event":"assertion","data":{"status":"pass","name":"TEST 6 PromptBuilder with existing memory does not modify memory.md","details":""}}
{"at":"2026-05-14T18:23:53+00:00","event":"assertion","data":{"status":"pass","name":"TEST 6 PromptBuilder reads existing memory without content mutation","details":""}}
{"at":"2026-05-14T18:23:53+00:00","event":"assertion","data":{"status":"pass","name":"TEST 6 PromptBuilder does not reference Logger::logPromptBuild","details":""}}
{"at":"2026-05-14T18:23:53+00:00","event":"assertion","data":{"status":"pass","name":"TEST 6 PromptBuilder does not reference ensureFile","details":""}}
{"at":"2026-05-14T18:23:53+00:00","event":"assertion","data":{"status":"pass","name":"TEST 6 social repository defaults never enable legacy NULL rows","details":""}}
{"at":"2026-05-14T18:23:53+00:00","event":"assertion","data":{"status":"pass","name":"TEST 6 SocialPromptContextBuilder avoids global summary call when context can be provided","details":""}}
{"at":"2026-05-14T18:23:54+00:00","event":"assertion","data":{"status":"pass","name":"TEST 7 situated chat returns ok","details":""}}
{"at":"2026-05-14T18:23:54+00:00","event":"assertion","data":{"status":"pass","name":"TEST 7 situated chat returns cognitive_runtime","details":""}}
{"at":"2026-05-14T18:23:54+00:00","event":"assertion","data":{"status":"pass","name":"TEST 7 situated chat returns prompt_injection_trace","details":""}}
{"at":"2026-05-14T18:23:54+00:00","event":"assertion","data":{"status":"pass","name":"TEST 7 situated chat trace steps map to registry definitions","details":""}}
{"at":"2026-05-14T18:23:54+00:00","event":"assertion","data":{"status":"pass","name":"TEST 7 situated chat does not leak context A marker into B prompt","details":""}}
{"at":"2026-05-14T18:23:54+00:00","event":"assertion","data":{"status":"pass","name":"TEST 7 situated chat uses B scoped sources","details":""}}
{"at":"2026-05-14T18:23:54+00:00","event":"assertion","data":{"status":"pass","name":"TEST 8 static PromptBuilder has no persistence calls","details":""}}
{"at":"2026-05-14T18:23:54+00:00","event":"assertion","data":{"status":"pass","name":"TEST 8 static PromptBuilder has no filesystem writes","details":""}}
{"at":"2026-05-14T18:23:54+00:00","event":"assertion","data":{"status":"pass","name":"TEST 8 static PromptBuilder has no repository writes","details":""}}
{"at":"2026-05-14T18:23:54+00:00","event":"assertion","data":{"status":"pass","name":"TEST 8 forbidden call graph src\/Domain\/StrategicContext\/StrategicNarrativeService.php","details":""}}
{"at":"2026-05-14T18:23:54+00:00","event":"assertion","data":{"status":"pass","name":"TEST 8 forbidden call graph src\/Domain\/StrategicContext\/MemoryCompilerService.php","details":""}}
{"at":"2026-05-14T18:23:54+00:00","event":"assertion","data":{"status":"pass","name":"TEST 8 forbidden call graph src\/Domain\/StrategicContext\/ContextSnapshotService.php","details":""}}
{"at":"2026-05-14T18:23:54+00:00","event":"assertion","data":{"status":"pass","name":"TEST 8 forbidden call graph src\/Domain\/SocialDynamics\/SocialPromptContextBuilder.php","details":""}}
{"at":"2026-05-14T18:23:54+00:00","event":"assertion","data":{"status":"pass","name":"TEST 8 static includeLegacyNullRows=true not used as default","details":""}}
{"at":"2026-05-14T18:23:54+00:00","event":"assertion","data":{"status":"pass","name":"TEST 8 SocialPromptContextBuilder passes explicit strict-context arguments to summarizeForPrompt","details":""}}
{"at":"2026-05-14T18:23:54+00:00","event":"assertion","data":{"status":"pass","name":"TEST 8 runners do not opt-in legacy social reads by default","details":""}}
{"at":"2026-05-14T18:23:54+00:00","event":"assertion","data":{"status":"pass","name":"TEST 9 mutation guard blocks forbidden PromptBuilder -> SQLite write","details":""}}
{"at":"2026-05-14T18:23:54+00:00","event":"assertion","data":{"status":"pass","name":"CHAOS comparison asymmetric A\/chaos does not crash","details":""}}
{"at":"2026-05-14T18:23:54+00:00","event":"assertion","data":{"status":"pass","name":"CHAOS Decision Room trace complete and registry declared","details":""}}
{"at":"2026-05-14T18:23:54+00:00","event":"assertion","data":{"status":"pass","name":"CHAOS CognitiveBudgetEngine prunes huge context traceably","details":""}}
{"at":"2026-05-14T18:23:54+00:00","event":"assertion","data":{"status":"pass","name":"CHAOS user prompt remains bounded after pruning","details":""}}
{"at":"2026-05-14T18:23:54+00:00","event":"assertion","data":{"status":"pass","name":"CHAOS Decision Room prompt does not leak context A marker","details":""}}
{"at":"2026-05-14T18:37:12+00:00","event":"assertion","data":{"status":"pass","name":"setup creates contexts A and B","details":"QA_RT_20260514_183712_140302e3"}}
{"at":"2026-05-14T18:37:13+00:00","event":"assertion","data":{"status":"pass","name":"TEST 1 setup created beliefs in A\/B","details":""}}
{"at":"2026-05-14T18:37:13+00:00","event":"assertion","data":{"status":"pass","name":"TEST 1 no B marker visible in context A bundle","details":""}}
{"at":"2026-05-14T18:37:13+00:00","event":"assertion","data":{"status":"pass","name":"TEST 1 no A marker visible in context B bundle","details":""}}
{"at":"2026-05-14T18:37:13+00:00","event":"assertion","data":{"status":"pass","name":"TEST 1 social dynamics scoped rows exist","details":""}}
{"at":"2026-05-14T18:37:13+00:00","event":"assertion","data":{"status":"pass","name":"TEST 1B strict read A returns only scoped A rows","details":""}}
{"at":"2026-05-14T18:37:13+00:00","event":"assertion","data":{"status":"pass","name":"TEST 1B strict read A excludes B and legacy NULL","details":""}}
{"at":"2026-05-14T18:37:13+00:00","event":"assertion","data":{"status":"pass","name":"TEST 1B strict read B returns only scoped B rows","details":""}}
{"at":"2026-05-14T18:37:13+00:00","event":"assertion","data":{"status":"pass","name":"TEST 1B strict read B excludes A and legacy NULL","details":""}}
{"at":"2026-05-14T18:37:13+00:00","event":"assertion","data":{"status":"pass","name":"TEST 1B opt-in legacy read returns A plus legacy only","details":""}}
{"at":"2026-05-14T18:37:13+00:00","event":"assertion","data":{"status":"pass","name":"TEST 1B prompt social block A excludes legacy and context B","details":""}}
{"at":"2026-05-14T18:37:13+00:00","event":"assertion","data":{"status":"pass","name":"TEST 1B prompt social block B excludes legacy and context A","details":""}}
{"at":"2026-05-14T18:37:13+00:00","event":"assertion","data":{"status":"pass","name":"TEST 1B social endpoint marks include_legacy=true on explicit opt-in","details":""}}
{"at":"2026-05-14T18:37:13+00:00","event":"assertion","data":{"status":"pass","name":"TEST 1B social endpoint marks legacy opt-in active","details":""}}
{"at":"2026-05-14T18:37:13+00:00","event":"assertion","data":{"status":"pass","name":"TEST 2 narrative recompute returns context A","details":""}}
{"at":"2026-05-14T18:37:13+00:00","event":"assertion","data":{"status":"pass","name":"TEST 2 narrative recompute does not update belief rows","details":""}}
{"at":"2026-05-14T18:37:13+00:00","event":"assertion","data":{"status":"pass","name":"TEST 2 narrative recompute does not append belief events","details":""}}
{"at":"2026-05-14T18:37:13+00:00","event":"assertion","data":{"status":"pass","name":"TEST 3 memory compiler runs twice","details":""}}
{"at":"2026-05-14T18:37:13+00:00","event":"assertion","data":{"status":"pass","name":"TEST 3 compiler does not mutate memory.md","details":""}}
{"at":"2026-05-14T18:37:13+00:00","event":"assertion","data":{"status":"pass","name":"TEST 3 compiler does not mutate beliefs","details":""}}
{"at":"2026-05-14T18:37:13+00:00","event":"assertion","data":{"status":"pass","name":"TEST 3 compiler does not mutate narrative","details":""}}
{"at":"2026-05-14T18:37:13+00:00","event":"assertion","data":{"status":"pass","name":"TEST 4 creates S1\/S2 snapshots","details":""}}
{"at":"2026-05-14T18:37:13+00:00","event":"assertion","data":{"status":"pass","name":"TEST 4 S1 payload stable after live mutation","details":""}}
{"at":"2026-05-14T18:37:13+00:00","event":"assertion","data":{"status":"pass","name":"TEST 4 snapshot compare returns ok","details":""}}
{"at":"2026-05-14T18:37:13+00:00","event":"assertion","data":{"status":"pass","name":"TEST 4 snapshot compare does not mutate live state","details":""}}
{"at":"2026-05-14T18:37:13+00:00","event":"assertion","data":{"status":"pass","name":"TEST 4 snapshot compare does not rewrite S1","details":""}}
{"at":"2026-05-14T18:37:13+00:00","event":"assertion","data":{"status":"pass","name":"TEST 4 no silent restore method exposed on ContextSnapshotService","details":""}}
{"at":"2026-05-14T18:37:13+00:00","event":"assertion","data":{"status":"pass","name":"TEST 5 context comparison returns ok","details":""}}
{"at":"2026-05-14T18:37:13+00:00","event":"assertion","data":{"status":"pass","name":"TEST 5 comparison declares runtime_meta.read_only","details":""}}
{"at":"2026-05-14T18:37:13+00:00","event":"assertion","data":{"status":"pass","name":"TEST 5 comparison does not change active context","details":""}}
{"at":"2026-05-14T18:37:13+00:00","event":"assertion","data":{"status":"pass","name":"TEST 5 comparison does not mutate context A tables","details":""}}
{"at":"2026-05-14T18:37:13+00:00","event":"assertion","data":{"status":"pass","name":"TEST 5 comparison does not mutate context B tables","details":""}}
{"at":"2026-05-14T18:37:13+00:00","event":"assertion","data":{"status":"pass","name":"TEST 5 comparison does not mutate context A files","details":""}}
{"at":"2026-05-14T18:37:13+00:00","event":"assertion","data":{"status":"pass","name":"TEST 5 comparison does not mutate context B files","details":""}}
{"at":"2026-05-14T18:37:13+00:00","event":"assertion","data":{"status":"pass","name":"TEST 6 PromptBuilder buildDecisionRoomMessages completes","details":""}}
{"at":"2026-05-14T18:37:13+00:00","event":"assertion","data":{"status":"pass","name":"TEST 6 PromptBuilder does not write SQLite","details":"app_logs delta=0"}}
{"at":"2026-05-14T18:37:13+00:00","event":"assertion","data":{"status":"pass","name":"TEST 6 PromptBuilder does not write filesystem","details":"memory existed before=no, after=no"}}
{"at":"2026-05-14T18:37:13+00:00","event":"assertion","data":{"status":"pass","name":"TEST 6 PromptBuilder with missing memory does not create memory.md","details":""}}
{"at":"2026-05-14T18:37:13+00:00","event":"assertion","data":{"status":"pass","name":"TEST 6 prompt trace and cognitive budget present","details":""}}
{"at":"2026-05-14T18:37:13+00:00","event":"assertion","data":{"status":"pass","name":"TEST 6 all prompt trace steps map to registry definitions","details":""}}
{"at":"2026-05-14T18:37:13+00:00","event":"assertion","data":{"status":"pass","name":"TEST 6 prompt message shape is stable","details":""}}
{"at":"2026-05-14T18:37:13+00:00","event":"assertion","data":{"status":"pass","name":"TEST 6 setup writes existing memory file","details":""}}
{"at":"2026-05-14T18:37:13+00:00","event":"assertion","data":{"status":"pass","name":"TEST 6 PromptBuilder build with existing memory completes","details":""}}
{"at":"2026-05-14T18:37:13+00:00","event":"assertion","data":{"status":"pass","name":"TEST 6 PromptBuilder with existing memory does not modify memory.md","details":""}}
{"at":"2026-05-14T18:37:13+00:00","event":"assertion","data":{"status":"pass","name":"TEST 6 PromptBuilder reads existing memory without content mutation","details":""}}
{"at":"2026-05-14T18:37:13+00:00","event":"assertion","data":{"status":"pass","name":"TEST 6 PromptBuilder does not reference Logger::logPromptBuild","details":""}}
{"at":"2026-05-14T18:37:13+00:00","event":"assertion","data":{"status":"pass","name":"TEST 6 PromptBuilder does not reference ensureFile","details":""}}
{"at":"2026-05-14T18:37:13+00:00","event":"assertion","data":{"status":"pass","name":"TEST 6 social repository defaults never enable legacy NULL rows","details":""}}
{"at":"2026-05-14T18:37:13+00:00","event":"assertion","data":{"status":"pass","name":"TEST 6 SocialPromptContextBuilder avoids global summary call when context can be provided","details":""}}
{"at":"2026-05-14T18:37:13+00:00","event":"assertion","data":{"status":"pass","name":"TEST 7 situated chat returns ok","details":""}}
{"at":"2026-05-14T18:37:13+00:00","event":"assertion","data":{"status":"pass","name":"TEST 7 situated chat returns cognitive_runtime","details":""}}
{"at":"2026-05-14T18:37:13+00:00","event":"assertion","data":{"status":"pass","name":"TEST 7 situated chat returns prompt_injection_trace","details":""}}
{"at":"2026-05-14T18:37:13+00:00","event":"assertion","data":{"status":"pass","name":"TEST 7 situated chat trace steps map to registry definitions","details":""}}
{"at":"2026-05-14T18:37:13+00:00","event":"assertion","data":{"status":"pass","name":"TEST 7 situated chat does not leak context A marker into B prompt","details":""}}
{"at":"2026-05-14T18:37:13+00:00","event":"assertion","data":{"status":"pass","name":"TEST 7 situated chat uses B scoped sources","details":""}}
{"at":"2026-05-14T18:37:13+00:00","event":"assertion","data":{"status":"pass","name":"TEST 8 static PromptBuilder has no persistence calls","details":""}}
{"at":"2026-05-14T18:37:13+00:00","event":"assertion","data":{"status":"pass","name":"TEST 8 static PromptBuilder has no filesystem writes","details":""}}
{"at":"2026-05-14T18:37:13+00:00","event":"assertion","data":{"status":"pass","name":"TEST 8 static PromptBuilder has no repository writes","details":""}}
{"at":"2026-05-14T18:37:13+00:00","event":"assertion","data":{"status":"pass","name":"TEST 8 forbidden call graph src\/Domain\/StrategicContext\/StrategicNarrativeService.php","details":""}}
{"at":"2026-05-14T18:37:13+00:00","event":"assertion","data":{"status":"pass","name":"TEST 8 forbidden call graph src\/Domain\/StrategicContext\/MemoryCompilerService.php","details":""}}
{"at":"2026-05-14T18:37:13+00:00","event":"assertion","data":{"status":"pass","name":"TEST 8 forbidden call graph src\/Domain\/StrategicContext\/ContextSnapshotService.php","details":""}}
{"at":"2026-05-14T18:37:13+00:00","event":"assertion","data":{"status":"pass","name":"TEST 8 forbidden call graph src\/Domain\/SocialDynamics\/SocialPromptContextBuilder.php","details":""}}
{"at":"2026-05-14T18:37:13+00:00","event":"assertion","data":{"status":"pass","name":"TEST 8 static includeLegacyNullRows=true not used as default","details":""}}
{"at":"2026-05-14T18:37:13+00:00","event":"assertion","data":{"status":"pass","name":"TEST 8 SocialPromptContextBuilder passes explicit strict-context arguments to summarizeForPrompt","details":""}}
{"at":"2026-05-14T18:37:13+00:00","event":"assertion","data":{"status":"pass","name":"TEST 8 runners do not opt-in legacy social reads by default","details":""}}
{"at":"2026-05-14T18:37:13+00:00","event":"assertion","data":{"status":"pass","name":"TEST 9 mutation guard blocks forbidden PromptBuilder -> SQLite write","details":""}}
{"at":"2026-05-14T18:37:13+00:00","event":"assertion","data":{"status":"pass","name":"CHAOS comparison asymmetric A\/chaos does not crash","details":""}}
{"at":"2026-05-14T18:37:13+00:00","event":"assertion","data":{"status":"pass","name":"CHAOS Decision Room trace complete and registry declared","details":""}}
{"at":"2026-05-14T18:37:13+00:00","event":"assertion","data":{"status":"pass","name":"CHAOS CognitiveBudgetEngine prunes huge context traceably","details":""}}
{"at":"2026-05-14T18:37:13+00:00","event":"assertion","data":{"status":"pass","name":"CHAOS user prompt remains bounded after pruning","details":""}}
{"at":"2026-05-14T18:37:13+00:00","event":"assertion","data":{"status":"pass","name":"CHAOS Decision Room prompt does not leak context A marker","details":""}}
{"at":"2026-05-14T18:37:13+00:00","event":"assertion","data":{"status":"pass","name":"setup creates contexts A and B","details":"QA_RT_20260514_183713_e838553a"}}
{"at":"2026-05-14T18:37:13+00:00","event":"assertion","data":{"status":"pass","name":"TEST 1 setup created beliefs in A\/B","details":""}}
{"at":"2026-05-14T18:37:13+00:00","event":"assertion","data":{"status":"pass","name":"TEST 1 no B marker visible in context A bundle","details":""}}
{"at":"2026-05-14T18:37:13+00:00","event":"assertion","data":{"status":"pass","name":"TEST 1 no A marker visible in context B bundle","details":""}}
{"at":"2026-05-14T18:37:13+00:00","event":"assertion","data":{"status":"pass","name":"TEST 1 social dynamics scoped rows exist","details":""}}
{"at":"2026-05-14T18:37:13+00:00","event":"assertion","data":{"status":"pass","name":"TEST 1B strict read A returns only scoped A rows","details":""}}
{"at":"2026-05-14T18:37:13+00:00","event":"assertion","data":{"status":"pass","name":"TEST 1B strict read A excludes B and legacy NULL","details":""}}
{"at":"2026-05-14T18:37:13+00:00","event":"assertion","data":{"status":"pass","name":"TEST 1B strict read B returns only scoped B rows","details":""}}
{"at":"2026-05-14T18:37:13+00:00","event":"assertion","data":{"status":"pass","name":"TEST 1B strict read B excludes A and legacy NULL","details":""}}
{"at":"2026-05-14T18:37:13+00:00","event":"assertion","data":{"status":"pass","name":"TEST 1B opt-in legacy read returns A plus legacy only","details":""}}
{"at":"2026-05-14T18:37:13+00:00","event":"assertion","data":{"status":"pass","name":"TEST 1B prompt social block A excludes legacy and context B","details":""}}
{"at":"2026-05-14T18:37:13+00:00","event":"assertion","data":{"status":"pass","name":"TEST 1B prompt social block B excludes legacy and context A","details":""}}
{"at":"2026-05-14T18:37:13+00:00","event":"assertion","data":{"status":"pass","name":"TEST 1B social endpoint marks include_legacy=true on explicit opt-in","details":""}}
{"at":"2026-05-14T18:37:13+00:00","event":"assertion","data":{"status":"pass","name":"TEST 1B social endpoint marks legacy opt-in active","details":""}}
{"at":"2026-05-14T18:37:13+00:00","event":"assertion","data":{"status":"pass","name":"TEST 2 narrative recompute returns context A","details":""}}
{"at":"2026-05-14T18:37:13+00:00","event":"assertion","data":{"status":"pass","name":"TEST 2 narrative recompute does not update belief rows","details":""}}
{"at":"2026-05-14T18:37:13+00:00","event":"assertion","data":{"status":"pass","name":"TEST 2 narrative recompute does not append belief events","details":""}}
{"at":"2026-05-14T18:37:13+00:00","event":"assertion","data":{"status":"pass","name":"TEST 3 memory compiler runs twice","details":""}}
{"at":"2026-05-14T18:37:13+00:00","event":"assertion","data":{"status":"pass","name":"TEST 3 compiler does not mutate memory.md","details":""}}
{"at":"2026-05-14T18:37:13+00:00","event":"assertion","data":{"status":"pass","name":"TEST 3 compiler does not mutate beliefs","details":""}}
{"at":"2026-05-14T18:37:13+00:00","event":"assertion","data":{"status":"pass","name":"TEST 3 compiler does not mutate narrative","details":""}}
{"at":"2026-05-14T18:37:13+00:00","event":"assertion","data":{"status":"pass","name":"TEST 4 creates S1\/S2 snapshots","details":""}}
{"at":"2026-05-14T18:37:13+00:00","event":"assertion","data":{"status":"pass","name":"TEST 4 S1 payload stable after live mutation","details":""}}
{"at":"2026-05-14T18:37:13+00:00","event":"assertion","data":{"status":"pass","name":"TEST 4 snapshot compare returns ok","details":""}}
{"at":"2026-05-14T18:37:13+00:00","event":"assertion","data":{"status":"pass","name":"TEST 4 snapshot compare does not mutate live state","details":""}}
{"at":"2026-05-14T18:37:13+00:00","event":"assertion","data":{"status":"pass","name":"TEST 4 snapshot compare does not rewrite S1","details":""}}
{"at":"2026-05-14T18:37:13+00:00","event":"assertion","data":{"status":"pass","name":"TEST 4 no silent restore method exposed on ContextSnapshotService","details":""}}
{"at":"2026-05-14T18:37:13+00:00","event":"assertion","data":{"status":"pass","name":"TEST 5 context comparison returns ok","details":""}}
{"at":"2026-05-14T18:37:13+00:00","event":"assertion","data":{"status":"pass","name":"TEST 5 comparison declares runtime_meta.read_only","details":""}}
{"at":"2026-05-14T18:37:13+00:00","event":"assertion","data":{"status":"pass","name":"TEST 5 comparison does not change active context","details":""}}
{"at":"2026-05-14T18:37:13+00:00","event":"assertion","data":{"status":"pass","name":"TEST 5 comparison does not mutate context A tables","details":""}}
{"at":"2026-05-14T18:37:13+00:00","event":"assertion","data":{"status":"pass","name":"TEST 5 comparison does not mutate context B tables","details":""}}
{"at":"2026-05-14T18:37:13+00:00","event":"assertion","data":{"status":"pass","name":"TEST 5 comparison does not mutate context A files","details":""}}
{"at":"2026-05-14T18:37:13+00:00","event":"assertion","data":{"status":"pass","name":"TEST 5 comparison does not mutate context B files","details":""}}
{"at":"2026-05-14T18:37:13+00:00","event":"assertion","data":{"status":"pass","name":"TEST 6 PromptBuilder buildDecisionRoomMessages completes","details":""}}
{"at":"2026-05-14T18:37:13+00:00","event":"assertion","data":{"status":"pass","name":"TEST 6 PromptBuilder does not write SQLite","details":"app_logs delta=0"}}
{"at":"2026-05-14T18:37:13+00:00","event":"assertion","data":{"status":"pass","name":"TEST 6 PromptBuilder does not write filesystem","details":"memory existed before=no, after=no"}}
{"at":"2026-05-14T18:37:13+00:00","event":"assertion","data":{"status":"pass","name":"TEST 6 PromptBuilder with missing memory does not create memory.md","details":""}}
{"at":"2026-05-14T18:37:13+00:00","event":"assertion","data":{"status":"pass","name":"TEST 6 prompt trace and cognitive budget present","details":""}}
{"at":"2026-05-14T18:37:13+00:00","event":"assertion","data":{"status":"pass","name":"TEST 6 all prompt trace steps map to registry definitions","details":""}}
{"at":"2026-05-14T18:37:13+00:00","event":"assertion","data":{"status":"pass","name":"TEST 6 prompt message shape is stable","details":""}}
{"at":"2026-05-14T18:37:13+00:00","event":"assertion","data":{"status":"pass","name":"TEST 6 setup writes existing memory file","details":""}}
{"at":"2026-05-14T18:37:13+00:00","event":"assertion","data":{"status":"pass","name":"TEST 6 PromptBuilder build with existing memory completes","details":""}}
{"at":"2026-05-14T18:37:13+00:00","event":"assertion","data":{"status":"pass","name":"TEST 6 PromptBuilder with existing memory does not modify memory.md","details":""}}
{"at":"2026-05-14T18:37:13+00:00","event":"assertion","data":{"status":"pass","name":"TEST 6 PromptBuilder reads existing memory without content mutation","details":""}}
{"at":"2026-05-14T18:37:13+00:00","event":"assertion","data":{"status":"pass","name":"TEST 6 PromptBuilder does not reference Logger::logPromptBuild","details":""}}
{"at":"2026-05-14T18:37:13+00:00","event":"assertion","data":{"status":"pass","name":"TEST 6 PromptBuilder does not reference ensureFile","details":""}}
{"at":"2026-05-14T18:37:13+00:00","event":"assertion","data":{"status":"pass","name":"TEST 6 social repository defaults never enable legacy NULL rows","details":""}}
{"at":"2026-05-14T18:37:13+00:00","event":"assertion","data":{"status":"pass","name":"TEST 6 SocialPromptContextBuilder avoids global summary call when context can be provided","details":""}}
{"at":"2026-05-14T18:37:13+00:00","event":"assertion","data":{"status":"pass","name":"TEST 7 situated chat returns ok","details":""}}
{"at":"2026-05-14T18:37:13+00:00","event":"assertion","data":{"status":"pass","name":"TEST 7 situated chat returns cognitive_runtime","details":""}}
{"at":"2026-05-14T18:37:13+00:00","event":"assertion","data":{"status":"pass","name":"TEST 7 situated chat returns prompt_injection_trace","details":""}}
{"at":"2026-05-14T18:37:13+00:00","event":"assertion","data":{"status":"pass","name":"TEST 7 situated chat trace steps map to registry definitions","details":""}}
{"at":"2026-05-14T18:37:13+00:00","event":"assertion","data":{"status":"pass","name":"TEST 7 situated chat does not leak context A marker into B prompt","details":""}}
{"at":"2026-05-14T18:37:13+00:00","event":"assertion","data":{"status":"pass","name":"TEST 7 situated chat uses B scoped sources","details":""}}
{"at":"2026-05-14T18:37:13+00:00","event":"assertion","data":{"status":"pass","name":"TEST 8 static PromptBuilder has no persistence calls","details":""}}
{"at":"2026-05-14T18:37:13+00:00","event":"assertion","data":{"status":"pass","name":"TEST 8 static PromptBuilder has no filesystem writes","details":""}}
{"at":"2026-05-14T18:37:13+00:00","event":"assertion","data":{"status":"pass","name":"TEST 8 static PromptBuilder has no repository writes","details":""}}
{"at":"2026-05-14T18:37:13+00:00","event":"assertion","data":{"status":"pass","name":"TEST 8 forbidden call graph src\/Domain\/StrategicContext\/StrategicNarrativeService.php","details":""}}
{"at":"2026-05-14T18:37:13+00:00","event":"assertion","data":{"status":"pass","name":"TEST 8 forbidden call graph src\/Domain\/StrategicContext\/MemoryCompilerService.php","details":""}}
{"at":"2026-05-14T18:37:13+00:00","event":"assertion","data":{"status":"pass","name":"TEST 8 forbidden call graph src\/Domain\/StrategicContext\/ContextSnapshotService.php","details":""}}
{"at":"2026-05-14T18:37:13+00:00","event":"assertion","data":{"status":"pass","name":"TEST 8 forbidden call graph src\/Domain\/SocialDynamics\/SocialPromptContextBuilder.php","details":""}}
{"at":"2026-05-14T18:37:13+00:00","event":"assertion","data":{"status":"pass","name":"TEST 8 static includeLegacyNullRows=true not used as default","details":""}}
{"at":"2026-05-14T18:37:13+00:00","event":"assertion","data":{"status":"pass","name":"TEST 8 SocialPromptContextBuilder passes explicit strict-context arguments to summarizeForPrompt","details":""}}
{"at":"2026-05-14T18:37:13+00:00","event":"assertion","data":{"status":"pass","name":"TEST 8 runners do not opt-in legacy social reads by default","details":""}}
{"at":"2026-05-14T18:37:13+00:00","event":"assertion","data":{"status":"pass","name":"TEST 9 mutation guard blocks forbidden PromptBuilder -> SQLite write","details":""}}
{"at":"2026-05-14T18:37:13+00:00","event":"assertion","data":{"status":"pass","name":"CHAOS comparison asymmetric A\/chaos does not crash","details":""}}
{"at":"2026-05-14T18:37:13+00:00","event":"assertion","data":{"status":"pass","name":"CHAOS Decision Room trace complete and registry declared","details":""}}
{"at":"2026-05-14T18:37:13+00:00","event":"assertion","data":{"status":"pass","name":"CHAOS CognitiveBudgetEngine prunes huge context traceably","details":""}}
{"at":"2026-05-14T18:37:13+00:00","event":"assertion","data":{"status":"pass","name":"CHAOS user prompt remains bounded after pruning","details":""}}
{"at":"2026-05-14T18:37:13+00:00","event":"assertion","data":{"status":"pass","name":"CHAOS Decision Room prompt does not leak context A marker","details":""}}
{"at":"2026-05-14T18:45:27+00:00","event":"assertion","data":{"status":"pass","name":"setup creates contexts A and B","details":"QA_RT_20260514_184527_f0d3260e"}}
{"at":"2026-05-14T18:45:27+00:00","event":"assertion","data":{"status":"pass","name":"TEST 1 setup created beliefs in A\/B","details":""}}
{"at":"2026-05-14T18:45:27+00:00","event":"assertion","data":{"status":"pass","name":"TEST 1 no B marker visible in context A bundle","details":""}}
{"at":"2026-05-14T18:45:27+00:00","event":"assertion","data":{"status":"pass","name":"TEST 1 no A marker visible in context B bundle","details":""}}
{"at":"2026-05-14T18:45:27+00:00","event":"assertion","data":{"status":"pass","name":"TEST 1 social dynamics scoped rows exist","details":""}}
{"at":"2026-05-14T18:45:27+00:00","event":"assertion","data":{"status":"pass","name":"TEST 1B strict read A returns only scoped A rows","details":""}}
{"at":"2026-05-14T18:45:27+00:00","event":"assertion","data":{"status":"pass","name":"TEST 1B strict read A excludes B and legacy NULL","details":""}}
{"at":"2026-05-14T18:45:27+00:00","event":"assertion","data":{"status":"pass","name":"TEST 1B strict read B returns only scoped B rows","details":""}}
{"at":"2026-05-14T18:45:27+00:00","event":"assertion","data":{"status":"pass","name":"TEST 1B strict read B excludes A and legacy NULL","details":""}}
{"at":"2026-05-14T18:45:27+00:00","event":"assertion","data":{"status":"pass","name":"TEST 1B opt-in legacy read returns A plus legacy only","details":""}}
{"at":"2026-05-14T18:45:27+00:00","event":"assertion","data":{"status":"pass","name":"TEST 1B prompt social block A excludes legacy and context B","details":""}}
{"at":"2026-05-14T18:45:27+00:00","event":"assertion","data":{"status":"pass","name":"TEST 1B prompt social block B excludes legacy and context A","details":""}}
{"at":"2026-05-14T18:45:27+00:00","event":"assertion","data":{"status":"pass","name":"TEST 1B social endpoint marks include_legacy=true on explicit opt-in","details":""}}
{"at":"2026-05-14T18:45:27+00:00","event":"assertion","data":{"status":"pass","name":"TEST 1B social endpoint marks legacy opt-in active","details":""}}
{"at":"2026-05-14T18:45:27+00:00","event":"assertion","data":{"status":"pass","name":"TEST 2 narrative recompute returns context A","details":""}}
{"at":"2026-05-14T18:45:27+00:00","event":"assertion","data":{"status":"pass","name":"TEST 2 narrative recompute does not update belief rows","details":""}}
{"at":"2026-05-14T18:45:27+00:00","event":"assertion","data":{"status":"pass","name":"TEST 2 narrative recompute does not append belief events","details":""}}
{"at":"2026-05-14T18:45:27+00:00","event":"assertion","data":{"status":"pass","name":"TEST 3 memory compiler runs twice","details":""}}
{"at":"2026-05-14T18:45:27+00:00","event":"assertion","data":{"status":"pass","name":"TEST 3 compiler does not mutate memory.md","details":""}}
{"at":"2026-05-14T18:45:27+00:00","event":"assertion","data":{"status":"pass","name":"TEST 3 compiler does not mutate beliefs","details":""}}
{"at":"2026-05-14T18:45:27+00:00","event":"assertion","data":{"status":"pass","name":"TEST 3 compiler does not mutate narrative","details":""}}
{"at":"2026-05-14T18:45:27+00:00","event":"assertion","data":{"status":"pass","name":"TEST 4 creates S1\/S2 snapshots","details":""}}
{"at":"2026-05-14T18:45:27+00:00","event":"assertion","data":{"status":"pass","name":"TEST 4 S1 payload stable after live mutation","details":""}}
{"at":"2026-05-14T18:45:27+00:00","event":"assertion","data":{"status":"pass","name":"TEST 4 snapshot compare returns ok","details":""}}
{"at":"2026-05-14T18:45:27+00:00","event":"assertion","data":{"status":"pass","name":"TEST 4 snapshot compare does not mutate live state","details":""}}
{"at":"2026-05-14T18:45:27+00:00","event":"assertion","data":{"status":"pass","name":"TEST 4 snapshot compare does not rewrite S1","details":""}}
{"at":"2026-05-14T18:45:27+00:00","event":"assertion","data":{"status":"pass","name":"TEST 4 no silent restore method exposed on ContextSnapshotService","details":""}}
{"at":"2026-05-14T18:45:27+00:00","event":"assertion","data":{"status":"pass","name":"TEST 5 context comparison returns ok","details":""}}
{"at":"2026-05-14T18:45:27+00:00","event":"assertion","data":{"status":"pass","name":"TEST 5 comparison declares runtime_meta.read_only","details":""}}
{"at":"2026-05-14T18:45:27+00:00","event":"assertion","data":{"status":"pass","name":"TEST 5 comparison does not change active context","details":""}}
{"at":"2026-05-14T18:45:27+00:00","event":"assertion","data":{"status":"pass","name":"TEST 5 comparison does not mutate context A tables","details":""}}
{"at":"2026-05-14T18:45:27+00:00","event":"assertion","data":{"status":"pass","name":"TEST 5 comparison does not mutate context B tables","details":""}}
{"at":"2026-05-14T18:45:27+00:00","event":"assertion","data":{"status":"pass","name":"TEST 5 comparison does not mutate context A files","details":""}}
{"at":"2026-05-14T18:45:27+00:00","event":"assertion","data":{"status":"pass","name":"TEST 5 comparison does not mutate context B files","details":""}}
{"at":"2026-05-14T18:45:27+00:00","event":"assertion","data":{"status":"pass","name":"TEST 6 PromptBuilder buildDecisionRoomMessages completes","details":""}}
{"at":"2026-05-14T18:45:27+00:00","event":"assertion","data":{"status":"pass","name":"TEST 6 PromptBuilder does not write SQLite","details":"app_logs delta=0"}}
{"at":"2026-05-14T18:45:27+00:00","event":"assertion","data":{"status":"pass","name":"TEST 6 PromptBuilder does not write filesystem","details":"memory existed before=no, after=no"}}
{"at":"2026-05-14T18:45:27+00:00","event":"assertion","data":{"status":"pass","name":"TEST 6 PromptBuilder with missing memory does not create memory.md","details":""}}
{"at":"2026-05-14T18:45:27+00:00","event":"assertion","data":{"status":"pass","name":"TEST 6 prompt trace and cognitive budget present","details":""}}
{"at":"2026-05-14T18:45:27+00:00","event":"assertion","data":{"status":"pass","name":"TEST 6 all prompt trace steps map to registry definitions","details":""}}
{"at":"2026-05-14T18:45:27+00:00","event":"assertion","data":{"status":"pass","name":"TEST 6 prompt message shape is stable","details":""}}
{"at":"2026-05-14T18:45:27+00:00","event":"assertion","data":{"status":"pass","name":"TEST 6 setup writes existing memory file","details":""}}
{"at":"2026-05-14T18:45:27+00:00","event":"assertion","data":{"status":"pass","name":"TEST 6 PromptBuilder build with existing memory completes","details":""}}
{"at":"2026-05-14T18:45:27+00:00","event":"assertion","data":{"status":"pass","name":"TEST 6 PromptBuilder with existing memory does not modify memory.md","details":""}}
{"at":"2026-05-14T18:45:27+00:00","event":"assertion","data":{"status":"pass","name":"TEST 6 PromptBuilder reads existing memory without content mutation","details":""}}
{"at":"2026-05-14T18:45:27+00:00","event":"assertion","data":{"status":"pass","name":"TEST 6 PromptBuilder does not reference Logger::logPromptBuild","details":""}}
{"at":"2026-05-14T18:45:27+00:00","event":"assertion","data":{"status":"pass","name":"TEST 6 PromptBuilder does not reference ensureFile","details":""}}
{"at":"2026-05-14T18:45:27+00:00","event":"assertion","data":{"status":"pass","name":"TEST 6 social repository defaults never enable legacy NULL rows","details":""}}
{"at":"2026-05-14T18:45:27+00:00","event":"assertion","data":{"status":"pass","name":"TEST 6 SocialPromptContextBuilder avoids global summary call when context can be provided","details":""}}
{"at":"2026-05-14T18:45:27+00:00","event":"assertion","data":{"status":"pass","name":"TEST 7 situated chat returns ok","details":""}}
{"at":"2026-05-14T18:45:27+00:00","event":"assertion","data":{"status":"pass","name":"TEST 7 situated chat returns cognitive_runtime","details":""}}
{"at":"2026-05-14T18:45:27+00:00","event":"assertion","data":{"status":"pass","name":"TEST 7 situated chat returns prompt_injection_trace","details":""}}
{"at":"2026-05-14T18:45:27+00:00","event":"assertion","data":{"status":"pass","name":"TEST 7 situated chat trace steps map to registry definitions","details":""}}
{"at":"2026-05-14T18:45:27+00:00","event":"assertion","data":{"status":"pass","name":"TEST 7 situated chat does not leak context A marker into B prompt","details":""}}
{"at":"2026-05-14T18:45:27+00:00","event":"assertion","data":{"status":"pass","name":"TEST 7 situated chat uses B scoped sources","details":""}}
{"at":"2026-05-14T18:45:27+00:00","event":"assertion","data":{"status":"pass","name":"TEST 8 static PromptBuilder has no persistence calls","details":""}}
{"at":"2026-05-14T18:45:27+00:00","event":"assertion","data":{"status":"pass","name":"TEST 8 static PromptBuilder has no filesystem writes","details":""}}
{"at":"2026-05-14T18:45:27+00:00","event":"assertion","data":{"status":"pass","name":"TEST 8 static PromptBuilder has no repository writes","details":""}}
{"at":"2026-05-14T18:45:27+00:00","event":"assertion","data":{"status":"pass","name":"TEST 8 forbidden call graph src\/Domain\/StrategicContext\/StrategicNarrativeService.php","details":""}}
{"at":"2026-05-14T18:45:27+00:00","event":"assertion","data":{"status":"pass","name":"TEST 8 forbidden call graph src\/Domain\/StrategicContext\/MemoryCompilerService.php","details":""}}
{"at":"2026-05-14T18:45:27+00:00","event":"assertion","data":{"status":"pass","name":"TEST 8 forbidden call graph src\/Domain\/StrategicContext\/ContextSnapshotService.php","details":""}}
{"at":"2026-05-14T18:45:27+00:00","event":"assertion","data":{"status":"pass","name":"TEST 8 forbidden call graph src\/Domain\/SocialDynamics\/SocialPromptContextBuilder.php","details":""}}
{"at":"2026-05-14T18:45:27+00:00","event":"assertion","data":{"status":"pass","name":"TEST 8 static includeLegacyNullRows=true not used as default","details":""}}
{"at":"2026-05-14T18:45:27+00:00","event":"assertion","data":{"status":"pass","name":"TEST 8 SocialPromptContextBuilder passes explicit strict-context arguments to summarizeForPrompt","details":""}}
{"at":"2026-05-14T18:45:27+00:00","event":"assertion","data":{"status":"pass","name":"TEST 8 runners do not opt-in legacy social reads by default","details":""}}
{"at":"2026-05-14T18:45:27+00:00","event":"assertion","data":{"status":"pass","name":"TEST 9 mutation guard blocks forbidden PromptBuilder -> SQLite write","details":""}}
{"at":"2026-05-14T18:45:28+00:00","event":"assertion","data":{"status":"pass","name":"CHAOS comparison asymmetric A\/chaos does not crash","details":""}}
{"at":"2026-05-14T18:45:28+00:00","event":"assertion","data":{"status":"pass","name":"CHAOS Decision Room trace complete and registry declared","details":""}}
{"at":"2026-05-14T18:45:28+00:00","event":"assertion","data":{"status":"pass","name":"CHAOS CognitiveBudgetEngine prunes huge context traceably","details":""}}
{"at":"2026-05-14T18:45:28+00:00","event":"assertion","data":{"status":"pass","name":"CHAOS user prompt remains bounded after pruning","details":""}}
{"at":"2026-05-14T18:45:28+00:00","event":"assertion","data":{"status":"pass","name":"CHAOS Decision Room prompt does not leak context A marker","details":""}}
{"at":"2026-05-14T19:02:05+00:00","event":"assertion","data":{"status":"pass","name":"setup creates contexts A and B","details":"QA_RT_20260514_190205_bdc4b670"}}
{"at":"2026-05-14T19:02:05+00:00","event":"assertion","data":{"status":"pass","name":"TEST 1 setup created beliefs in A\/B","details":""}}
{"at":"2026-05-14T19:02:05+00:00","event":"assertion","data":{"status":"pass","name":"TEST 1 no B marker visible in context A bundle","details":""}}
{"at":"2026-05-14T19:02:05+00:00","event":"assertion","data":{"status":"pass","name":"TEST 1 no A marker visible in context B bundle","details":""}}
{"at":"2026-05-14T19:02:05+00:00","event":"assertion","data":{"status":"pass","name":"TEST 1 social dynamics scoped rows exist","details":""}}
{"at":"2026-05-14T19:02:05+00:00","event":"assertion","data":{"status":"pass","name":"TEST 1B strict read A returns only scoped A rows","details":""}}
{"at":"2026-05-14T19:02:05+00:00","event":"assertion","data":{"status":"pass","name":"TEST 1B strict read A excludes B and legacy NULL","details":""}}
{"at":"2026-05-14T19:02:05+00:00","event":"assertion","data":{"status":"pass","name":"TEST 1B strict read B returns only scoped B rows","details":""}}
{"at":"2026-05-14T19:02:05+00:00","event":"assertion","data":{"status":"pass","name":"TEST 1B strict read B excludes A and legacy NULL","details":""}}
{"at":"2026-05-14T19:02:05+00:00","event":"assertion","data":{"status":"pass","name":"TEST 1B opt-in legacy read returns A plus legacy only","details":""}}
{"at":"2026-05-14T19:02:05+00:00","event":"assertion","data":{"status":"pass","name":"TEST 1B prompt social block A excludes legacy and context B","details":""}}
{"at":"2026-05-14T19:02:05+00:00","event":"assertion","data":{"status":"pass","name":"TEST 1B prompt social block B excludes legacy and context A","details":""}}
{"at":"2026-05-14T19:02:05+00:00","event":"assertion","data":{"status":"pass","name":"TEST 1B social endpoint marks include_legacy=true on explicit opt-in","details":""}}
{"at":"2026-05-14T19:02:05+00:00","event":"assertion","data":{"status":"pass","name":"TEST 1B social endpoint marks legacy opt-in active","details":""}}
{"at":"2026-05-14T19:02:05+00:00","event":"assertion","data":{"status":"pass","name":"TEST 2 narrative recompute returns context A","details":""}}
{"at":"2026-05-14T19:02:05+00:00","event":"assertion","data":{"status":"pass","name":"TEST 2 narrative recompute does not update belief rows","details":""}}
{"at":"2026-05-14T19:02:05+00:00","event":"assertion","data":{"status":"pass","name":"TEST 2 narrative recompute does not append belief events","details":""}}
{"at":"2026-05-14T19:02:05+00:00","event":"assertion","data":{"status":"pass","name":"TEST 3 memory compiler runs twice","details":""}}
{"at":"2026-05-14T19:02:05+00:00","event":"assertion","data":{"status":"pass","name":"TEST 3 compiler does not mutate memory.md","details":""}}
{"at":"2026-05-14T19:02:05+00:00","event":"assertion","data":{"status":"pass","name":"TEST 3 compiler does not mutate beliefs","details":""}}
{"at":"2026-05-14T19:02:05+00:00","event":"assertion","data":{"status":"pass","name":"TEST 3 compiler does not mutate narrative","details":""}}
{"at":"2026-05-14T19:02:05+00:00","event":"assertion","data":{"status":"pass","name":"TEST 4 creates S1\/S2 snapshots","details":""}}
{"at":"2026-05-14T19:02:05+00:00","event":"assertion","data":{"status":"pass","name":"TEST 4 S1 payload stable after live mutation","details":""}}
{"at":"2026-05-14T19:02:05+00:00","event":"assertion","data":{"status":"pass","name":"TEST 4 snapshot compare returns ok","details":""}}
{"at":"2026-05-14T19:02:05+00:00","event":"assertion","data":{"status":"pass","name":"TEST 4 snapshot compare does not mutate live state","details":""}}
{"at":"2026-05-14T19:02:05+00:00","event":"assertion","data":{"status":"pass","name":"TEST 4 snapshot compare does not rewrite S1","details":""}}
{"at":"2026-05-14T19:02:05+00:00","event":"assertion","data":{"status":"pass","name":"TEST 4 no silent restore method exposed on ContextSnapshotService","details":""}}
{"at":"2026-05-14T19:02:05+00:00","event":"assertion","data":{"status":"pass","name":"TEST 5 context comparison returns ok","details":""}}
{"at":"2026-05-14T19:02:05+00:00","event":"assertion","data":{"status":"pass","name":"TEST 5 comparison declares runtime_meta.read_only","details":""}}
{"at":"2026-05-14T19:02:05+00:00","event":"assertion","data":{"status":"pass","name":"TEST 5 comparison does not change active context","details":""}}
{"at":"2026-05-14T19:02:05+00:00","event":"assertion","data":{"status":"pass","name":"TEST 5 comparison does not mutate context A tables","details":""}}
{"at":"2026-05-14T19:02:05+00:00","event":"assertion","data":{"status":"pass","name":"TEST 5 comparison does not mutate context B tables","details":""}}
{"at":"2026-05-14T19:02:05+00:00","event":"assertion","data":{"status":"pass","name":"TEST 5 comparison does not mutate context A files","details":""}}
{"at":"2026-05-14T19:02:05+00:00","event":"assertion","data":{"status":"pass","name":"TEST 5 comparison does not mutate context B files","details":""}}
{"at":"2026-05-14T19:02:05+00:00","event":"assertion","data":{"status":"pass","name":"TEST 6 PromptBuilder buildDecisionRoomMessages completes","details":""}}
{"at":"2026-05-14T19:02:05+00:00","event":"assertion","data":{"status":"pass","name":"TEST 6 PromptBuilder does not write SQLite","details":"app_logs delta=0"}}
{"at":"2026-05-14T19:02:05+00:00","event":"assertion","data":{"status":"pass","name":"TEST 6 PromptBuilder does not write filesystem","details":"memory existed before=no, after=no"}}
{"at":"2026-05-14T19:02:05+00:00","event":"assertion","data":{"status":"pass","name":"TEST 6 PromptBuilder with missing memory does not create memory.md","details":""}}
{"at":"2026-05-14T19:02:05+00:00","event":"assertion","data":{"status":"pass","name":"TEST 6 prompt trace and cognitive budget present","details":""}}
{"at":"2026-05-14T19:02:05+00:00","event":"assertion","data":{"status":"pass","name":"TEST 6 all prompt trace steps map to registry definitions","details":""}}
{"at":"2026-05-14T19:02:05+00:00","event":"assertion","data":{"status":"pass","name":"TEST 6 prompt message shape is stable","details":""}}
{"at":"2026-05-14T19:02:05+00:00","event":"assertion","data":{"status":"pass","name":"TEST 6 setup writes existing memory file","details":""}}
{"at":"2026-05-14T19:02:05+00:00","event":"assertion","data":{"status":"pass","name":"TEST 6 PromptBuilder build with existing memory completes","details":""}}
{"at":"2026-05-14T19:02:05+00:00","event":"assertion","data":{"status":"pass","name":"TEST 6 PromptBuilder with existing memory does not modify memory.md","details":""}}
{"at":"2026-05-14T19:02:05+00:00","event":"assertion","data":{"status":"pass","name":"TEST 6 PromptBuilder reads existing memory without content mutation","details":""}}
{"at":"2026-05-14T19:02:05+00:00","event":"assertion","data":{"status":"pass","name":"TEST 6 PromptBuilder does not reference Logger::logPromptBuild","details":""}}
{"at":"2026-05-14T19:02:05+00:00","event":"assertion","data":{"status":"pass","name":"TEST 6 PromptBuilder does not reference ensureFile","details":""}}
{"at":"2026-05-14T19:02:05+00:00","event":"assertion","data":{"status":"pass","name":"TEST 6 social repository defaults never enable legacy NULL rows","details":""}}
{"at":"2026-05-14T19:02:05+00:00","event":"assertion","data":{"status":"pass","name":"TEST 6 SocialPromptContextBuilder avoids global summary call when context can be provided","details":""}}
{"at":"2026-05-14T19:02:05+00:00","event":"assertion","data":{"status":"pass","name":"TEST 7 situated chat returns ok","details":""}}
{"at":"2026-05-14T19:02:05+00:00","event":"assertion","data":{"status":"pass","name":"TEST 7 situated chat returns cognitive_runtime","details":""}}
{"at":"2026-05-14T19:02:05+00:00","event":"assertion","data":{"status":"pass","name":"TEST 7 situated chat returns prompt_injection_trace","details":""}}
{"at":"2026-05-14T19:02:05+00:00","event":"assertion","data":{"status":"pass","name":"TEST 7 situated chat trace steps map to registry definitions","details":""}}
{"at":"2026-05-14T19:02:05+00:00","event":"assertion","data":{"status":"pass","name":"TEST 7 situated chat does not leak context A marker into B prompt","details":""}}
{"at":"2026-05-14T19:02:05+00:00","event":"assertion","data":{"status":"pass","name":"TEST 7 situated chat uses B scoped sources","details":""}}
{"at":"2026-05-14T19:02:05+00:00","event":"assertion","data":{"status":"pass","name":"TEST 8 static PromptBuilder has no persistence calls","details":""}}
{"at":"2026-05-14T19:02:05+00:00","event":"assertion","data":{"status":"pass","name":"TEST 8 static PromptBuilder has no filesystem writes","details":""}}
{"at":"2026-05-14T19:02:05+00:00","event":"assertion","data":{"status":"pass","name":"TEST 8 static PromptBuilder has no repository writes","details":""}}
{"at":"2026-05-14T19:02:05+00:00","event":"assertion","data":{"status":"pass","name":"TEST 8 forbidden call graph src\/Domain\/StrategicContext\/StrategicNarrativeService.php","details":""}}
{"at":"2026-05-14T19:02:05+00:00","event":"assertion","data":{"status":"pass","name":"TEST 8 forbidden call graph src\/Domain\/StrategicContext\/MemoryCompilerService.php","details":""}}
{"at":"2026-05-14T19:02:05+00:00","event":"assertion","data":{"status":"pass","name":"TEST 8 forbidden call graph src\/Domain\/StrategicContext\/ContextSnapshotService.php","details":""}}
{"at":"2026-05-14T19:02:05+00:00","event":"assertion","data":{"status":"pass","name":"TEST 8 forbidden call graph src\/Domain\/SocialDynamics\/SocialPromptContextBuilder.php","details":""}}
{"at":"2026-05-14T19:02:05+00:00","event":"assertion","data":{"status":"pass","name":"TEST 8 static includeLegacyNullRows=true not used as default","details":""}}
{"at":"2026-05-14T19:02:05+00:00","event":"assertion","data":{"status":"pass","name":"TEST 8 SocialPromptContextBuilder passes explicit strict-context arguments to summarizeForPrompt","details":""}}
{"at":"2026-05-14T19:02:05+00:00","event":"assertion","data":{"status":"pass","name":"TEST 8 runners do not opt-in legacy social reads by default","details":""}}
{"at":"2026-05-14T19:02:05+00:00","event":"assertion","data":{"status":"pass","name":"TEST 9 mutation guard blocks forbidden PromptBuilder -> SQLite write","details":""}}
{"at":"2026-05-14T19:02:06+00:00","event":"assertion","data":{"status":"pass","name":"CHAOS comparison asymmetric A\/chaos does not crash","details":""}}
{"at":"2026-05-14T19:02:06+00:00","event":"assertion","data":{"status":"pass","name":"CHAOS Decision Room trace complete and registry declared","details":""}}
{"at":"2026-05-14T19:02:06+00:00","event":"assertion","data":{"status":"pass","name":"CHAOS CognitiveBudgetEngine prunes huge context traceably","details":""}}
{"at":"2026-05-14T19:02:06+00:00","event":"assertion","data":{"status":"pass","name":"CHAOS user prompt remains bounded after pruning","details":""}}
{"at":"2026-05-14T19:02:06+00:00","event":"assertion","data":{"status":"pass","name":"CHAOS Decision Room prompt does not leak context A marker","details":""}}
{"at":"2026-05-14T19:17:48+00:00","event":"assertion","data":{"status":"pass","name":"setup creates contexts A and B","details":"QA_RT_20260514_191748_9e5d31de"}}
{"at":"2026-05-14T19:17:48+00:00","event":"assertion","data":{"status":"pass","name":"TEST 1 setup created beliefs in A\/B","details":""}}
{"at":"2026-05-14T19:17:48+00:00","event":"assertion","data":{"status":"pass","name":"TEST 1 no B marker visible in context A bundle","details":""}}
{"at":"2026-05-14T19:17:48+00:00","event":"assertion","data":{"status":"pass","name":"TEST 1 no A marker visible in context B bundle","details":""}}
{"at":"2026-05-14T19:17:48+00:00","event":"assertion","data":{"status":"pass","name":"TEST 1 social dynamics scoped rows exist","details":""}}
{"at":"2026-05-14T19:17:48+00:00","event":"assertion","data":{"status":"pass","name":"TEST 1B strict read A returns only scoped A rows","details":""}}
{"at":"2026-05-14T19:17:48+00:00","event":"assertion","data":{"status":"pass","name":"TEST 1B strict read A excludes B and legacy NULL","details":""}}
{"at":"2026-05-14T19:17:48+00:00","event":"assertion","data":{"status":"pass","name":"TEST 1B strict read B returns only scoped B rows","details":""}}
{"at":"2026-05-14T19:17:48+00:00","event":"assertion","data":{"status":"pass","name":"TEST 1B strict read B excludes A and legacy NULL","details":""}}
{"at":"2026-05-14T19:17:48+00:00","event":"assertion","data":{"status":"pass","name":"TEST 1B opt-in legacy read returns A plus legacy only","details":""}}
{"at":"2026-05-14T19:17:48+00:00","event":"assertion","data":{"status":"pass","name":"TEST 1B prompt social block A excludes legacy and context B","details":""}}
{"at":"2026-05-14T19:17:48+00:00","event":"assertion","data":{"status":"pass","name":"TEST 1B prompt social block B excludes legacy and context A","details":""}}
{"at":"2026-05-14T19:17:48+00:00","event":"assertion","data":{"status":"pass","name":"TEST 1B social endpoint marks include_legacy=true on explicit opt-in","details":""}}
{"at":"2026-05-14T19:17:48+00:00","event":"assertion","data":{"status":"pass","name":"TEST 1B social endpoint marks legacy opt-in active","details":""}}
{"at":"2026-05-14T19:17:48+00:00","event":"assertion","data":{"status":"pass","name":"TEST 2 narrative recompute returns context A","details":""}}
{"at":"2026-05-14T19:17:48+00:00","event":"assertion","data":{"status":"pass","name":"TEST 2 narrative recompute does not update belief rows","details":""}}
{"at":"2026-05-14T19:17:48+00:00","event":"assertion","data":{"status":"pass","name":"TEST 2 narrative recompute does not append belief events","details":""}}
{"at":"2026-05-14T19:17:48+00:00","event":"assertion","data":{"status":"pass","name":"TEST 3 memory compiler runs twice","details":""}}
{"at":"2026-05-14T19:17:48+00:00","event":"assertion","data":{"status":"pass","name":"TEST 3 compiler does not mutate memory.md","details":""}}
{"at":"2026-05-14T19:17:48+00:00","event":"assertion","data":{"status":"pass","name":"TEST 3 compiler does not mutate beliefs","details":""}}
{"at":"2026-05-14T19:17:48+00:00","event":"assertion","data":{"status":"pass","name":"TEST 3 compiler does not mutate narrative","details":""}}
{"at":"2026-05-14T19:17:48+00:00","event":"assertion","data":{"status":"pass","name":"TEST 4 creates S1\/S2 snapshots","details":""}}
{"at":"2026-05-14T19:17:48+00:00","event":"assertion","data":{"status":"pass","name":"TEST 4 S1 payload stable after live mutation","details":""}}
{"at":"2026-05-14T19:17:48+00:00","event":"assertion","data":{"status":"pass","name":"TEST 4 snapshot compare returns ok","details":""}}
{"at":"2026-05-14T19:17:48+00:00","event":"assertion","data":{"status":"pass","name":"TEST 4 snapshot compare does not mutate live state","details":""}}
{"at":"2026-05-14T19:17:48+00:00","event":"assertion","data":{"status":"pass","name":"TEST 4 snapshot compare does not rewrite S1","details":""}}
{"at":"2026-05-14T19:17:48+00:00","event":"assertion","data":{"status":"pass","name":"TEST 4 no silent restore method exposed on ContextSnapshotService","details":""}}
{"at":"2026-05-14T19:17:48+00:00","event":"assertion","data":{"status":"pass","name":"TEST 5 context comparison returns ok","details":""}}
{"at":"2026-05-14T19:17:48+00:00","event":"assertion","data":{"status":"pass","name":"TEST 5 comparison declares runtime_meta.read_only","details":""}}
{"at":"2026-05-14T19:17:48+00:00","event":"assertion","data":{"status":"pass","name":"TEST 5 comparison does not change active context","details":""}}
{"at":"2026-05-14T19:17:48+00:00","event":"assertion","data":{"status":"pass","name":"TEST 5 comparison does not mutate context A tables","details":""}}
{"at":"2026-05-14T19:17:48+00:00","event":"assertion","data":{"status":"pass","name":"TEST 5 comparison does not mutate context B tables","details":""}}
{"at":"2026-05-14T19:17:48+00:00","event":"assertion","data":{"status":"pass","name":"TEST 5 comparison does not mutate context A files","details":""}}
{"at":"2026-05-14T19:17:48+00:00","event":"assertion","data":{"status":"pass","name":"TEST 5 comparison does not mutate context B files","details":""}}
{"at":"2026-05-14T19:17:48+00:00","event":"assertion","data":{"status":"pass","name":"TEST 6 PromptBuilder buildDecisionRoomMessages completes","details":""}}
{"at":"2026-05-14T19:17:48+00:00","event":"assertion","data":{"status":"pass","name":"TEST 6 PromptBuilder does not write SQLite","details":"app_logs delta=0"}}
{"at":"2026-05-14T19:17:48+00:00","event":"assertion","data":{"status":"pass","name":"TEST 6 PromptBuilder does not write filesystem","details":"memory existed before=no, after=no"}}
{"at":"2026-05-14T19:17:48+00:00","event":"assertion","data":{"status":"pass","name":"TEST 6 PromptBuilder with missing memory does not create memory.md","details":""}}
{"at":"2026-05-14T19:17:48+00:00","event":"assertion","data":{"status":"pass","name":"TEST 6 prompt trace and cognitive budget present","details":""}}
{"at":"2026-05-14T19:17:48+00:00","event":"assertion","data":{"status":"pass","name":"TEST 6 all prompt trace steps map to registry definitions","details":""}}
{"at":"2026-05-14T19:17:48+00:00","event":"assertion","data":{"status":"pass","name":"TEST 6 prompt message shape is stable","details":""}}
{"at":"2026-05-14T19:17:48+00:00","event":"assertion","data":{"status":"pass","name":"TEST 6 setup writes existing memory file","details":""}}
{"at":"2026-05-14T19:17:48+00:00","event":"assertion","data":{"status":"pass","name":"TEST 6 PromptBuilder build with existing memory completes","details":""}}
{"at":"2026-05-14T19:17:48+00:00","event":"assertion","data":{"status":"pass","name":"TEST 6 PromptBuilder with existing memory does not modify memory.md","details":""}}
{"at":"2026-05-14T19:17:48+00:00","event":"assertion","data":{"status":"pass","name":"TEST 6 PromptBuilder reads existing memory without content mutation","details":""}}
{"at":"2026-05-14T19:17:48+00:00","event":"assertion","data":{"status":"pass","name":"TEST 6 PromptBuilder does not reference Logger::logPromptBuild","details":""}}
{"at":"2026-05-14T19:17:48+00:00","event":"assertion","data":{"status":"pass","name":"TEST 6 PromptBuilder does not reference ensureFile","details":""}}
{"at":"2026-05-14T19:17:48+00:00","event":"assertion","data":{"status":"pass","name":"TEST 6 social repository defaults never enable legacy NULL rows","details":""}}
{"at":"2026-05-14T19:17:48+00:00","event":"assertion","data":{"status":"pass","name":"TEST 6 SocialPromptContextBuilder avoids global summary call when context can be provided","details":""}}
{"at":"2026-05-14T19:17:48+00:00","event":"assertion","data":{"status":"pass","name":"TEST 7 situated chat returns ok","details":""}}
{"at":"2026-05-14T19:17:48+00:00","event":"assertion","data":{"status":"pass","name":"TEST 7 situated chat returns cognitive_runtime","details":""}}
{"at":"2026-05-14T19:17:48+00:00","event":"assertion","data":{"status":"pass","name":"TEST 7 situated chat returns prompt_injection_trace","details":""}}
{"at":"2026-05-14T19:17:48+00:00","event":"assertion","data":{"status":"pass","name":"TEST 7 situated chat trace steps map to registry definitions","details":""}}
{"at":"2026-05-14T19:17:48+00:00","event":"assertion","data":{"status":"pass","name":"TEST 7 situated chat does not leak context A marker into B prompt","details":""}}
{"at":"2026-05-14T19:17:48+00:00","event":"assertion","data":{"status":"pass","name":"TEST 7 situated chat uses B scoped sources","details":""}}
{"at":"2026-05-14T19:17:48+00:00","event":"assertion","data":{"status":"pass","name":"TEST 8 static PromptBuilder has no persistence calls","details":""}}
{"at":"2026-05-14T19:17:48+00:00","event":"assertion","data":{"status":"pass","name":"TEST 8 static PromptBuilder has no filesystem writes","details":""}}
{"at":"2026-05-14T19:17:48+00:00","event":"assertion","data":{"status":"pass","name":"TEST 8 static PromptBuilder has no repository writes","details":""}}
{"at":"2026-05-14T19:17:48+00:00","event":"assertion","data":{"status":"pass","name":"TEST 8 forbidden call graph src\/Domain\/StrategicContext\/StrategicNarrativeService.php","details":""}}
{"at":"2026-05-14T19:17:48+00:00","event":"assertion","data":{"status":"pass","name":"TEST 8 forbidden call graph src\/Domain\/StrategicContext\/MemoryCompilerService.php","details":""}}
{"at":"2026-05-14T19:17:48+00:00","event":"assertion","data":{"status":"pass","name":"TEST 8 forbidden call graph src\/Domain\/StrategicContext\/ContextSnapshotService.php","details":""}}
{"at":"2026-05-14T19:17:48+00:00","event":"assertion","data":{"status":"pass","name":"TEST 8 forbidden call graph src\/Domain\/SocialDynamics\/SocialPromptContextBuilder.php","details":""}}
{"at":"2026-05-14T19:17:48+00:00","event":"assertion","data":{"status":"pass","name":"TEST 8 static includeLegacyNullRows=true not used as default","details":""}}
{"at":"2026-05-14T19:17:48+00:00","event":"assertion","data":{"status":"pass","name":"TEST 8 SocialPromptContextBuilder passes explicit strict-context arguments to summarizeForPrompt","details":""}}
{"at":"2026-05-14T19:17:48+00:00","event":"assertion","data":{"status":"pass","name":"TEST 8 runners do not opt-in legacy social reads by default","details":""}}
{"at":"2026-05-14T19:17:48+00:00","event":"assertion","data":{"status":"pass","name":"TEST 9 mutation guard blocks forbidden PromptBuilder -> SQLite write","details":""}}
{"at":"2026-05-14T19:17:48+00:00","event":"assertion","data":{"status":"pass","name":"CHAOS comparison asymmetric A\/chaos does not crash","details":""}}
{"at":"2026-05-14T19:17:48+00:00","event":"assertion","data":{"status":"pass","name":"CHAOS Decision Room trace complete and registry declared","details":""}}
{"at":"2026-05-14T19:17:48+00:00","event":"assertion","data":{"status":"pass","name":"CHAOS CognitiveBudgetEngine prunes huge context traceably","details":""}}
{"at":"2026-05-14T19:17:48+00:00","event":"assertion","data":{"status":"pass","name":"CHAOS user prompt remains bounded after pruning","details":""}}
{"at":"2026-05-14T19:17:48+00:00","event":"assertion","data":{"status":"pass","name":"CHAOS Decision Room prompt does not leak context A marker","details":""}}
{"at":"2026-05-14T19:20:23+00:00","event":"assertion","data":{"status":"pass","name":"setup creates contexts A and B","details":"QA_RT_20260514_192023_ecedd820"}}
{"at":"2026-05-14T19:20:24+00:00","event":"assertion","data":{"status":"pass","name":"TEST 1 setup created beliefs in A\/B","details":""}}
{"at":"2026-05-14T19:20:24+00:00","event":"assertion","data":{"status":"pass","name":"TEST 1 no B marker visible in context A bundle","details":""}}
{"at":"2026-05-14T19:20:24+00:00","event":"assertion","data":{"status":"pass","name":"TEST 1 no A marker visible in context B bundle","details":""}}
{"at":"2026-05-14T19:20:24+00:00","event":"assertion","data":{"status":"pass","name":"TEST 1 social dynamics scoped rows exist","details":""}}
{"at":"2026-05-14T19:20:24+00:00","event":"assertion","data":{"status":"pass","name":"TEST 1B strict read A returns only scoped A rows","details":""}}
{"at":"2026-05-14T19:20:24+00:00","event":"assertion","data":{"status":"pass","name":"TEST 1B strict read A excludes B and legacy NULL","details":""}}
{"at":"2026-05-14T19:20:24+00:00","event":"assertion","data":{"status":"pass","name":"TEST 1B strict read B returns only scoped B rows","details":""}}
{"at":"2026-05-14T19:20:24+00:00","event":"assertion","data":{"status":"pass","name":"TEST 1B strict read B excludes A and legacy NULL","details":""}}
{"at":"2026-05-14T19:20:24+00:00","event":"assertion","data":{"status":"pass","name":"TEST 1B opt-in legacy read returns A plus legacy only","details":""}}
{"at":"2026-05-14T19:20:24+00:00","event":"assertion","data":{"status":"pass","name":"TEST 1B prompt social block A excludes legacy and context B","details":""}}
{"at":"2026-05-14T19:20:24+00:00","event":"assertion","data":{"status":"pass","name":"TEST 1B prompt social block B excludes legacy and context A","details":""}}
{"at":"2026-05-14T19:20:24+00:00","event":"assertion","data":{"status":"pass","name":"TEST 1B social endpoint marks include_legacy=true on explicit opt-in","details":""}}
{"at":"2026-05-14T19:20:24+00:00","event":"assertion","data":{"status":"pass","name":"TEST 1B social endpoint marks legacy opt-in active","details":""}}
{"at":"2026-05-14T19:20:24+00:00","event":"assertion","data":{"status":"pass","name":"TEST 2 narrative recompute returns context A","details":""}}
{"at":"2026-05-14T19:20:24+00:00","event":"assertion","data":{"status":"pass","name":"TEST 2 narrative recompute does not update belief rows","details":""}}
{"at":"2026-05-14T19:20:24+00:00","event":"assertion","data":{"status":"pass","name":"TEST 2 narrative recompute does not append belief events","details":""}}
{"at":"2026-05-14T19:20:24+00:00","event":"assertion","data":{"status":"pass","name":"TEST 3 memory compiler runs twice","details":""}}
{"at":"2026-05-14T19:20:24+00:00","event":"assertion","data":{"status":"pass","name":"TEST 3 compiler does not mutate memory.md","details":""}}
{"at":"2026-05-14T19:20:24+00:00","event":"assertion","data":{"status":"pass","name":"TEST 3 compiler does not mutate beliefs","details":""}}
{"at":"2026-05-14T19:20:24+00:00","event":"assertion","data":{"status":"pass","name":"TEST 3 compiler does not mutate narrative","details":""}}
{"at":"2026-05-14T19:20:24+00:00","event":"assertion","data":{"status":"pass","name":"TEST 4 creates S1\/S2 snapshots","details":""}}
{"at":"2026-05-14T19:20:24+00:00","event":"assertion","data":{"status":"pass","name":"TEST 4 S1 payload stable after live mutation","details":""}}
{"at":"2026-05-14T19:20:24+00:00","event":"assertion","data":{"status":"pass","name":"TEST 4 snapshot compare returns ok","details":""}}
{"at":"2026-05-14T19:20:24+00:00","event":"assertion","data":{"status":"pass","name":"TEST 4 snapshot compare does not mutate live state","details":""}}
{"at":"2026-05-14T19:20:24+00:00","event":"assertion","data":{"status":"pass","name":"TEST 4 snapshot compare does not rewrite S1","details":""}}
{"at":"2026-05-14T19:20:24+00:00","event":"assertion","data":{"status":"pass","name":"TEST 4 no silent restore method exposed on ContextSnapshotService","details":""}}
{"at":"2026-05-14T19:20:24+00:00","event":"assertion","data":{"status":"pass","name":"TEST 5 context comparison returns ok","details":""}}
{"at":"2026-05-14T19:20:24+00:00","event":"assertion","data":{"status":"pass","name":"TEST 5 comparison declares runtime_meta.read_only","details":""}}
{"at":"2026-05-14T19:20:24+00:00","event":"assertion","data":{"status":"pass","name":"TEST 5 comparison does not change active context","details":""}}
{"at":"2026-05-14T19:20:24+00:00","event":"assertion","data":{"status":"pass","name":"TEST 5 comparison does not mutate context A tables","details":""}}
{"at":"2026-05-14T19:20:24+00:00","event":"assertion","data":{"status":"pass","name":"TEST 5 comparison does not mutate context B tables","details":""}}
{"at":"2026-05-14T19:20:24+00:00","event":"assertion","data":{"status":"pass","name":"TEST 5 comparison does not mutate context A files","details":""}}
{"at":"2026-05-14T19:20:24+00:00","event":"assertion","data":{"status":"pass","name":"TEST 5 comparison does not mutate context B files","details":""}}
{"at":"2026-05-14T19:20:24+00:00","event":"assertion","data":{"status":"pass","name":"TEST 6 PromptBuilder buildDecisionRoomMessages completes","details":""}}
{"at":"2026-05-14T19:20:24+00:00","event":"assertion","data":{"status":"pass","name":"TEST 6 PromptBuilder does not write SQLite","details":"app_logs delta=0"}}
{"at":"2026-05-14T19:20:24+00:00","event":"assertion","data":{"status":"pass","name":"TEST 6 PromptBuilder does not write filesystem","details":"memory existed before=no, after=no"}}
{"at":"2026-05-14T19:20:24+00:00","event":"assertion","data":{"status":"pass","name":"TEST 6 PromptBuilder with missing memory does not create memory.md","details":""}}
{"at":"2026-05-14T19:20:24+00:00","event":"assertion","data":{"status":"pass","name":"TEST 6 prompt trace and cognitive budget present","details":""}}
{"at":"2026-05-14T19:20:24+00:00","event":"assertion","data":{"status":"pass","name":"TEST 6 all prompt trace steps map to registry definitions","details":""}}
{"at":"2026-05-14T19:20:24+00:00","event":"assertion","data":{"status":"pass","name":"TEST 6 prompt message shape is stable","details":""}}
{"at":"2026-05-14T19:20:24+00:00","event":"assertion","data":{"status":"pass","name":"TEST 6 setup writes existing memory file","details":""}}
{"at":"2026-05-14T19:20:24+00:00","event":"assertion","data":{"status":"pass","name":"TEST 6 PromptBuilder build with existing memory completes","details":""}}
{"at":"2026-05-14T19:20:24+00:00","event":"assertion","data":{"status":"pass","name":"TEST 6 PromptBuilder with existing memory does not modify memory.md","details":""}}
{"at":"2026-05-14T19:20:24+00:00","event":"assertion","data":{"status":"pass","name":"TEST 6 PromptBuilder reads existing memory without content mutation","details":""}}
{"at":"2026-05-14T19:20:24+00:00","event":"assertion","data":{"status":"pass","name":"TEST 6 PromptBuilder does not reference Logger::logPromptBuild","details":""}}
{"at":"2026-05-14T19:20:24+00:00","event":"assertion","data":{"status":"pass","name":"TEST 6 PromptBuilder does not reference ensureFile","details":""}}
{"at":"2026-05-14T19:20:24+00:00","event":"assertion","data":{"status":"pass","name":"TEST 6 social repository defaults never enable legacy NULL rows","details":""}}
{"at":"2026-05-14T19:20:24+00:00","event":"assertion","data":{"status":"pass","name":"TEST 6 SocialPromptContextBuilder avoids global summary call when context can be provided","details":""}}
{"at":"2026-05-14T19:20:24+00:00","event":"assertion","data":{"status":"pass","name":"TEST 7 situated chat returns ok","details":""}}
{"at":"2026-05-14T19:20:24+00:00","event":"assertion","data":{"status":"pass","name":"TEST 7 situated chat returns cognitive_runtime","details":""}}
{"at":"2026-05-14T19:20:24+00:00","event":"assertion","data":{"status":"pass","name":"TEST 7 situated chat returns prompt_injection_trace","details":""}}
{"at":"2026-05-14T19:20:24+00:00","event":"assertion","data":{"status":"pass","name":"TEST 7 situated chat trace steps map to registry definitions","details":""}}
{"at":"2026-05-14T19:20:24+00:00","event":"assertion","data":{"status":"pass","name":"TEST 7 situated chat does not leak context A marker into B prompt","details":""}}
{"at":"2026-05-14T19:20:24+00:00","event":"assertion","data":{"status":"pass","name":"TEST 7 situated chat uses B scoped sources","details":""}}
{"at":"2026-05-14T19:20:24+00:00","event":"assertion","data":{"status":"pass","name":"TEST 8 static PromptBuilder has no persistence calls","details":""}}
{"at":"2026-05-14T19:20:24+00:00","event":"assertion","data":{"status":"pass","name":"TEST 8 static PromptBuilder has no filesystem writes","details":""}}
{"at":"2026-05-14T19:20:24+00:00","event":"assertion","data":{"status":"pass","name":"TEST 8 static PromptBuilder has no repository writes","details":""}}
{"at":"2026-05-14T19:20:24+00:00","event":"assertion","data":{"status":"pass","name":"TEST 8 forbidden call graph src\/Domain\/StrategicContext\/StrategicNarrativeService.php","details":""}}
{"at":"2026-05-14T19:20:24+00:00","event":"assertion","data":{"status":"pass","name":"TEST 8 forbidden call graph src\/Domain\/StrategicContext\/MemoryCompilerService.php","details":""}}
{"at":"2026-05-14T19:20:24+00:00","event":"assertion","data":{"status":"pass","name":"TEST 8 forbidden call graph src\/Domain\/StrategicContext\/ContextSnapshotService.php","details":""}}
{"at":"2026-05-14T19:20:24+00:00","event":"assertion","data":{"status":"pass","name":"TEST 8 forbidden call graph src\/Domain\/SocialDynamics\/SocialPromptContextBuilder.php","details":""}}
{"at":"2026-05-14T19:20:24+00:00","event":"assertion","data":{"status":"pass","name":"TEST 8 static includeLegacyNullRows=true not used as default","details":""}}
{"at":"2026-05-14T19:20:24+00:00","event":"assertion","data":{"status":"pass","name":"TEST 8 SocialPromptContextBuilder passes explicit strict-context arguments to summarizeForPrompt","details":""}}
{"at":"2026-05-14T19:20:24+00:00","event":"assertion","data":{"status":"pass","name":"TEST 8 runners do not opt-in legacy social reads by default","details":""}}
{"at":"2026-05-14T19:20:24+00:00","event":"assertion","data":{"status":"pass","name":"TEST 9 mutation guard blocks forbidden PromptBuilder -> SQLite write","details":""}}
{"at":"2026-05-14T19:20:24+00:00","event":"assertion","data":{"status":"pass","name":"CHAOS comparison asymmetric A\/chaos does not crash","details":""}}
{"at":"2026-05-14T19:20:24+00:00","event":"assertion","data":{"status":"pass","name":"CHAOS Decision Room trace complete and registry declared","details":""}}
{"at":"2026-05-14T19:20:24+00:00","event":"assertion","data":{"status":"pass","name":"CHAOS CognitiveBudgetEngine prunes huge context traceably","details":""}}
{"at":"2026-05-14T19:20:24+00:00","event":"assertion","data":{"status":"pass","name":"CHAOS user prompt remains bounded after pruning","details":""}}
{"at":"2026-05-14T19:20:24+00:00","event":"assertion","data":{"status":"pass","name":"CHAOS Decision Room prompt does not leak context A marker","details":""}}
{"at":"2026-05-14T19:20:36+00:00","event":"assertion","data":{"status":"pass","name":"setup creates contexts A and B","details":"QA_RT_20260514_192036_784f0c51"}}
{"at":"2026-05-14T19:20:36+00:00","event":"assertion","data":{"status":"pass","name":"TEST 1 setup created beliefs in A\/B","details":""}}
{"at":"2026-05-14T19:20:36+00:00","event":"assertion","data":{"status":"pass","name":"TEST 1 no B marker visible in context A bundle","details":""}}
{"at":"2026-05-14T19:20:36+00:00","event":"assertion","data":{"status":"pass","name":"TEST 1 no A marker visible in context B bundle","details":""}}
{"at":"2026-05-14T19:20:36+00:00","event":"assertion","data":{"status":"pass","name":"TEST 1 social dynamics scoped rows exist","details":""}}
{"at":"2026-05-14T19:20:36+00:00","event":"assertion","data":{"status":"pass","name":"TEST 1B strict read A returns only scoped A rows","details":""}}
{"at":"2026-05-14T19:20:36+00:00","event":"assertion","data":{"status":"pass","name":"TEST 1B strict read A excludes B and legacy NULL","details":""}}
{"at":"2026-05-14T19:20:36+00:00","event":"assertion","data":{"status":"pass","name":"TEST 1B strict read B returns only scoped B rows","details":""}}
{"at":"2026-05-14T19:20:36+00:00","event":"assertion","data":{"status":"pass","name":"TEST 1B strict read B excludes A and legacy NULL","details":""}}
{"at":"2026-05-14T19:20:36+00:00","event":"assertion","data":{"status":"pass","name":"TEST 1B opt-in legacy read returns A plus legacy only","details":""}}
{"at":"2026-05-14T19:20:36+00:00","event":"assertion","data":{"status":"pass","name":"TEST 1B prompt social block A excludes legacy and context B","details":""}}
{"at":"2026-05-14T19:20:36+00:00","event":"assertion","data":{"status":"pass","name":"TEST 1B prompt social block B excludes legacy and context A","details":""}}
{"at":"2026-05-14T19:20:36+00:00","event":"assertion","data":{"status":"pass","name":"TEST 1B social endpoint marks include_legacy=true on explicit opt-in","details":""}}
{"at":"2026-05-14T19:20:36+00:00","event":"assertion","data":{"status":"pass","name":"TEST 1B social endpoint marks legacy opt-in active","details":""}}
{"at":"2026-05-14T19:20:36+00:00","event":"assertion","data":{"status":"pass","name":"TEST 2 narrative recompute returns context A","details":""}}
{"at":"2026-05-14T19:20:36+00:00","event":"assertion","data":{"status":"pass","name":"TEST 2 narrative recompute does not update belief rows","details":""}}
{"at":"2026-05-14T19:20:36+00:00","event":"assertion","data":{"status":"pass","name":"TEST 2 narrative recompute does not append belief events","details":""}}
{"at":"2026-05-14T19:20:36+00:00","event":"assertion","data":{"status":"pass","name":"TEST 3 memory compiler runs twice","details":""}}
{"at":"2026-05-14T19:20:36+00:00","event":"assertion","data":{"status":"pass","name":"TEST 3 compiler does not mutate memory.md","details":""}}
{"at":"2026-05-14T19:20:36+00:00","event":"assertion","data":{"status":"pass","name":"TEST 3 compiler does not mutate beliefs","details":""}}
{"at":"2026-05-14T19:20:36+00:00","event":"assertion","data":{"status":"pass","name":"TEST 3 compiler does not mutate narrative","details":""}}
{"at":"2026-05-14T19:20:36+00:00","event":"assertion","data":{"status":"pass","name":"TEST 4 creates S1\/S2 snapshots","details":""}}
{"at":"2026-05-14T19:20:36+00:00","event":"assertion","data":{"status":"pass","name":"TEST 4 S1 payload stable after live mutation","details":""}}
{"at":"2026-05-14T19:20:36+00:00","event":"assertion","data":{"status":"pass","name":"TEST 4 snapshot compare returns ok","details":""}}
{"at":"2026-05-14T19:20:36+00:00","event":"assertion","data":{"status":"pass","name":"TEST 4 snapshot compare does not mutate live state","details":""}}
{"at":"2026-05-14T19:20:36+00:00","event":"assertion","data":{"status":"pass","name":"TEST 4 snapshot compare does not rewrite S1","details":""}}
{"at":"2026-05-14T19:20:36+00:00","event":"assertion","data":{"status":"pass","name":"TEST 4 no silent restore method exposed on ContextSnapshotService","details":""}}
{"at":"2026-05-14T19:20:36+00:00","event":"assertion","data":{"status":"pass","name":"TEST 5 context comparison returns ok","details":""}}
{"at":"2026-05-14T19:20:36+00:00","event":"assertion","data":{"status":"pass","name":"TEST 5 comparison declares runtime_meta.read_only","details":""}}
{"at":"2026-05-14T19:20:36+00:00","event":"assertion","data":{"status":"pass","name":"TEST 5 comparison does not change active context","details":""}}
{"at":"2026-05-14T19:20:36+00:00","event":"assertion","data":{"status":"pass","name":"TEST 5 comparison does not mutate context A tables","details":""}}
{"at":"2026-05-14T19:20:36+00:00","event":"assertion","data":{"status":"pass","name":"TEST 5 comparison does not mutate context B tables","details":""}}
{"at":"2026-05-14T19:20:36+00:00","event":"assertion","data":{"status":"pass","name":"TEST 5 comparison does not mutate context A files","details":""}}
{"at":"2026-05-14T19:20:36+00:00","event":"assertion","data":{"status":"pass","name":"TEST 5 comparison does not mutate context B files","details":""}}
{"at":"2026-05-14T19:20:36+00:00","event":"assertion","data":{"status":"pass","name":"TEST 6 PromptBuilder buildDecisionRoomMessages completes","details":""}}
{"at":"2026-05-14T19:20:36+00:00","event":"assertion","data":{"status":"pass","name":"TEST 6 PromptBuilder does not write SQLite","details":"app_logs delta=0"}}
{"at":"2026-05-14T19:20:36+00:00","event":"assertion","data":{"status":"pass","name":"TEST 6 PromptBuilder does not write filesystem","details":"memory existed before=no, after=no"}}
{"at":"2026-05-14T19:20:36+00:00","event":"assertion","data":{"status":"pass","name":"TEST 6 PromptBuilder with missing memory does not create memory.md","details":""}}
{"at":"2026-05-14T19:20:36+00:00","event":"assertion","data":{"status":"pass","name":"TEST 6 prompt trace and cognitive budget present","details":""}}
{"at":"2026-05-14T19:20:36+00:00","event":"assertion","data":{"status":"pass","name":"TEST 6 all prompt trace steps map to registry definitions","details":""}}
{"at":"2026-05-14T19:20:36+00:00","event":"assertion","data":{"status":"pass","name":"TEST 6 prompt message shape is stable","details":""}}
{"at":"2026-05-14T19:20:36+00:00","event":"assertion","data":{"status":"pass","name":"TEST 6 setup writes existing memory file","details":""}}
{"at":"2026-05-14T19:20:36+00:00","event":"assertion","data":{"status":"pass","name":"TEST 6 PromptBuilder build with existing memory completes","details":""}}
{"at":"2026-05-14T19:20:36+00:00","event":"assertion","data":{"status":"pass","name":"TEST 6 PromptBuilder with existing memory does not modify memory.md","details":""}}
{"at":"2026-05-14T19:20:36+00:00","event":"assertion","data":{"status":"pass","name":"TEST 6 PromptBuilder reads existing memory without content mutation","details":""}}
{"at":"2026-05-14T19:20:36+00:00","event":"assertion","data":{"status":"pass","name":"TEST 6 PromptBuilder does not reference Logger::logPromptBuild","details":""}}
{"at":"2026-05-14T19:20:36+00:00","event":"assertion","data":{"status":"pass","name":"TEST 6 PromptBuilder does not reference ensureFile","details":""}}
{"at":"2026-05-14T19:20:36+00:00","event":"assertion","data":{"status":"pass","name":"TEST 6 social repository defaults never enable legacy NULL rows","details":""}}
{"at":"2026-05-14T19:20:36+00:00","event":"assertion","data":{"status":"pass","name":"TEST 6 SocialPromptContextBuilder avoids global summary call when context can be provided","details":""}}
{"at":"2026-05-14T19:20:36+00:00","event":"assertion","data":{"status":"pass","name":"TEST 7 situated chat returns ok","details":""}}
{"at":"2026-05-14T19:20:36+00:00","event":"assertion","data":{"status":"pass","name":"TEST 7 situated chat returns cognitive_runtime","details":""}}
{"at":"2026-05-14T19:20:36+00:00","event":"assertion","data":{"status":"pass","name":"TEST 7 situated chat returns prompt_injection_trace","details":""}}
{"at":"2026-05-14T19:20:36+00:00","event":"assertion","data":{"status":"pass","name":"TEST 7 situated chat trace steps map to registry definitions","details":""}}
{"at":"2026-05-14T19:20:36+00:00","event":"assertion","data":{"status":"pass","name":"TEST 7 situated chat does not leak context A marker into B prompt","details":""}}
{"at":"2026-05-14T19:20:36+00:00","event":"assertion","data":{"status":"pass","name":"TEST 7 situated chat uses B scoped sources","details":""}}
{"at":"2026-05-14T19:20:36+00:00","event":"assertion","data":{"status":"pass","name":"TEST 8 static PromptBuilder has no persistence calls","details":""}}
{"at":"2026-05-14T19:20:36+00:00","event":"assertion","data":{"status":"pass","name":"TEST 8 static PromptBuilder has no filesystem writes","details":""}}
{"at":"2026-05-14T19:20:36+00:00","event":"assertion","data":{"status":"pass","name":"TEST 8 static PromptBuilder has no repository writes","details":""}}
{"at":"2026-05-14T19:20:36+00:00","event":"assertion","data":{"status":"pass","name":"TEST 8 forbidden call graph src\/Domain\/StrategicContext\/StrategicNarrativeService.php","details":""}}
{"at":"2026-05-14T19:20:36+00:00","event":"assertion","data":{"status":"pass","name":"TEST 8 forbidden call graph src\/Domain\/StrategicContext\/MemoryCompilerService.php","details":""}}
{"at":"2026-05-14T19:20:36+00:00","event":"assertion","data":{"status":"pass","name":"TEST 8 forbidden call graph src\/Domain\/StrategicContext\/ContextSnapshotService.php","details":""}}
{"at":"2026-05-14T19:20:36+00:00","event":"assertion","data":{"status":"pass","name":"TEST 8 forbidden call graph src\/Domain\/SocialDynamics\/SocialPromptContextBuilder.php","details":""}}
{"at":"2026-05-14T19:20:36+00:00","event":"assertion","data":{"status":"pass","name":"TEST 8 static includeLegacyNullRows=true not used as default","details":""}}
{"at":"2026-05-14T19:20:36+00:00","event":"assertion","data":{"status":"pass","name":"TEST 8 SocialPromptContextBuilder passes explicit strict-context arguments to summarizeForPrompt","details":""}}
{"at":"2026-05-14T19:20:36+00:00","event":"assertion","data":{"status":"pass","name":"TEST 8 runners do not opt-in legacy social reads by default","details":""}}
{"at":"2026-05-14T19:20:36+00:00","event":"assertion","data":{"status":"pass","name":"TEST 9 mutation guard blocks forbidden PromptBuilder -> SQLite write","details":""}}
{"at":"2026-05-14T19:20:36+00:00","event":"assertion","data":{"status":"pass","name":"CHAOS comparison asymmetric A\/chaos does not crash","details":""}}
{"at":"2026-05-14T19:20:36+00:00","event":"assertion","data":{"status":"pass","name":"CHAOS Decision Room trace complete and registry declared","details":""}}
{"at":"2026-05-14T19:20:36+00:00","event":"assertion","data":{"status":"pass","name":"CHAOS CognitiveBudgetEngine prunes huge context traceably","details":""}}
{"at":"2026-05-14T19:20:36+00:00","event":"assertion","data":{"status":"pass","name":"CHAOS user prompt remains bounded after pruning","details":""}}
{"at":"2026-05-14T19:20:36+00:00","event":"assertion","data":{"status":"pass","name":"CHAOS Decision Room prompt does not leak context A marker","details":""}}
{"at":"2026-05-14T19:20:40+00:00","event":"assertion","data":{"status":"pass","name":"setup creates contexts A and B","details":"QA_RT_20260514_192040_6b14d035"}}
{"at":"2026-05-14T19:20:40+00:00","event":"assertion","data":{"status":"pass","name":"TEST 1 setup created beliefs in A\/B","details":""}}
{"at":"2026-05-14T19:20:40+00:00","event":"assertion","data":{"status":"pass","name":"TEST 1 no B marker visible in context A bundle","details":""}}
{"at":"2026-05-14T19:20:40+00:00","event":"assertion","data":{"status":"pass","name":"TEST 1 no A marker visible in context B bundle","details":""}}
{"at":"2026-05-14T19:20:40+00:00","event":"assertion","data":{"status":"pass","name":"TEST 1 social dynamics scoped rows exist","details":""}}
{"at":"2026-05-14T19:20:40+00:00","event":"assertion","data":{"status":"pass","name":"TEST 1B strict read A returns only scoped A rows","details":""}}
{"at":"2026-05-14T19:20:40+00:00","event":"assertion","data":{"status":"pass","name":"TEST 1B strict read A excludes B and legacy NULL","details":""}}
{"at":"2026-05-14T19:20:40+00:00","event":"assertion","data":{"status":"pass","name":"TEST 1B strict read B returns only scoped B rows","details":""}}
{"at":"2026-05-14T19:20:40+00:00","event":"assertion","data":{"status":"pass","name":"TEST 1B strict read B excludes A and legacy NULL","details":""}}
{"at":"2026-05-14T19:20:40+00:00","event":"assertion","data":{"status":"pass","name":"TEST 1B opt-in legacy read returns A plus legacy only","details":""}}
{"at":"2026-05-14T19:20:40+00:00","event":"assertion","data":{"status":"pass","name":"TEST 1B prompt social block A excludes legacy and context B","details":""}}
{"at":"2026-05-14T19:20:40+00:00","event":"assertion","data":{"status":"pass","name":"TEST 1B prompt social block B excludes legacy and context A","details":""}}
{"at":"2026-05-14T19:20:40+00:00","event":"assertion","data":{"status":"pass","name":"TEST 1B social endpoint marks include_legacy=true on explicit opt-in","details":""}}
{"at":"2026-05-14T19:20:40+00:00","event":"assertion","data":{"status":"pass","name":"TEST 1B social endpoint marks legacy opt-in active","details":""}}
{"at":"2026-05-14T19:20:40+00:00","event":"assertion","data":{"status":"pass","name":"TEST 2 narrative recompute returns context A","details":""}}
{"at":"2026-05-14T19:20:40+00:00","event":"assertion","data":{"status":"pass","name":"TEST 2 narrative recompute does not update belief rows","details":""}}
{"at":"2026-05-14T19:20:40+00:00","event":"assertion","data":{"status":"pass","name":"TEST 2 narrative recompute does not append belief events","details":""}}
{"at":"2026-05-14T19:20:40+00:00","event":"assertion","data":{"status":"pass","name":"TEST 3 memory compiler runs twice","details":""}}
{"at":"2026-05-14T19:20:40+00:00","event":"assertion","data":{"status":"pass","name":"TEST 3 compiler does not mutate memory.md","details":""}}
{"at":"2026-05-14T19:20:40+00:00","event":"assertion","data":{"status":"pass","name":"TEST 3 compiler does not mutate beliefs","details":""}}
{"at":"2026-05-14T19:20:40+00:00","event":"assertion","data":{"status":"pass","name":"TEST 3 compiler does not mutate narrative","details":""}}
{"at":"2026-05-14T19:20:40+00:00","event":"assertion","data":{"status":"pass","name":"TEST 4 creates S1\/S2 snapshots","details":""}}
{"at":"2026-05-14T19:20:40+00:00","event":"assertion","data":{"status":"pass","name":"TEST 4 S1 payload stable after live mutation","details":""}}
{"at":"2026-05-14T19:20:40+00:00","event":"assertion","data":{"status":"pass","name":"TEST 4 snapshot compare returns ok","details":""}}
{"at":"2026-05-14T19:20:40+00:00","event":"assertion","data":{"status":"pass","name":"TEST 4 snapshot compare does not mutate live state","details":""}}
{"at":"2026-05-14T19:20:40+00:00","event":"assertion","data":{"status":"pass","name":"TEST 4 snapshot compare does not rewrite S1","details":""}}
{"at":"2026-05-14T19:20:40+00:00","event":"assertion","data":{"status":"pass","name":"TEST 4 no silent restore method exposed on ContextSnapshotService","details":""}}
{"at":"2026-05-14T19:20:40+00:00","event":"assertion","data":{"status":"pass","name":"TEST 5 context comparison returns ok","details":""}}
{"at":"2026-05-14T19:20:40+00:00","event":"assertion","data":{"status":"pass","name":"TEST 5 comparison declares runtime_meta.read_only","details":""}}
{"at":"2026-05-14T19:20:40+00:00","event":"assertion","data":{"status":"pass","name":"TEST 5 comparison does not change active context","details":""}}
{"at":"2026-05-14T19:20:40+00:00","event":"assertion","data":{"status":"pass","name":"TEST 5 comparison does not mutate context A tables","details":""}}
{"at":"2026-05-14T19:20:40+00:00","event":"assertion","data":{"status":"pass","name":"TEST 5 comparison does not mutate context B tables","details":""}}
{"at":"2026-05-14T19:20:40+00:00","event":"assertion","data":{"status":"pass","name":"TEST 5 comparison does not mutate context A files","details":""}}
{"at":"2026-05-14T19:20:40+00:00","event":"assertion","data":{"status":"pass","name":"TEST 5 comparison does not mutate context B files","details":""}}
{"at":"2026-05-14T19:20:40+00:00","event":"assertion","data":{"status":"pass","name":"TEST 6 PromptBuilder buildDecisionRoomMessages completes","details":""}}
{"at":"2026-05-14T19:20:40+00:00","event":"assertion","data":{"status":"pass","name":"TEST 6 PromptBuilder does not write SQLite","details":"app_logs delta=0"}}
{"at":"2026-05-14T19:20:40+00:00","event":"assertion","data":{"status":"pass","name":"TEST 6 PromptBuilder does not write filesystem","details":"memory existed before=no, after=no"}}
{"at":"2026-05-14T19:20:40+00:00","event":"assertion","data":{"status":"pass","name":"TEST 6 PromptBuilder with missing memory does not create memory.md","details":""}}
{"at":"2026-05-14T19:20:40+00:00","event":"assertion","data":{"status":"pass","name":"TEST 6 prompt trace and cognitive budget present","details":""}}
{"at":"2026-05-14T19:20:40+00:00","event":"assertion","data":{"status":"pass","name":"TEST 6 all prompt trace steps map to registry definitions","details":""}}
{"at":"2026-05-14T19:20:40+00:00","event":"assertion","data":{"status":"pass","name":"TEST 6 prompt message shape is stable","details":""}}
{"at":"2026-05-14T19:20:40+00:00","event":"assertion","data":{"status":"pass","name":"TEST 6 setup writes existing memory file","details":""}}
{"at":"2026-05-14T19:20:40+00:00","event":"assertion","data":{"status":"pass","name":"TEST 6 PromptBuilder build with existing memory completes","details":""}}
{"at":"2026-05-14T19:20:40+00:00","event":"assertion","data":{"status":"pass","name":"TEST 6 PromptBuilder with existing memory does not modify memory.md","details":""}}
{"at":"2026-05-14T19:20:40+00:00","event":"assertion","data":{"status":"pass","name":"TEST 6 PromptBuilder reads existing memory without content mutation","details":""}}
{"at":"2026-05-14T19:20:40+00:00","event":"assertion","data":{"status":"pass","name":"TEST 6 PromptBuilder does not reference Logger::logPromptBuild","details":""}}
{"at":"2026-05-14T19:20:40+00:00","event":"assertion","data":{"status":"pass","name":"TEST 6 PromptBuilder does not reference ensureFile","details":""}}
{"at":"2026-05-14T19:20:40+00:00","event":"assertion","data":{"status":"pass","name":"TEST 6 social repository defaults never enable legacy NULL rows","details":""}}
{"at":"2026-05-14T19:20:40+00:00","event":"assertion","data":{"status":"pass","name":"TEST 6 SocialPromptContextBuilder avoids global summary call when context can be provided","details":""}}
{"at":"2026-05-14T19:20:40+00:00","event":"assertion","data":{"status":"pass","name":"TEST 7 situated chat returns ok","details":""}}
{"at":"2026-05-14T19:20:40+00:00","event":"assertion","data":{"status":"pass","name":"TEST 7 situated chat returns cognitive_runtime","details":""}}
{"at":"2026-05-14T19:20:40+00:00","event":"assertion","data":{"status":"pass","name":"TEST 7 situated chat returns prompt_injection_trace","details":""}}
{"at":"2026-05-14T19:20:40+00:00","event":"assertion","data":{"status":"pass","name":"TEST 7 situated chat trace steps map to registry definitions","details":""}}
{"at":"2026-05-14T19:20:40+00:00","event":"assertion","data":{"status":"pass","name":"TEST 7 situated chat does not leak context A marker into B prompt","details":""}}
{"at":"2026-05-14T19:20:40+00:00","event":"assertion","data":{"status":"pass","name":"TEST 7 situated chat uses B scoped sources","details":""}}
{"at":"2026-05-14T19:20:40+00:00","event":"assertion","data":{"status":"pass","name":"TEST 8 static PromptBuilder has no persistence calls","details":""}}
{"at":"2026-05-14T19:20:40+00:00","event":"assertion","data":{"status":"pass","name":"TEST 8 static PromptBuilder has no filesystem writes","details":""}}
{"at":"2026-05-14T19:20:40+00:00","event":"assertion","data":{"status":"pass","name":"TEST 8 static PromptBuilder has no repository writes","details":""}}
{"at":"2026-05-14T19:20:40+00:00","event":"assertion","data":{"status":"pass","name":"TEST 8 forbidden call graph src\/Domain\/StrategicContext\/StrategicNarrativeService.php","details":""}}
{"at":"2026-05-14T19:20:40+00:00","event":"assertion","data":{"status":"pass","name":"TEST 8 forbidden call graph src\/Domain\/StrategicContext\/MemoryCompilerService.php","details":""}}
{"at":"2026-05-14T19:20:40+00:00","event":"assertion","data":{"status":"pass","name":"TEST 8 forbidden call graph src\/Domain\/StrategicContext\/ContextSnapshotService.php","details":""}}
{"at":"2026-05-14T19:20:40+00:00","event":"assertion","data":{"status":"pass","name":"TEST 8 forbidden call graph src\/Domain\/SocialDynamics\/SocialPromptContextBuilder.php","details":""}}
{"at":"2026-05-14T19:20:40+00:00","event":"assertion","data":{"status":"pass","name":"TEST 8 static includeLegacyNullRows=true not used as default","details":""}}
{"at":"2026-05-14T19:20:40+00:00","event":"assertion","data":{"status":"pass","name":"TEST 8 SocialPromptContextBuilder passes explicit strict-context arguments to summarizeForPrompt","details":""}}
{"at":"2026-05-14T19:20:40+00:00","event":"assertion","data":{"status":"pass","name":"TEST 8 runners do not opt-in legacy social reads by default","details":""}}
{"at":"2026-05-14T19:20:40+00:00","event":"assertion","data":{"status":"pass","name":"TEST 9 mutation guard blocks forbidden PromptBuilder -> SQLite write","details":""}}
{"at":"2026-05-14T19:20:41+00:00","event":"assertion","data":{"status":"pass","name":"CHAOS comparison asymmetric A\/chaos does not crash","details":""}}
{"at":"2026-05-14T19:20:41+00:00","event":"assertion","data":{"status":"pass","name":"CHAOS Decision Room trace complete and registry declared","details":""}}
{"at":"2026-05-14T19:20:41+00:00","event":"assertion","data":{"status":"pass","name":"CHAOS CognitiveBudgetEngine prunes huge context traceably","details":""}}
{"at":"2026-05-14T19:20:41+00:00","event":"assertion","data":{"status":"pass","name":"CHAOS user prompt remains bounded after pruning","details":""}}
{"at":"2026-05-14T19:20:41+00:00","event":"assertion","data":{"status":"pass","name":"CHAOS Decision Room prompt does not leak context A marker","details":""}}
{"at":"2026-05-14T19:36:26+00:00","event":"assertion","data":{"status":"pass","name":"setup creates contexts A and B","details":"QA_RT_20260514_193626_93996c04"}}
{"at":"2026-05-14T19:36:26+00:00","event":"assertion","data":{"status":"pass","name":"TEST 1 setup created beliefs in A\/B","details":""}}
{"at":"2026-05-14T19:36:26+00:00","event":"assertion","data":{"status":"pass","name":"TEST 1 no B marker visible in context A bundle","details":""}}
{"at":"2026-05-14T19:36:26+00:00","event":"assertion","data":{"status":"pass","name":"TEST 1 no A marker visible in context B bundle","details":""}}
{"at":"2026-05-14T19:36:26+00:00","event":"assertion","data":{"status":"pass","name":"TEST 1 social dynamics scoped rows exist","details":""}}
{"at":"2026-05-14T19:36:26+00:00","event":"assertion","data":{"status":"pass","name":"TEST 1B strict read A returns only scoped A rows","details":""}}
{"at":"2026-05-14T19:36:26+00:00","event":"assertion","data":{"status":"pass","name":"TEST 1B strict read A excludes B and legacy NULL","details":""}}
{"at":"2026-05-14T19:36:26+00:00","event":"assertion","data":{"status":"pass","name":"TEST 1B strict read B returns only scoped B rows","details":""}}
{"at":"2026-05-14T19:36:26+00:00","event":"assertion","data":{"status":"pass","name":"TEST 1B strict read B excludes A and legacy NULL","details":""}}
{"at":"2026-05-14T19:36:26+00:00","event":"assertion","data":{"status":"pass","name":"TEST 1B opt-in legacy read returns A plus legacy only","details":""}}
{"at":"2026-05-14T19:36:26+00:00","event":"assertion","data":{"status":"pass","name":"TEST 1B prompt social block A excludes legacy and context B","details":""}}
{"at":"2026-05-14T19:36:26+00:00","event":"assertion","data":{"status":"pass","name":"TEST 1B prompt social block B excludes legacy and context A","details":""}}
{"at":"2026-05-14T19:36:26+00:00","event":"assertion","data":{"status":"pass","name":"TEST 1B social endpoint marks include_legacy=true on explicit opt-in","details":""}}
{"at":"2026-05-14T19:36:26+00:00","event":"assertion","data":{"status":"pass","name":"TEST 1B social endpoint marks legacy opt-in active","details":""}}
{"at":"2026-05-14T19:36:26+00:00","event":"assertion","data":{"status":"pass","name":"TEST 2 narrative recompute returns context A","details":""}}
{"at":"2026-05-14T19:36:26+00:00","event":"assertion","data":{"status":"pass","name":"TEST 2 narrative recompute does not update belief rows","details":""}}
{"at":"2026-05-14T19:36:26+00:00","event":"assertion","data":{"status":"pass","name":"TEST 2 narrative recompute does not append belief events","details":""}}
{"at":"2026-05-14T19:36:26+00:00","event":"assertion","data":{"status":"pass","name":"TEST 3 memory compiler runs twice","details":""}}
{"at":"2026-05-14T19:36:26+00:00","event":"assertion","data":{"status":"pass","name":"TEST 3 compiler does not mutate memory.md","details":""}}
{"at":"2026-05-14T19:36:26+00:00","event":"assertion","data":{"status":"pass","name":"TEST 3 compiler does not mutate beliefs","details":""}}
{"at":"2026-05-14T19:36:26+00:00","event":"assertion","data":{"status":"pass","name":"TEST 3 compiler does not mutate narrative","details":""}}
{"at":"2026-05-14T19:36:26+00:00","event":"assertion","data":{"status":"pass","name":"TEST 4 creates S1\/S2 snapshots","details":""}}
{"at":"2026-05-14T19:36:26+00:00","event":"assertion","data":{"status":"pass","name":"TEST 4 S1 payload stable after live mutation","details":""}}
{"at":"2026-05-14T19:36:26+00:00","event":"assertion","data":{"status":"pass","name":"TEST 4 snapshot compare returns ok","details":""}}
{"at":"2026-05-14T19:36:26+00:00","event":"assertion","data":{"status":"pass","name":"TEST 4 snapshot compare does not mutate live state","details":""}}
{"at":"2026-05-14T19:36:26+00:00","event":"assertion","data":{"status":"pass","name":"TEST 4 snapshot compare does not rewrite S1","details":""}}
{"at":"2026-05-14T19:36:26+00:00","event":"assertion","data":{"status":"pass","name":"TEST 4 no silent restore method exposed on ContextSnapshotService","details":""}}
{"at":"2026-05-14T19:36:26+00:00","event":"assertion","data":{"status":"pass","name":"TEST 5 context comparison returns ok","details":""}}
{"at":"2026-05-14T19:36:26+00:00","event":"assertion","data":{"status":"pass","name":"TEST 5 comparison declares runtime_meta.read_only","details":""}}
{"at":"2026-05-14T19:36:26+00:00","event":"assertion","data":{"status":"pass","name":"TEST 5 comparison does not change active context","details":""}}
{"at":"2026-05-14T19:36:26+00:00","event":"assertion","data":{"status":"pass","name":"TEST 5 comparison does not mutate context A tables","details":""}}
{"at":"2026-05-14T19:36:26+00:00","event":"assertion","data":{"status":"pass","name":"TEST 5 comparison does not mutate context B tables","details":""}}
{"at":"2026-05-14T19:36:26+00:00","event":"assertion","data":{"status":"pass","name":"TEST 5 comparison does not mutate context A files","details":""}}
{"at":"2026-05-14T19:36:26+00:00","event":"assertion","data":{"status":"pass","name":"TEST 5 comparison does not mutate context B files","details":""}}
{"at":"2026-05-14T19:36:26+00:00","event":"assertion","data":{"status":"pass","name":"TEST 6 PromptBuilder buildDecisionRoomMessages completes","details":""}}
{"at":"2026-05-14T19:36:26+00:00","event":"assertion","data":{"status":"pass","name":"TEST 6 PromptBuilder does not write SQLite","details":"app_logs delta=0"}}
{"at":"2026-05-14T19:36:26+00:00","event":"assertion","data":{"status":"pass","name":"TEST 6 PromptBuilder does not write filesystem","details":"memory existed before=no, after=no"}}
{"at":"2026-05-14T19:36:26+00:00","event":"assertion","data":{"status":"pass","name":"TEST 6 PromptBuilder with missing memory does not create memory.md","details":""}}
{"at":"2026-05-14T19:36:26+00:00","event":"assertion","data":{"status":"pass","name":"TEST 6 prompt trace and cognitive budget present","details":""}}
{"at":"2026-05-14T19:36:26+00:00","event":"assertion","data":{"status":"pass","name":"TEST 6 all prompt trace steps map to registry definitions","details":""}}
{"at":"2026-05-14T19:36:26+00:00","event":"assertion","data":{"status":"pass","name":"TEST 6 prompt message shape is stable","details":""}}
{"at":"2026-05-14T19:36:26+00:00","event":"assertion","data":{"status":"pass","name":"TEST 6 setup writes existing memory file","details":""}}
{"at":"2026-05-14T19:36:26+00:00","event":"assertion","data":{"status":"pass","name":"TEST 6 PromptBuilder build with existing memory completes","details":""}}
{"at":"2026-05-14T19:36:26+00:00","event":"assertion","data":{"status":"pass","name":"TEST 6 PromptBuilder with existing memory does not modify memory.md","details":""}}
{"at":"2026-05-14T19:36:26+00:00","event":"assertion","data":{"status":"pass","name":"TEST 6 PromptBuilder reads existing memory without content mutation","details":""}}
{"at":"2026-05-14T19:36:26+00:00","event":"assertion","data":{"status":"pass","name":"TEST 6 PromptBuilder does not reference Logger::logPromptBuild","details":""}}
{"at":"2026-05-14T19:36:26+00:00","event":"assertion","data":{"status":"pass","name":"TEST 6 PromptBuilder does not reference ensureFile","details":""}}
{"at":"2026-05-14T19:36:26+00:00","event":"assertion","data":{"status":"pass","name":"TEST 6 social repository defaults never enable legacy NULL rows","details":""}}
{"at":"2026-05-14T19:36:26+00:00","event":"assertion","data":{"status":"pass","name":"TEST 6 SocialPromptContextBuilder avoids global summary call when context can be provided","details":""}}
{"at":"2026-05-14T19:36:26+00:00","event":"assertion","data":{"status":"pass","name":"TEST 7 situated chat returns ok","details":""}}
{"at":"2026-05-14T19:36:26+00:00","event":"assertion","data":{"status":"pass","name":"TEST 7 situated chat returns cognitive_runtime","details":""}}
{"at":"2026-05-14T19:36:26+00:00","event":"assertion","data":{"status":"pass","name":"TEST 7 situated chat returns prompt_injection_trace","details":""}}
{"at":"2026-05-14T19:36:26+00:00","event":"assertion","data":{"status":"pass","name":"TEST 7 situated chat trace steps map to registry definitions","details":""}}
{"at":"2026-05-14T19:36:26+00:00","event":"assertion","data":{"status":"pass","name":"TEST 7 situated chat does not leak context A marker into B prompt","details":""}}
{"at":"2026-05-14T19:36:26+00:00","event":"assertion","data":{"status":"pass","name":"TEST 7 situated chat uses B scoped sources","details":""}}
{"at":"2026-05-14T19:36:26+00:00","event":"assertion","data":{"status":"pass","name":"TEST 8 static PromptBuilder has no persistence calls","details":""}}
{"at":"2026-05-14T19:36:26+00:00","event":"assertion","data":{"status":"pass","name":"TEST 8 static PromptBuilder has no filesystem writes","details":""}}
{"at":"2026-05-14T19:36:26+00:00","event":"assertion","data":{"status":"pass","name":"TEST 8 static PromptBuilder has no repository writes","details":""}}
{"at":"2026-05-14T19:36:26+00:00","event":"assertion","data":{"status":"pass","name":"TEST 8 forbidden call graph src\/Domain\/StrategicContext\/StrategicNarrativeService.php","details":""}}
{"at":"2026-05-14T19:36:26+00:00","event":"assertion","data":{"status":"pass","name":"TEST 8 forbidden call graph src\/Domain\/StrategicContext\/MemoryCompilerService.php","details":""}}
{"at":"2026-05-14T19:36:26+00:00","event":"assertion","data":{"status":"pass","name":"TEST 8 forbidden call graph src\/Domain\/StrategicContext\/ContextSnapshotService.php","details":""}}
{"at":"2026-05-14T19:36:26+00:00","event":"assertion","data":{"status":"pass","name":"TEST 8 forbidden call graph src\/Domain\/SocialDynamics\/SocialPromptContextBuilder.php","details":""}}
{"at":"2026-05-14T19:36:26+00:00","event":"assertion","data":{"status":"pass","name":"TEST 8 static includeLegacyNullRows=true not used as default","details":""}}
{"at":"2026-05-14T19:36:26+00:00","event":"assertion","data":{"status":"pass","name":"TEST 8 SocialPromptContextBuilder passes explicit strict-context arguments to summarizeForPrompt","details":""}}
{"at":"2026-05-14T19:36:26+00:00","event":"assertion","data":{"status":"pass","name":"TEST 8 runners do not opt-in legacy social reads by default","details":""}}
{"at":"2026-05-14T19:36:26+00:00","event":"assertion","data":{"status":"pass","name":"TEST 9 mutation guard blocks forbidden PromptBuilder -> SQLite write","details":""}}
{"at":"2026-05-14T19:36:27+00:00","event":"assertion","data":{"status":"pass","name":"CHAOS comparison asymmetric A\/chaos does not crash","details":""}}
{"at":"2026-05-14T19:36:27+00:00","event":"assertion","data":{"status":"pass","name":"CHAOS Decision Room trace complete and registry declared","details":""}}
{"at":"2026-05-14T19:36:27+00:00","event":"assertion","data":{"status":"pass","name":"CHAOS CognitiveBudgetEngine prunes huge context traceably","details":""}}
{"at":"2026-05-14T19:36:27+00:00","event":"assertion","data":{"status":"pass","name":"CHAOS user prompt remains bounded after pruning","details":""}}
{"at":"2026-05-14T19:36:27+00:00","event":"assertion","data":{"status":"pass","name":"CHAOS Decision Room prompt does not leak context A marker","details":""}}
{"at":"2026-05-14T19:45:34+00:00","event":"assertion","data":{"status":"pass","name":"setup creates contexts A and B","details":"QA_RT_20260514_194534_cabc16b2"}}
{"at":"2026-05-14T19:45:34+00:00","event":"assertion","data":{"status":"pass","name":"TEST 1 setup created beliefs in A\/B","details":""}}
{"at":"2026-05-14T19:45:34+00:00","event":"assertion","data":{"status":"pass","name":"TEST 1 no B marker visible in context A bundle","details":""}}
{"at":"2026-05-14T19:45:34+00:00","event":"assertion","data":{"status":"pass","name":"TEST 1 no A marker visible in context B bundle","details":""}}
{"at":"2026-05-14T19:45:34+00:00","event":"assertion","data":{"status":"pass","name":"TEST 1 social dynamics scoped rows exist","details":""}}
{"at":"2026-05-14T19:45:34+00:00","event":"assertion","data":{"status":"pass","name":"TEST 1B strict read A returns only scoped A rows","details":""}}
{"at":"2026-05-14T19:45:34+00:00","event":"assertion","data":{"status":"pass","name":"TEST 1B strict read A excludes B and legacy NULL","details":""}}
{"at":"2026-05-14T19:45:34+00:00","event":"assertion","data":{"status":"pass","name":"TEST 1B strict read B returns only scoped B rows","details":""}}
{"at":"2026-05-14T19:45:34+00:00","event":"assertion","data":{"status":"pass","name":"TEST 1B strict read B excludes A and legacy NULL","details":""}}
{"at":"2026-05-14T19:45:34+00:00","event":"assertion","data":{"status":"pass","name":"TEST 1B opt-in legacy read returns A plus legacy only","details":""}}
{"at":"2026-05-14T19:45:34+00:00","event":"assertion","data":{"status":"pass","name":"TEST 1B prompt social block A excludes legacy and context B","details":""}}
{"at":"2026-05-14T19:45:34+00:00","event":"assertion","data":{"status":"pass","name":"TEST 1B prompt social block B excludes legacy and context A","details":""}}
{"at":"2026-05-14T19:45:34+00:00","event":"assertion","data":{"status":"pass","name":"TEST 1B social endpoint marks include_legacy=true on explicit opt-in","details":""}}
{"at":"2026-05-14T19:45:34+00:00","event":"assertion","data":{"status":"pass","name":"TEST 1B social endpoint marks legacy opt-in active","details":""}}
{"at":"2026-05-14T19:45:34+00:00","event":"assertion","data":{"status":"pass","name":"TEST 2 narrative recompute returns context A","details":""}}
{"at":"2026-05-14T19:45:34+00:00","event":"assertion","data":{"status":"pass","name":"TEST 2 narrative recompute does not update belief rows","details":""}}
{"at":"2026-05-14T19:45:34+00:00","event":"assertion","data":{"status":"pass","name":"TEST 2 narrative recompute does not append belief events","details":""}}
{"at":"2026-05-14T19:45:34+00:00","event":"assertion","data":{"status":"pass","name":"TEST 3 memory compiler runs twice","details":""}}
{"at":"2026-05-14T19:45:34+00:00","event":"assertion","data":{"status":"pass","name":"TEST 3 compiler does not mutate memory.md","details":""}}
{"at":"2026-05-14T19:45:34+00:00","event":"assertion","data":{"status":"pass","name":"TEST 3 compiler does not mutate beliefs","details":""}}
{"at":"2026-05-14T19:45:34+00:00","event":"assertion","data":{"status":"pass","name":"TEST 3 compiler does not mutate narrative","details":""}}
{"at":"2026-05-14T19:45:34+00:00","event":"assertion","data":{"status":"pass","name":"TEST 4 creates S1\/S2 snapshots","details":""}}
{"at":"2026-05-14T19:45:34+00:00","event":"assertion","data":{"status":"pass","name":"TEST 4 S1 payload stable after live mutation","details":""}}
{"at":"2026-05-14T19:45:34+00:00","event":"assertion","data":{"status":"pass","name":"TEST 4 snapshot compare returns ok","details":""}}
{"at":"2026-05-14T19:45:34+00:00","event":"assertion","data":{"status":"pass","name":"TEST 4 snapshot compare does not mutate live state","details":""}}
{"at":"2026-05-14T19:45:34+00:00","event":"assertion","data":{"status":"pass","name":"TEST 4 snapshot compare does not rewrite S1","details":""}}
{"at":"2026-05-14T19:45:34+00:00","event":"assertion","data":{"status":"pass","name":"TEST 4 no silent restore method exposed on ContextSnapshotService","details":""}}
{"at":"2026-05-14T19:45:34+00:00","event":"assertion","data":{"status":"pass","name":"TEST 5 context comparison returns ok","details":""}}
{"at":"2026-05-14T19:45:34+00:00","event":"assertion","data":{"status":"pass","name":"TEST 5 comparison declares runtime_meta.read_only","details":""}}
{"at":"2026-05-14T19:45:34+00:00","event":"assertion","data":{"status":"pass","name":"TEST 5 comparison does not change active context","details":""}}
{"at":"2026-05-14T19:45:34+00:00","event":"assertion","data":{"status":"pass","name":"TEST 5 comparison does not mutate context A tables","details":""}}
{"at":"2026-05-14T19:45:34+00:00","event":"assertion","data":{"status":"pass","name":"TEST 5 comparison does not mutate context B tables","details":""}}
{"at":"2026-05-14T19:45:34+00:00","event":"assertion","data":{"status":"pass","name":"TEST 5 comparison does not mutate context A files","details":""}}
{"at":"2026-05-14T19:45:34+00:00","event":"assertion","data":{"status":"pass","name":"TEST 5 comparison does not mutate context B files","details":""}}
{"at":"2026-05-14T19:45:34+00:00","event":"assertion","data":{"status":"pass","name":"TEST 6 PromptBuilder buildDecisionRoomMessages completes","details":""}}
{"at":"2026-05-14T19:45:34+00:00","event":"assertion","data":{"status":"pass","name":"TEST 6 PromptBuilder does not write SQLite","details":"app_logs delta=0"}}
{"at":"2026-05-14T19:45:34+00:00","event":"assertion","data":{"status":"pass","name":"TEST 6 PromptBuilder does not write filesystem","details":"memory existed before=no, after=no"}}
{"at":"2026-05-14T19:45:34+00:00","event":"assertion","data":{"status":"pass","name":"TEST 6 PromptBuilder with missing memory does not create memory.md","details":""}}
{"at":"2026-05-14T19:45:34+00:00","event":"assertion","data":{"status":"pass","name":"TEST 6 prompt trace and cognitive budget present","details":""}}
{"at":"2026-05-14T19:45:34+00:00","event":"assertion","data":{"status":"pass","name":"TEST 6 all prompt trace steps map to registry definitions","details":""}}
{"at":"2026-05-14T19:45:34+00:00","event":"assertion","data":{"status":"pass","name":"TEST 6 prompt message shape is stable","details":""}}
{"at":"2026-05-14T19:45:34+00:00","event":"assertion","data":{"status":"pass","name":"TEST 6 setup writes existing memory file","details":""}}
{"at":"2026-05-14T19:45:34+00:00","event":"assertion","data":{"status":"pass","name":"TEST 6 PromptBuilder build with existing memory completes","details":""}}
{"at":"2026-05-14T19:45:34+00:00","event":"assertion","data":{"status":"pass","name":"TEST 6 PromptBuilder with existing memory does not modify memory.md","details":""}}
{"at":"2026-05-14T19:45:34+00:00","event":"assertion","data":{"status":"pass","name":"TEST 6 PromptBuilder reads existing memory without content mutation","details":""}}
{"at":"2026-05-14T19:45:34+00:00","event":"assertion","data":{"status":"pass","name":"TEST 6 PromptBuilder does not reference Logger::logPromptBuild","details":""}}
{"at":"2026-05-14T19:45:34+00:00","event":"assertion","data":{"status":"pass","name":"TEST 6 PromptBuilder does not reference ensureFile","details":""}}
{"at":"2026-05-14T19:45:34+00:00","event":"assertion","data":{"status":"pass","name":"TEST 6 social repository defaults never enable legacy NULL rows","details":""}}
{"at":"2026-05-14T19:45:34+00:00","event":"assertion","data":{"status":"pass","name":"TEST 6 SocialPromptContextBuilder avoids global summary call when context can be provided","details":""}}
{"at":"2026-05-14T19:45:34+00:00","event":"assertion","data":{"status":"pass","name":"TEST 7 situated chat returns ok","details":""}}
{"at":"2026-05-14T19:45:34+00:00","event":"assertion","data":{"status":"pass","name":"TEST 7 situated chat returns cognitive_runtime","details":""}}
{"at":"2026-05-14T19:45:34+00:00","event":"assertion","data":{"status":"pass","name":"TEST 7 situated chat returns prompt_injection_trace","details":""}}
{"at":"2026-05-14T19:45:34+00:00","event":"assertion","data":{"status":"pass","name":"TEST 7 situated chat trace steps map to registry definitions","details":""}}
{"at":"2026-05-14T19:45:34+00:00","event":"assertion","data":{"status":"pass","name":"TEST 7 situated chat does not leak context A marker into B prompt","details":""}}
{"at":"2026-05-14T19:45:34+00:00","event":"assertion","data":{"status":"pass","name":"TEST 7 situated chat uses B scoped sources","details":""}}
{"at":"2026-05-14T19:45:34+00:00","event":"assertion","data":{"status":"pass","name":"TEST 8 static PromptBuilder has no persistence calls","details":""}}
{"at":"2026-05-14T19:45:34+00:00","event":"assertion","data":{"status":"pass","name":"TEST 8 static PromptBuilder has no filesystem writes","details":""}}
{"at":"2026-05-14T19:45:34+00:00","event":"assertion","data":{"status":"pass","name":"TEST 8 static PromptBuilder has no repository writes","details":""}}
{"at":"2026-05-14T19:45:34+00:00","event":"assertion","data":{"status":"pass","name":"TEST 8 forbidden call graph src\/Domain\/StrategicContext\/StrategicNarrativeService.php","details":""}}
{"at":"2026-05-14T19:45:34+00:00","event":"assertion","data":{"status":"pass","name":"TEST 8 forbidden call graph src\/Domain\/StrategicContext\/MemoryCompilerService.php","details":""}}
{"at":"2026-05-14T19:45:34+00:00","event":"assertion","data":{"status":"pass","name":"TEST 8 forbidden call graph src\/Domain\/StrategicContext\/ContextSnapshotService.php","details":""}}
{"at":"2026-05-14T19:45:34+00:00","event":"assertion","data":{"status":"pass","name":"TEST 8 forbidden call graph src\/Domain\/SocialDynamics\/SocialPromptContextBuilder.php","details":""}}
{"at":"2026-05-14T19:45:34+00:00","event":"assertion","data":{"status":"pass","name":"TEST 8 static includeLegacyNullRows=true not used as default","details":""}}
{"at":"2026-05-14T19:45:34+00:00","event":"assertion","data":{"status":"pass","name":"TEST 8 SocialPromptContextBuilder passes explicit strict-context arguments to summarizeForPrompt","details":""}}
{"at":"2026-05-14T19:45:34+00:00","event":"assertion","data":{"status":"pass","name":"TEST 8 runners do not opt-in legacy social reads by default","details":""}}
{"at":"2026-05-14T19:45:34+00:00","event":"assertion","data":{"status":"pass","name":"TEST 9 mutation guard blocks forbidden PromptBuilder -> SQLite write","details":""}}
{"at":"2026-05-14T19:45:34+00:00","event":"assertion","data":{"status":"pass","name":"CHAOS comparison asymmetric A\/chaos does not crash","details":""}}
{"at":"2026-05-14T19:45:34+00:00","event":"assertion","data":{"status":"pass","name":"CHAOS Decision Room trace complete and registry declared","details":""}}
{"at":"2026-05-14T19:45:34+00:00","event":"assertion","data":{"status":"pass","name":"CHAOS CognitiveBudgetEngine prunes huge context traceably","details":""}}
{"at":"2026-05-14T19:45:34+00:00","event":"assertion","data":{"status":"pass","name":"CHAOS user prompt remains bounded after pruning","details":""}}
{"at":"2026-05-14T19:45:34+00:00","event":"assertion","data":{"status":"pass","name":"CHAOS Decision Room prompt does not leak context A marker","details":""}}
{"at":"2026-05-14T19:45:36+00:00","event":"assertion","data":{"status":"pass","name":"setup creates contexts A and B","details":"QA_RT_20260514_194536_140886f4"}}
{"at":"2026-05-14T19:45:36+00:00","event":"assertion","data":{"status":"pass","name":"TEST 1 setup created beliefs in A\/B","details":""}}
{"at":"2026-05-14T19:45:36+00:00","event":"assertion","data":{"status":"pass","name":"TEST 1 no B marker visible in context A bundle","details":""}}
{"at":"2026-05-14T19:45:36+00:00","event":"assertion","data":{"status":"pass","name":"TEST 1 no A marker visible in context B bundle","details":""}}
{"at":"2026-05-14T19:45:36+00:00","event":"assertion","data":{"status":"pass","name":"TEST 1 social dynamics scoped rows exist","details":""}}
{"at":"2026-05-14T19:45:36+00:00","event":"assertion","data":{"status":"pass","name":"TEST 1B strict read A returns only scoped A rows","details":""}}
{"at":"2026-05-14T19:45:36+00:00","event":"assertion","data":{"status":"pass","name":"TEST 1B strict read A excludes B and legacy NULL","details":""}}
{"at":"2026-05-14T19:45:36+00:00","event":"assertion","data":{"status":"pass","name":"TEST 1B strict read B returns only scoped B rows","details":""}}
{"at":"2026-05-14T19:45:36+00:00","event":"assertion","data":{"status":"pass","name":"TEST 1B strict read B excludes A and legacy NULL","details":""}}
{"at":"2026-05-14T19:45:36+00:00","event":"assertion","data":{"status":"pass","name":"TEST 1B opt-in legacy read returns A plus legacy only","details":""}}
{"at":"2026-05-14T19:45:36+00:00","event":"assertion","data":{"status":"pass","name":"TEST 1B prompt social block A excludes legacy and context B","details":""}}
{"at":"2026-05-14T19:45:36+00:00","event":"assertion","data":{"status":"pass","name":"TEST 1B prompt social block B excludes legacy and context A","details":""}}
{"at":"2026-05-14T19:45:36+00:00","event":"assertion","data":{"status":"pass","name":"TEST 1B social endpoint marks include_legacy=true on explicit opt-in","details":""}}
{"at":"2026-05-14T19:45:36+00:00","event":"assertion","data":{"status":"pass","name":"TEST 1B social endpoint marks legacy opt-in active","details":""}}
{"at":"2026-05-14T19:45:36+00:00","event":"assertion","data":{"status":"pass","name":"TEST 2 narrative recompute returns context A","details":""}}
{"at":"2026-05-14T19:45:36+00:00","event":"assertion","data":{"status":"pass","name":"TEST 2 narrative recompute does not update belief rows","details":""}}
{"at":"2026-05-14T19:45:36+00:00","event":"assertion","data":{"status":"pass","name":"TEST 2 narrative recompute does not append belief events","details":""}}
{"at":"2026-05-14T19:45:36+00:00","event":"assertion","data":{"status":"pass","name":"TEST 3 memory compiler runs twice","details":""}}
{"at":"2026-05-14T19:45:36+00:00","event":"assertion","data":{"status":"pass","name":"TEST 3 compiler does not mutate memory.md","details":""}}
{"at":"2026-05-14T19:45:36+00:00","event":"assertion","data":{"status":"pass","name":"TEST 3 compiler does not mutate beliefs","details":""}}
{"at":"2026-05-14T19:45:36+00:00","event":"assertion","data":{"status":"pass","name":"TEST 3 compiler does not mutate narrative","details":""}}
{"at":"2026-05-14T19:45:36+00:00","event":"assertion","data":{"status":"pass","name":"TEST 4 creates S1\/S2 snapshots","details":""}}
{"at":"2026-05-14T19:45:36+00:00","event":"assertion","data":{"status":"pass","name":"TEST 4 S1 payload stable after live mutation","details":""}}
{"at":"2026-05-14T19:45:36+00:00","event":"assertion","data":{"status":"pass","name":"TEST 4 snapshot compare returns ok","details":""}}
{"at":"2026-05-14T19:45:36+00:00","event":"assertion","data":{"status":"pass","name":"TEST 4 snapshot compare does not mutate live state","details":""}}
{"at":"2026-05-14T19:45:36+00:00","event":"assertion","data":{"status":"pass","name":"TEST 4 snapshot compare does not rewrite S1","details":""}}
{"at":"2026-05-14T19:45:36+00:00","event":"assertion","data":{"status":"pass","name":"TEST 4 no silent restore method exposed on ContextSnapshotService","details":""}}
{"at":"2026-05-14T19:45:36+00:00","event":"assertion","data":{"status":"pass","name":"TEST 5 context comparison returns ok","details":""}}
{"at":"2026-05-14T19:45:36+00:00","event":"assertion","data":{"status":"pass","name":"TEST 5 comparison declares runtime_meta.read_only","details":""}}
{"at":"2026-05-14T19:45:36+00:00","event":"assertion","data":{"status":"pass","name":"TEST 5 comparison does not change active context","details":""}}
{"at":"2026-05-14T19:45:36+00:00","event":"assertion","data":{"status":"pass","name":"TEST 5 comparison does not mutate context A tables","details":""}}
{"at":"2026-05-14T19:45:36+00:00","event":"assertion","data":{"status":"pass","name":"TEST 5 comparison does not mutate context B tables","details":""}}
{"at":"2026-05-14T19:45:36+00:00","event":"assertion","data":{"status":"pass","name":"TEST 5 comparison does not mutate context A files","details":""}}
{"at":"2026-05-14T19:45:36+00:00","event":"assertion","data":{"status":"pass","name":"TEST 5 comparison does not mutate context B files","details":""}}
{"at":"2026-05-14T19:45:36+00:00","event":"assertion","data":{"status":"pass","name":"TEST 6 PromptBuilder buildDecisionRoomMessages completes","details":""}}
{"at":"2026-05-14T19:45:36+00:00","event":"assertion","data":{"status":"pass","name":"TEST 6 PromptBuilder does not write SQLite","details":"app_logs delta=0"}}
{"at":"2026-05-14T19:45:36+00:00","event":"assertion","data":{"status":"pass","name":"TEST 6 PromptBuilder does not write filesystem","details":"memory existed before=no, after=no"}}
{"at":"2026-05-14T19:45:36+00:00","event":"assertion","data":{"status":"pass","name":"TEST 6 PromptBuilder with missing memory does not create memory.md","details":""}}
{"at":"2026-05-14T19:45:36+00:00","event":"assertion","data":{"status":"pass","name":"TEST 6 prompt trace and cognitive budget present","details":""}}
{"at":"2026-05-14T19:45:36+00:00","event":"assertion","data":{"status":"pass","name":"TEST 6 all prompt trace steps map to registry definitions","details":""}}
{"at":"2026-05-14T19:45:36+00:00","event":"assertion","data":{"status":"pass","name":"TEST 6 prompt message shape is stable","details":""}}
{"at":"2026-05-14T19:45:36+00:00","event":"assertion","data":{"status":"pass","name":"TEST 6 setup writes existing memory file","details":""}}
{"at":"2026-05-14T19:45:36+00:00","event":"assertion","data":{"status":"pass","name":"TEST 6 PromptBuilder build with existing memory completes","details":""}}
{"at":"2026-05-14T19:45:36+00:00","event":"assertion","data":{"status":"pass","name":"TEST 6 PromptBuilder with existing memory does not modify memory.md","details":""}}
{"at":"2026-05-14T19:45:36+00:00","event":"assertion","data":{"status":"pass","name":"TEST 6 PromptBuilder reads existing memory without content mutation","details":""}}
{"at":"2026-05-14T19:45:36+00:00","event":"assertion","data":{"status":"pass","name":"TEST 6 PromptBuilder does not reference Logger::logPromptBuild","details":""}}
{"at":"2026-05-14T19:45:36+00:00","event":"assertion","data":{"status":"pass","name":"TEST 6 PromptBuilder does not reference ensureFile","details":""}}
{"at":"2026-05-14T19:45:36+00:00","event":"assertion","data":{"status":"pass","name":"TEST 6 social repository defaults never enable legacy NULL rows","details":""}}
{"at":"2026-05-14T19:45:36+00:00","event":"assertion","data":{"status":"pass","name":"TEST 6 SocialPromptContextBuilder avoids global summary call when context can be provided","details":""}}
{"at":"2026-05-14T19:45:36+00:00","event":"assertion","data":{"status":"pass","name":"TEST 7 situated chat returns ok","details":""}}
{"at":"2026-05-14T19:45:36+00:00","event":"assertion","data":{"status":"pass","name":"TEST 7 situated chat returns cognitive_runtime","details":""}}
{"at":"2026-05-14T19:45:36+00:00","event":"assertion","data":{"status":"pass","name":"TEST 7 situated chat returns prompt_injection_trace","details":""}}
{"at":"2026-05-14T19:45:36+00:00","event":"assertion","data":{"status":"pass","name":"TEST 7 situated chat trace steps map to registry definitions","details":""}}
{"at":"2026-05-14T19:45:36+00:00","event":"assertion","data":{"status":"pass","name":"TEST 7 situated chat does not leak context A marker into B prompt","details":""}}
{"at":"2026-05-14T19:45:36+00:00","event":"assertion","data":{"status":"pass","name":"TEST 7 situated chat uses B scoped sources","details":""}}
{"at":"2026-05-14T19:45:36+00:00","event":"assertion","data":{"status":"pass","name":"TEST 8 static PromptBuilder has no persistence calls","details":""}}
{"at":"2026-05-14T19:45:36+00:00","event":"assertion","data":{"status":"pass","name":"TEST 8 static PromptBuilder has no filesystem writes","details":""}}
{"at":"2026-05-14T19:45:36+00:00","event":"assertion","data":{"status":"pass","name":"TEST 8 static PromptBuilder has no repository writes","details":""}}
{"at":"2026-05-14T19:45:36+00:00","event":"assertion","data":{"status":"pass","name":"TEST 8 forbidden call graph src\/Domain\/StrategicContext\/StrategicNarrativeService.php","details":""}}
{"at":"2026-05-14T19:45:36+00:00","event":"assertion","data":{"status":"pass","name":"TEST 8 forbidden call graph src\/Domain\/StrategicContext\/MemoryCompilerService.php","details":""}}
{"at":"2026-05-14T19:45:36+00:00","event":"assertion","data":{"status":"pass","name":"TEST 8 forbidden call graph src\/Domain\/StrategicContext\/ContextSnapshotService.php","details":""}}
{"at":"2026-05-14T19:45:36+00:00","event":"assertion","data":{"status":"pass","name":"TEST 8 forbidden call graph src\/Domain\/SocialDynamics\/SocialPromptContextBuilder.php","details":""}}
{"at":"2026-05-14T19:45:36+00:00","event":"assertion","data":{"status":"pass","name":"TEST 8 static includeLegacyNullRows=true not used as default","details":""}}
{"at":"2026-05-14T19:45:36+00:00","event":"assertion","data":{"status":"pass","name":"TEST 8 SocialPromptContextBuilder passes explicit strict-context arguments to summarizeForPrompt","details":""}}
{"at":"2026-05-14T19:45:36+00:00","event":"assertion","data":{"status":"pass","name":"TEST 8 runners do not opt-in legacy social reads by default","details":""}}
{"at":"2026-05-14T19:45:36+00:00","event":"assertion","data":{"status":"pass","name":"TEST 9 mutation guard blocks forbidden PromptBuilder -> SQLite write","details":""}}
{"at":"2026-05-14T19:45:36+00:00","event":"assertion","data":{"status":"pass","name":"CHAOS comparison asymmetric A\/chaos does not crash","details":""}}
{"at":"2026-05-14T19:45:36+00:00","event":"assertion","data":{"status":"pass","name":"CHAOS Decision Room trace complete and registry declared","details":""}}
{"at":"2026-05-14T19:45:36+00:00","event":"assertion","data":{"status":"pass","name":"CHAOS CognitiveBudgetEngine prunes huge context traceably","details":""}}
{"at":"2026-05-14T19:45:36+00:00","event":"assertion","data":{"status":"pass","name":"CHAOS user prompt remains bounded after pruning","details":""}}
{"at":"2026-05-14T19:45:36+00:00","event":"assertion","data":{"status":"pass","name":"CHAOS Decision Room prompt does not leak context A marker","details":""}}
{"at":"2026-05-14T20:12:42+00:00","event":"assertion","data":{"status":"pass","name":"setup creates contexts A and B","details":"QA_RT_20260514_201242_c8475337"}}
{"at":"2026-05-14T20:12:42+00:00","event":"assertion","data":{"status":"pass","name":"TEST 1 setup created beliefs in A\/B","details":""}}
{"at":"2026-05-14T20:12:42+00:00","event":"assertion","data":{"status":"pass","name":"TEST 1 no B marker visible in context A bundle","details":""}}
{"at":"2026-05-14T20:12:42+00:00","event":"assertion","data":{"status":"pass","name":"TEST 1 no A marker visible in context B bundle","details":""}}
{"at":"2026-05-14T20:12:42+00:00","event":"assertion","data":{"status":"pass","name":"TEST 1 social dynamics scoped rows exist","details":""}}
{"at":"2026-05-14T20:12:42+00:00","event":"assertion","data":{"status":"pass","name":"TEST 1B strict read A returns only scoped A rows","details":""}}
{"at":"2026-05-14T20:12:42+00:00","event":"assertion","data":{"status":"pass","name":"TEST 1B strict read A excludes B and legacy NULL","details":""}}
{"at":"2026-05-14T20:12:42+00:00","event":"assertion","data":{"status":"pass","name":"TEST 1B strict read B returns only scoped B rows","details":""}}
{"at":"2026-05-14T20:12:42+00:00","event":"assertion","data":{"status":"pass","name":"TEST 1B strict read B excludes A and legacy NULL","details":""}}
{"at":"2026-05-14T20:12:42+00:00","event":"assertion","data":{"status":"pass","name":"TEST 1B opt-in legacy read returns A plus legacy only","details":""}}
{"at":"2026-05-14T20:12:42+00:00","event":"assertion","data":{"status":"pass","name":"TEST 1B prompt social block A excludes legacy and context B","details":""}}
{"at":"2026-05-14T20:12:42+00:00","event":"assertion","data":{"status":"pass","name":"TEST 1B prompt social block B excludes legacy and context A","details":""}}
{"at":"2026-05-14T20:12:42+00:00","event":"assertion","data":{"status":"pass","name":"TEST 1B social endpoint marks include_legacy=true on explicit opt-in","details":""}}
{"at":"2026-05-14T20:12:42+00:00","event":"assertion","data":{"status":"pass","name":"TEST 1B social endpoint marks legacy opt-in active","details":""}}
{"at":"2026-05-14T20:12:42+00:00","event":"assertion","data":{"status":"pass","name":"TEST 2 narrative recompute returns context A","details":""}}
{"at":"2026-05-14T20:12:42+00:00","event":"assertion","data":{"status":"pass","name":"TEST 2 narrative recompute does not update belief rows","details":""}}
{"at":"2026-05-14T20:12:42+00:00","event":"assertion","data":{"status":"pass","name":"TEST 2 narrative recompute does not append belief events","details":""}}
{"at":"2026-05-14T20:12:42+00:00","event":"assertion","data":{"status":"pass","name":"TEST 3 memory compiler runs twice","details":""}}
{"at":"2026-05-14T20:12:42+00:00","event":"assertion","data":{"status":"pass","name":"TEST 3 compiler does not mutate memory.md","details":""}}
{"at":"2026-05-14T20:12:42+00:00","event":"assertion","data":{"status":"pass","name":"TEST 3 compiler does not mutate beliefs","details":""}}
{"at":"2026-05-14T20:12:42+00:00","event":"assertion","data":{"status":"pass","name":"TEST 3 compiler does not mutate narrative","details":""}}
{"at":"2026-05-14T20:12:42+00:00","event":"assertion","data":{"status":"pass","name":"TEST 4 creates S1\/S2 snapshots","details":""}}
{"at":"2026-05-14T20:12:42+00:00","event":"assertion","data":{"status":"pass","name":"TEST 4 S1 payload stable after live mutation","details":""}}
{"at":"2026-05-14T20:12:42+00:00","event":"assertion","data":{"status":"pass","name":"TEST 4 snapshot compare returns ok","details":""}}
{"at":"2026-05-14T20:12:42+00:00","event":"assertion","data":{"status":"pass","name":"TEST 4 snapshot compare does not mutate live state","details":""}}
{"at":"2026-05-14T20:12:42+00:00","event":"assertion","data":{"status":"pass","name":"TEST 4 snapshot compare does not rewrite S1","details":""}}
{"at":"2026-05-14T20:12:42+00:00","event":"assertion","data":{"status":"pass","name":"TEST 4 no silent restore method exposed on ContextSnapshotService","details":""}}
{"at":"2026-05-14T20:12:42+00:00","event":"assertion","data":{"status":"pass","name":"TEST 5 context comparison returns ok","details":""}}
{"at":"2026-05-14T20:12:42+00:00","event":"assertion","data":{"status":"pass","name":"TEST 5 comparison declares runtime_meta.read_only","details":""}}
{"at":"2026-05-14T20:12:42+00:00","event":"assertion","data":{"status":"pass","name":"TEST 5 comparison does not change active context","details":""}}
{"at":"2026-05-14T20:12:42+00:00","event":"assertion","data":{"status":"pass","name":"TEST 5 comparison does not mutate context A tables","details":""}}
{"at":"2026-05-14T20:12:42+00:00","event":"assertion","data":{"status":"pass","name":"TEST 5 comparison does not mutate context B tables","details":""}}
{"at":"2026-05-14T20:12:42+00:00","event":"assertion","data":{"status":"pass","name":"TEST 5 comparison does not mutate context A files","details":""}}
{"at":"2026-05-14T20:12:42+00:00","event":"assertion","data":{"status":"pass","name":"TEST 5 comparison does not mutate context B files","details":""}}
{"at":"2026-05-14T20:12:42+00:00","event":"assertion","data":{"status":"pass","name":"TEST 6 PromptBuilder buildDecisionRoomMessages completes","details":""}}
{"at":"2026-05-14T20:12:42+00:00","event":"assertion","data":{"status":"pass","name":"TEST 6 PromptBuilder does not write SQLite","details":"app_logs delta=0"}}
{"at":"2026-05-14T20:12:42+00:00","event":"assertion","data":{"status":"pass","name":"TEST 6 PromptBuilder does not write filesystem","details":"memory existed before=no, after=no"}}
{"at":"2026-05-14T20:12:42+00:00","event":"assertion","data":{"status":"pass","name":"TEST 6 PromptBuilder with missing memory does not create memory.md","details":""}}
{"at":"2026-05-14T20:12:42+00:00","event":"assertion","data":{"status":"pass","name":"TEST 6 prompt trace and cognitive budget present","details":""}}
{"at":"2026-05-14T20:12:42+00:00","event":"assertion","data":{"status":"pass","name":"TEST 6 all prompt trace steps map to registry definitions","details":""}}
{"at":"2026-05-14T20:12:42+00:00","event":"assertion","data":{"status":"pass","name":"TEST 6 prompt message shape is stable","details":""}}
{"at":"2026-05-14T20:12:42+00:00","event":"assertion","data":{"status":"pass","name":"TEST 6 setup writes existing memory file","details":""}}
{"at":"2026-05-14T20:12:42+00:00","event":"assertion","data":{"status":"pass","name":"TEST 6 PromptBuilder build with existing memory completes","details":""}}
{"at":"2026-05-14T20:12:42+00:00","event":"assertion","data":{"status":"pass","name":"TEST 6 PromptBuilder with existing memory does not modify memory.md","details":""}}
{"at":"2026-05-14T20:12:42+00:00","event":"assertion","data":{"status":"pass","name":"TEST 6 PromptBuilder reads existing memory without content mutation","details":""}}
{"at":"2026-05-14T20:12:42+00:00","event":"assertion","data":{"status":"pass","name":"TEST 6 PromptBuilder does not reference Logger::logPromptBuild","details":""}}
{"at":"2026-05-14T20:12:42+00:00","event":"assertion","data":{"status":"pass","name":"TEST 6 PromptBuilder does not reference ensureFile","details":""}}
{"at":"2026-05-14T20:12:42+00:00","event":"assertion","data":{"status":"pass","name":"TEST 6 social repository defaults never enable legacy NULL rows","details":""}}
{"at":"2026-05-14T20:12:42+00:00","event":"assertion","data":{"status":"pass","name":"TEST 6 SocialPromptContextBuilder avoids global summary call when context can be provided","details":""}}
{"at":"2026-05-14T20:12:42+00:00","event":"assertion","data":{"status":"pass","name":"TEST 7 situated chat returns ok","details":""}}
{"at":"2026-05-14T20:12:42+00:00","event":"assertion","data":{"status":"pass","name":"TEST 7 situated chat returns cognitive_runtime","details":""}}
{"at":"2026-05-14T20:12:42+00:00","event":"assertion","data":{"status":"pass","name":"TEST 7 situated chat returns prompt_injection_trace","details":""}}
{"at":"2026-05-14T20:12:42+00:00","event":"assertion","data":{"status":"pass","name":"TEST 7 situated chat trace steps map to registry definitions","details":""}}
{"at":"2026-05-14T20:12:42+00:00","event":"assertion","data":{"status":"pass","name":"TEST 7 situated chat does not leak context A marker into B prompt","details":""}}
{"at":"2026-05-14T20:12:42+00:00","event":"assertion","data":{"status":"pass","name":"TEST 7 situated chat uses B scoped sources","details":""}}
{"at":"2026-05-14T20:12:42+00:00","event":"assertion","data":{"status":"pass","name":"TEST 8 static PromptBuilder has no persistence calls","details":""}}
{"at":"2026-05-14T20:12:42+00:00","event":"assertion","data":{"status":"pass","name":"TEST 8 static PromptBuilder has no filesystem writes","details":""}}
{"at":"2026-05-14T20:12:42+00:00","event":"assertion","data":{"status":"pass","name":"TEST 8 static PromptBuilder has no repository writes","details":""}}
{"at":"2026-05-14T20:12:42+00:00","event":"assertion","data":{"status":"pass","name":"TEST 8 forbidden call graph src\/Domain\/StrategicContext\/StrategicNarrativeService.php","details":""}}
{"at":"2026-05-14T20:12:42+00:00","event":"assertion","data":{"status":"pass","name":"TEST 8 forbidden call graph src\/Domain\/StrategicContext\/MemoryCompilerService.php","details":""}}
{"at":"2026-05-14T20:12:42+00:00","event":"assertion","data":{"status":"pass","name":"TEST 8 forbidden call graph src\/Domain\/StrategicContext\/ContextSnapshotService.php","details":""}}
{"at":"2026-05-14T20:12:42+00:00","event":"assertion","data":{"status":"pass","name":"TEST 8 forbidden call graph src\/Domain\/SocialDynamics\/SocialPromptContextBuilder.php","details":""}}
{"at":"2026-05-14T20:12:42+00:00","event":"assertion","data":{"status":"pass","name":"TEST 8 static includeLegacyNullRows=true not used as default","details":""}}
{"at":"2026-05-14T20:12:42+00:00","event":"assertion","data":{"status":"pass","name":"TEST 8 SocialPromptContextBuilder passes explicit strict-context arguments to summarizeForPrompt","details":""}}
{"at":"2026-05-14T20:12:42+00:00","event":"assertion","data":{"status":"pass","name":"TEST 8 runners do not opt-in legacy social reads by default","details":""}}
{"at":"2026-05-14T20:12:42+00:00","event":"assertion","data":{"status":"pass","name":"TEST 9 mutation guard blocks forbidden PromptBuilder -> SQLite write","details":""}}
{"at":"2026-05-14T20:12:42+00:00","event":"assertion","data":{"status":"pass","name":"CHAOS comparison asymmetric A\/chaos does not crash","details":""}}
{"at":"2026-05-14T20:12:42+00:00","event":"assertion","data":{"status":"pass","name":"CHAOS Decision Room trace complete and registry declared","details":""}}
{"at":"2026-05-14T20:12:42+00:00","event":"assertion","data":{"status":"pass","name":"CHAOS CognitiveBudgetEngine prunes huge context traceably","details":""}}
{"at":"2026-05-14T20:12:42+00:00","event":"assertion","data":{"status":"pass","name":"CHAOS user prompt remains bounded after pruning","details":""}}
{"at":"2026-05-14T20:12:42+00:00","event":"assertion","data":{"status":"pass","name":"CHAOS Decision Room prompt does not leak context A marker","details":""}}
{"at":"2026-05-14T20:12:44+00:00","event":"assertion","data":{"status":"pass","name":"setup creates contexts A and B","details":"QA_RT_20260514_201244_da60ddda"}}
{"at":"2026-05-14T20:12:44+00:00","event":"assertion","data":{"status":"pass","name":"TEST 1 setup created beliefs in A\/B","details":""}}
{"at":"2026-05-14T20:12:44+00:00","event":"assertion","data":{"status":"pass","name":"TEST 1 no B marker visible in context A bundle","details":""}}
{"at":"2026-05-14T20:12:44+00:00","event":"assertion","data":{"status":"pass","name":"TEST 1 no A marker visible in context B bundle","details":""}}
{"at":"2026-05-14T20:12:44+00:00","event":"assertion","data":{"status":"pass","name":"TEST 1 social dynamics scoped rows exist","details":""}}
{"at":"2026-05-14T20:12:44+00:00","event":"assertion","data":{"status":"pass","name":"TEST 1B strict read A returns only scoped A rows","details":""}}
{"at":"2026-05-14T20:12:44+00:00","event":"assertion","data":{"status":"pass","name":"TEST 1B strict read A excludes B and legacy NULL","details":""}}
{"at":"2026-05-14T20:12:44+00:00","event":"assertion","data":{"status":"pass","name":"TEST 1B strict read B returns only scoped B rows","details":""}}
{"at":"2026-05-14T20:12:44+00:00","event":"assertion","data":{"status":"pass","name":"TEST 1B strict read B excludes A and legacy NULL","details":""}}
{"at":"2026-05-14T20:12:44+00:00","event":"assertion","data":{"status":"pass","name":"TEST 1B opt-in legacy read returns A plus legacy only","details":""}}
{"at":"2026-05-14T20:12:44+00:00","event":"assertion","data":{"status":"pass","name":"TEST 1B prompt social block A excludes legacy and context B","details":""}}
{"at":"2026-05-14T20:12:44+00:00","event":"assertion","data":{"status":"pass","name":"TEST 1B prompt social block B excludes legacy and context A","details":""}}
{"at":"2026-05-14T20:12:44+00:00","event":"assertion","data":{"status":"pass","name":"TEST 1B social endpoint marks include_legacy=true on explicit opt-in","details":""}}
{"at":"2026-05-14T20:12:44+00:00","event":"assertion","data":{"status":"pass","name":"TEST 1B social endpoint marks legacy opt-in active","details":""}}
{"at":"2026-05-14T20:12:44+00:00","event":"assertion","data":{"status":"pass","name":"TEST 2 narrative recompute returns context A","details":""}}
{"at":"2026-05-14T20:12:44+00:00","event":"assertion","data":{"status":"pass","name":"TEST 2 narrative recompute does not update belief rows","details":""}}
{"at":"2026-05-14T20:12:44+00:00","event":"assertion","data":{"status":"pass","name":"TEST 2 narrative recompute does not append belief events","details":""}}
{"at":"2026-05-14T20:12:44+00:00","event":"assertion","data":{"status":"pass","name":"TEST 3 memory compiler runs twice","details":""}}
{"at":"2026-05-14T20:12:44+00:00","event":"assertion","data":{"status":"pass","name":"TEST 3 compiler does not mutate memory.md","details":""}}
{"at":"2026-05-14T20:12:44+00:00","event":"assertion","data":{"status":"pass","name":"TEST 3 compiler does not mutate beliefs","details":""}}
{"at":"2026-05-14T20:12:44+00:00","event":"assertion","data":{"status":"pass","name":"TEST 3 compiler does not mutate narrative","details":""}}
{"at":"2026-05-14T20:12:44+00:00","event":"assertion","data":{"status":"pass","name":"TEST 4 creates S1\/S2 snapshots","details":""}}
{"at":"2026-05-14T20:12:44+00:00","event":"assertion","data":{"status":"pass","name":"TEST 4 S1 payload stable after live mutation","details":""}}
{"at":"2026-05-14T20:12:44+00:00","event":"assertion","data":{"status":"pass","name":"TEST 4 snapshot compare returns ok","details":""}}
{"at":"2026-05-14T20:12:44+00:00","event":"assertion","data":{"status":"pass","name":"TEST 4 snapshot compare does not mutate live state","details":""}}
{"at":"2026-05-14T20:12:44+00:00","event":"assertion","data":{"status":"pass","name":"TEST 4 snapshot compare does not rewrite S1","details":""}}
{"at":"2026-05-14T20:12:44+00:00","event":"assertion","data":{"status":"pass","name":"TEST 4 no silent restore method exposed on ContextSnapshotService","details":""}}
{"at":"2026-05-14T20:12:44+00:00","event":"assertion","data":{"status":"pass","name":"TEST 5 context comparison returns ok","details":""}}
{"at":"2026-05-14T20:12:44+00:00","event":"assertion","data":{"status":"pass","name":"TEST 5 comparison declares runtime_meta.read_only","details":""}}
{"at":"2026-05-14T20:12:44+00:00","event":"assertion","data":{"status":"pass","name":"TEST 5 comparison does not change active context","details":""}}
{"at":"2026-05-14T20:12:44+00:00","event":"assertion","data":{"status":"pass","name":"TEST 5 comparison does not mutate context A tables","details":""}}
{"at":"2026-05-14T20:12:44+00:00","event":"assertion","data":{"status":"pass","name":"TEST 5 comparison does not mutate context B tables","details":""}}
{"at":"2026-05-14T20:12:44+00:00","event":"assertion","data":{"status":"pass","name":"TEST 5 comparison does not mutate context A files","details":""}}
{"at":"2026-05-14T20:12:44+00:00","event":"assertion","data":{"status":"pass","name":"TEST 5 comparison does not mutate context B files","details":""}}
{"at":"2026-05-14T20:12:44+00:00","event":"assertion","data":{"status":"pass","name":"TEST 6 PromptBuilder buildDecisionRoomMessages completes","details":""}}
{"at":"2026-05-14T20:12:44+00:00","event":"assertion","data":{"status":"pass","name":"TEST 6 PromptBuilder does not write SQLite","details":"app_logs delta=0"}}
{"at":"2026-05-14T20:12:44+00:00","event":"assertion","data":{"status":"pass","name":"TEST 6 PromptBuilder does not write filesystem","details":"memory existed before=no, after=no"}}
{"at":"2026-05-14T20:12:44+00:00","event":"assertion","data":{"status":"pass","name":"TEST 6 PromptBuilder with missing memory does not create memory.md","details":""}}
{"at":"2026-05-14T20:12:44+00:00","event":"assertion","data":{"status":"pass","name":"TEST 6 prompt trace and cognitive budget present","details":""}}
{"at":"2026-05-14T20:12:44+00:00","event":"assertion","data":{"status":"pass","name":"TEST 6 all prompt trace steps map to registry definitions","details":""}}
{"at":"2026-05-14T20:12:44+00:00","event":"assertion","data":{"status":"pass","name":"TEST 6 prompt message shape is stable","details":""}}
{"at":"2026-05-14T20:12:44+00:00","event":"assertion","data":{"status":"pass","name":"TEST 6 setup writes existing memory file","details":""}}
{"at":"2026-05-14T20:12:44+00:00","event":"assertion","data":{"status":"pass","name":"TEST 6 PromptBuilder build with existing memory completes","details":""}}
{"at":"2026-05-14T20:12:44+00:00","event":"assertion","data":{"status":"pass","name":"TEST 6 PromptBuilder with existing memory does not modify memory.md","details":""}}
{"at":"2026-05-14T20:12:44+00:00","event":"assertion","data":{"status":"pass","name":"TEST 6 PromptBuilder reads existing memory without content mutation","details":""}}
{"at":"2026-05-14T20:12:44+00:00","event":"assertion","data":{"status":"pass","name":"TEST 6 PromptBuilder does not reference Logger::logPromptBuild","details":""}}
{"at":"2026-05-14T20:12:44+00:00","event":"assertion","data":{"status":"pass","name":"TEST 6 PromptBuilder does not reference ensureFile","details":""}}
{"at":"2026-05-14T20:12:44+00:00","event":"assertion","data":{"status":"pass","name":"TEST 6 social repository defaults never enable legacy NULL rows","details":""}}
{"at":"2026-05-14T20:12:44+00:00","event":"assertion","data":{"status":"pass","name":"TEST 6 SocialPromptContextBuilder avoids global summary call when context can be provided","details":""}}
{"at":"2026-05-14T20:12:44+00:00","event":"assertion","data":{"status":"pass","name":"TEST 7 situated chat returns ok","details":""}}
{"at":"2026-05-14T20:12:44+00:00","event":"assertion","data":{"status":"pass","name":"TEST 7 situated chat returns cognitive_runtime","details":""}}
{"at":"2026-05-14T20:12:44+00:00","event":"assertion","data":{"status":"pass","name":"TEST 7 situated chat returns prompt_injection_trace","details":""}}
{"at":"2026-05-14T20:12:44+00:00","event":"assertion","data":{"status":"pass","name":"TEST 7 situated chat trace steps map to registry definitions","details":""}}
{"at":"2026-05-14T20:12:44+00:00","event":"assertion","data":{"status":"pass","name":"TEST 7 situated chat does not leak context A marker into B prompt","details":""}}
{"at":"2026-05-14T20:12:44+00:00","event":"assertion","data":{"status":"pass","name":"TEST 7 situated chat uses B scoped sources","details":""}}
{"at":"2026-05-14T20:12:44+00:00","event":"assertion","data":{"status":"pass","name":"TEST 8 static PromptBuilder has no persistence calls","details":""}}
{"at":"2026-05-14T20:12:44+00:00","event":"assertion","data":{"status":"pass","name":"TEST 8 static PromptBuilder has no filesystem writes","details":""}}
{"at":"2026-05-14T20:12:44+00:00","event":"assertion","data":{"status":"pass","name":"TEST 8 static PromptBuilder has no repository writes","details":""}}
{"at":"2026-05-14T20:12:44+00:00","event":"assertion","data":{"status":"pass","name":"TEST 8 forbidden call graph src\/Domain\/StrategicContext\/StrategicNarrativeService.php","details":""}}
{"at":"2026-05-14T20:12:44+00:00","event":"assertion","data":{"status":"pass","name":"TEST 8 forbidden call graph src\/Domain\/StrategicContext\/MemoryCompilerService.php","details":""}}
{"at":"2026-05-14T20:12:44+00:00","event":"assertion","data":{"status":"pass","name":"TEST 8 forbidden call graph src\/Domain\/StrategicContext\/ContextSnapshotService.php","details":""}}
{"at":"2026-05-14T20:12:44+00:00","event":"assertion","data":{"status":"pass","name":"TEST 8 forbidden call graph src\/Domain\/SocialDynamics\/SocialPromptContextBuilder.php","details":""}}
{"at":"2026-05-14T20:12:44+00:00","event":"assertion","data":{"status":"pass","name":"TEST 8 static includeLegacyNullRows=true not used as default","details":""}}
{"at":"2026-05-14T20:12:44+00:00","event":"assertion","data":{"status":"pass","name":"TEST 8 SocialPromptContextBuilder passes explicit strict-context arguments to summarizeForPrompt","details":""}}
{"at":"2026-05-14T20:12:44+00:00","event":"assertion","data":{"status":"pass","name":"TEST 8 runners do not opt-in legacy social reads by default","details":""}}
{"at":"2026-05-14T20:12:44+00:00","event":"assertion","data":{"status":"pass","name":"TEST 9 mutation guard blocks forbidden PromptBuilder -> SQLite write","details":""}}
{"at":"2026-05-14T20:12:45+00:00","event":"assertion","data":{"status":"pass","name":"CHAOS comparison asymmetric A\/chaos does not crash","details":""}}
{"at":"2026-05-14T20:12:45+00:00","event":"assertion","data":{"status":"pass","name":"CHAOS Decision Room trace complete and registry declared","details":""}}
{"at":"2026-05-14T20:12:45+00:00","event":"assertion","data":{"status":"pass","name":"CHAOS CognitiveBudgetEngine prunes huge context traceably","details":""}}
{"at":"2026-05-14T20:12:45+00:00","event":"assertion","data":{"status":"pass","name":"CHAOS user prompt remains bounded after pruning","details":""}}
{"at":"2026-05-14T20:12:45+00:00","event":"assertion","data":{"status":"pass","name":"CHAOS Decision Room prompt does not leak context A marker","details":""}}
{"at":"2026-05-14T20:29:52+00:00","event":"assertion","data":{"status":"pass","name":"setup creates contexts A and B","details":"QA_RT_20260514_202952_a2dd0c0b"}}
{"at":"2026-05-14T20:29:52+00:00","event":"assertion","data":{"status":"pass","name":"TEST 1 setup created beliefs in A\/B","details":""}}
{"at":"2026-05-14T20:29:52+00:00","event":"assertion","data":{"status":"pass","name":"TEST 1 no B marker visible in context A bundle","details":""}}
{"at":"2026-05-14T20:29:52+00:00","event":"assertion","data":{"status":"pass","name":"TEST 1 no A marker visible in context B bundle","details":""}}
{"at":"2026-05-14T20:29:52+00:00","event":"assertion","data":{"status":"pass","name":"TEST 1 social dynamics scoped rows exist","details":""}}
{"at":"2026-05-14T20:29:52+00:00","event":"assertion","data":{"status":"pass","name":"TEST 1B strict read A returns only scoped A rows","details":""}}
{"at":"2026-05-14T20:29:52+00:00","event":"assertion","data":{"status":"pass","name":"TEST 1B strict read A excludes B and legacy NULL","details":""}}
{"at":"2026-05-14T20:29:52+00:00","event":"assertion","data":{"status":"pass","name":"TEST 1B strict read B returns only scoped B rows","details":""}}
{"at":"2026-05-14T20:29:52+00:00","event":"assertion","data":{"status":"pass","name":"TEST 1B strict read B excludes A and legacy NULL","details":""}}
{"at":"2026-05-14T20:29:52+00:00","event":"assertion","data":{"status":"pass","name":"TEST 1B opt-in legacy read returns A plus legacy only","details":""}}
{"at":"2026-05-14T20:29:52+00:00","event":"assertion","data":{"status":"pass","name":"TEST 1B prompt social block A excludes legacy and context B","details":""}}
{"at":"2026-05-14T20:29:52+00:00","event":"assertion","data":{"status":"pass","name":"TEST 1B prompt social block B excludes legacy and context A","details":""}}
{"at":"2026-05-14T20:29:52+00:00","event":"assertion","data":{"status":"pass","name":"TEST 1B social endpoint marks include_legacy=true on explicit opt-in","details":""}}
{"at":"2026-05-14T20:29:52+00:00","event":"assertion","data":{"status":"pass","name":"TEST 1B social endpoint marks legacy opt-in active","details":""}}
{"at":"2026-05-14T20:29:52+00:00","event":"assertion","data":{"status":"pass","name":"TEST 2 narrative recompute returns context A","details":""}}
{"at":"2026-05-14T20:29:52+00:00","event":"assertion","data":{"status":"pass","name":"TEST 2 narrative recompute does not update belief rows","details":""}}
{"at":"2026-05-14T20:29:52+00:00","event":"assertion","data":{"status":"pass","name":"TEST 2 narrative recompute does not append belief events","details":""}}
{"at":"2026-05-14T20:29:52+00:00","event":"assertion","data":{"status":"pass","name":"TEST 3 memory compiler runs twice","details":""}}
{"at":"2026-05-14T20:29:52+00:00","event":"assertion","data":{"status":"pass","name":"TEST 3 compiler does not mutate memory.md","details":""}}
{"at":"2026-05-14T20:29:52+00:00","event":"assertion","data":{"status":"pass","name":"TEST 3 compiler does not mutate beliefs","details":""}}
{"at":"2026-05-14T20:29:52+00:00","event":"assertion","data":{"status":"pass","name":"TEST 3 compiler does not mutate narrative","details":""}}
{"at":"2026-05-14T20:29:52+00:00","event":"assertion","data":{"status":"pass","name":"TEST 4 creates S1\/S2 snapshots","details":""}}
{"at":"2026-05-14T20:29:52+00:00","event":"assertion","data":{"status":"pass","name":"TEST 4 S1 payload stable after live mutation","details":""}}
{"at":"2026-05-14T20:29:52+00:00","event":"assertion","data":{"status":"pass","name":"TEST 4 snapshot compare returns ok","details":""}}
{"at":"2026-05-14T20:29:52+00:00","event":"assertion","data":{"status":"pass","name":"TEST 4 snapshot compare does not mutate live state","details":""}}
{"at":"2026-05-14T20:29:52+00:00","event":"assertion","data":{"status":"pass","name":"TEST 4 snapshot compare does not rewrite S1","details":""}}
{"at":"2026-05-14T20:29:52+00:00","event":"assertion","data":{"status":"pass","name":"TEST 4 no silent restore method exposed on ContextSnapshotService","details":""}}
{"at":"2026-05-14T20:29:52+00:00","event":"assertion","data":{"status":"pass","name":"TEST 5 context comparison returns ok","details":""}}
{"at":"2026-05-14T20:29:52+00:00","event":"assertion","data":{"status":"pass","name":"TEST 5 comparison declares runtime_meta.read_only","details":""}}
{"at":"2026-05-14T20:29:52+00:00","event":"assertion","data":{"status":"pass","name":"TEST 5 comparison does not change active context","details":""}}
{"at":"2026-05-14T20:29:52+00:00","event":"assertion","data":{"status":"pass","name":"TEST 5 comparison does not mutate context A tables","details":""}}
{"at":"2026-05-14T20:29:52+00:00","event":"assertion","data":{"status":"pass","name":"TEST 5 comparison does not mutate context B tables","details":""}}
{"at":"2026-05-14T20:29:52+00:00","event":"assertion","data":{"status":"pass","name":"TEST 5 comparison does not mutate context A files","details":""}}
{"at":"2026-05-14T20:29:52+00:00","event":"assertion","data":{"status":"pass","name":"TEST 5 comparison does not mutate context B files","details":""}}
{"at":"2026-05-14T20:29:52+00:00","event":"assertion","data":{"status":"pass","name":"TEST 6 PromptBuilder buildDecisionRoomMessages completes","details":""}}
{"at":"2026-05-14T20:29:52+00:00","event":"assertion","data":{"status":"pass","name":"TEST 6 PromptBuilder does not write SQLite","details":"app_logs delta=0"}}
{"at":"2026-05-14T20:29:52+00:00","event":"assertion","data":{"status":"pass","name":"TEST 6 PromptBuilder does not write filesystem","details":"memory existed before=no, after=no"}}
{"at":"2026-05-14T20:29:52+00:00","event":"assertion","data":{"status":"pass","name":"TEST 6 PromptBuilder with missing memory does not create memory.md","details":""}}
{"at":"2026-05-14T20:29:52+00:00","event":"assertion","data":{"status":"pass","name":"TEST 6 prompt trace and cognitive budget present","details":""}}
{"at":"2026-05-14T20:29:52+00:00","event":"assertion","data":{"status":"pass","name":"TEST 6 all prompt trace steps map to registry definitions","details":""}}
{"at":"2026-05-14T20:29:52+00:00","event":"assertion","data":{"status":"pass","name":"TEST 6 prompt message shape is stable","details":""}}
{"at":"2026-05-14T20:29:52+00:00","event":"assertion","data":{"status":"pass","name":"TEST 6 setup writes existing memory file","details":""}}
{"at":"2026-05-14T20:29:52+00:00","event":"assertion","data":{"status":"pass","name":"TEST 6 PromptBuilder build with existing memory completes","details":""}}
{"at":"2026-05-14T20:29:52+00:00","event":"assertion","data":{"status":"pass","name":"TEST 6 PromptBuilder with existing memory does not modify memory.md","details":""}}
{"at":"2026-05-14T20:29:52+00:00","event":"assertion","data":{"status":"pass","name":"TEST 6 PromptBuilder reads existing memory without content mutation","details":""}}
{"at":"2026-05-14T20:29:52+00:00","event":"assertion","data":{"status":"pass","name":"TEST 6 PromptBuilder does not reference Logger::logPromptBuild","details":""}}
{"at":"2026-05-14T20:29:52+00:00","event":"assertion","data":{"status":"pass","name":"TEST 6 PromptBuilder does not reference ensureFile","details":""}}
{"at":"2026-05-14T20:29:52+00:00","event":"assertion","data":{"status":"pass","name":"TEST 6 social repository defaults never enable legacy NULL rows","details":""}}
{"at":"2026-05-14T20:29:52+00:00","event":"assertion","data":{"status":"pass","name":"TEST 6 SocialPromptContextBuilder avoids global summary call when context can be provided","details":""}}
{"at":"2026-05-14T20:29:52+00:00","event":"assertion","data":{"status":"pass","name":"TEST 7 situated chat returns ok","details":""}}
{"at":"2026-05-14T20:29:52+00:00","event":"assertion","data":{"status":"pass","name":"TEST 7 situated chat returns cognitive_runtime","details":""}}
{"at":"2026-05-14T20:29:52+00:00","event":"assertion","data":{"status":"pass","name":"TEST 7 situated chat returns prompt_injection_trace","details":""}}
{"at":"2026-05-14T20:29:52+00:00","event":"assertion","data":{"status":"pass","name":"TEST 7 situated chat trace steps map to registry definitions","details":""}}
{"at":"2026-05-14T20:29:52+00:00","event":"assertion","data":{"status":"pass","name":"TEST 7 situated chat does not leak context A marker into B prompt","details":""}}
{"at":"2026-05-14T20:29:52+00:00","event":"assertion","data":{"status":"pass","name":"TEST 7 situated chat uses B scoped sources","details":""}}
{"at":"2026-05-14T20:29:52+00:00","event":"assertion","data":{"status":"pass","name":"TEST 8 static PromptBuilder has no persistence calls","details":""}}
{"at":"2026-05-14T20:29:52+00:00","event":"assertion","data":{"status":"pass","name":"TEST 8 static PromptBuilder has no filesystem writes","details":""}}
{"at":"2026-05-14T20:29:52+00:00","event":"assertion","data":{"status":"pass","name":"TEST 8 static PromptBuilder has no repository writes","details":""}}
{"at":"2026-05-14T20:29:52+00:00","event":"assertion","data":{"status":"pass","name":"TEST 8 forbidden call graph src\/Domain\/StrategicContext\/StrategicNarrativeService.php","details":""}}
{"at":"2026-05-14T20:29:52+00:00","event":"assertion","data":{"status":"pass","name":"TEST 8 forbidden call graph src\/Domain\/StrategicContext\/MemoryCompilerService.php","details":""}}
{"at":"2026-05-14T20:29:52+00:00","event":"assertion","data":{"status":"pass","name":"TEST 8 forbidden call graph src\/Domain\/StrategicContext\/ContextSnapshotService.php","details":""}}
{"at":"2026-05-14T20:29:52+00:00","event":"assertion","data":{"status":"pass","name":"TEST 8 forbidden call graph src\/Domain\/SocialDynamics\/SocialPromptContextBuilder.php","details":""}}
{"at":"2026-05-14T20:29:52+00:00","event":"assertion","data":{"status":"pass","name":"TEST 8 static includeLegacyNullRows=true not used as default","details":""}}
{"at":"2026-05-14T20:29:52+00:00","event":"assertion","data":{"status":"pass","name":"TEST 8 SocialPromptContextBuilder passes explicit strict-context arguments to summarizeForPrompt","details":""}}
{"at":"2026-05-14T20:29:52+00:00","event":"assertion","data":{"status":"pass","name":"TEST 8 runners do not opt-in legacy social reads by default","details":""}}
{"at":"2026-05-14T20:29:52+00:00","event":"assertion","data":{"status":"pass","name":"TEST 9 mutation guard blocks forbidden PromptBuilder -> SQLite write","details":""}}
{"at":"2026-05-14T20:29:52+00:00","event":"assertion","data":{"status":"pass","name":"CHAOS comparison asymmetric A\/chaos does not crash","details":""}}
{"at":"2026-05-14T20:29:52+00:00","event":"assertion","data":{"status":"pass","name":"CHAOS Decision Room trace complete and registry declared","details":""}}
{"at":"2026-05-14T20:29:52+00:00","event":"assertion","data":{"status":"pass","name":"CHAOS CognitiveBudgetEngine prunes huge context traceably","details":""}}
{"at":"2026-05-14T20:29:52+00:00","event":"assertion","data":{"status":"pass","name":"CHAOS user prompt remains bounded after pruning","details":""}}
{"at":"2026-05-14T20:29:52+00:00","event":"assertion","data":{"status":"pass","name":"CHAOS Decision Room prompt does not leak context A marker","details":""}}
{"at":"2026-05-14T20:29:55+00:00","event":"assertion","data":{"status":"pass","name":"setup creates contexts A and B","details":"QA_RT_20260514_202955_43953eb7"}}
{"at":"2026-05-14T20:29:55+00:00","event":"assertion","data":{"status":"pass","name":"TEST 1 setup created beliefs in A\/B","details":""}}
{"at":"2026-05-14T20:29:55+00:00","event":"assertion","data":{"status":"pass","name":"TEST 1 no B marker visible in context A bundle","details":""}}
{"at":"2026-05-14T20:29:55+00:00","event":"assertion","data":{"status":"pass","name":"TEST 1 no A marker visible in context B bundle","details":""}}
{"at":"2026-05-14T20:29:55+00:00","event":"assertion","data":{"status":"pass","name":"TEST 1 social dynamics scoped rows exist","details":""}}
{"at":"2026-05-14T20:29:55+00:00","event":"assertion","data":{"status":"pass","name":"TEST 1B strict read A returns only scoped A rows","details":""}}
{"at":"2026-05-14T20:29:55+00:00","event":"assertion","data":{"status":"pass","name":"TEST 1B strict read A excludes B and legacy NULL","details":""}}
{"at":"2026-05-14T20:29:55+00:00","event":"assertion","data":{"status":"pass","name":"TEST 1B strict read B returns only scoped B rows","details":""}}
{"at":"2026-05-14T20:29:55+00:00","event":"assertion","data":{"status":"pass","name":"TEST 1B strict read B excludes A and legacy NULL","details":""}}
{"at":"2026-05-14T20:29:55+00:00","event":"assertion","data":{"status":"pass","name":"TEST 1B opt-in legacy read returns A plus legacy only","details":""}}
{"at":"2026-05-14T20:29:55+00:00","event":"assertion","data":{"status":"pass","name":"TEST 1B prompt social block A excludes legacy and context B","details":""}}
{"at":"2026-05-14T20:29:55+00:00","event":"assertion","data":{"status":"pass","name":"TEST 1B prompt social block B excludes legacy and context A","details":""}}
{"at":"2026-05-14T20:29:55+00:00","event":"assertion","data":{"status":"pass","name":"TEST 1B social endpoint marks include_legacy=true on explicit opt-in","details":""}}
{"at":"2026-05-14T20:29:55+00:00","event":"assertion","data":{"status":"pass","name":"TEST 1B social endpoint marks legacy opt-in active","details":""}}
{"at":"2026-05-14T20:29:55+00:00","event":"assertion","data":{"status":"pass","name":"TEST 2 narrative recompute returns context A","details":""}}
{"at":"2026-05-14T20:29:55+00:00","event":"assertion","data":{"status":"pass","name":"TEST 2 narrative recompute does not update belief rows","details":""}}
{"at":"2026-05-14T20:29:55+00:00","event":"assertion","data":{"status":"pass","name":"TEST 2 narrative recompute does not append belief events","details":""}}
{"at":"2026-05-14T20:29:55+00:00","event":"assertion","data":{"status":"pass","name":"TEST 3 memory compiler runs twice","details":""}}
{"at":"2026-05-14T20:29:55+00:00","event":"assertion","data":{"status":"pass","name":"TEST 3 compiler does not mutate memory.md","details":""}}
{"at":"2026-05-14T20:29:55+00:00","event":"assertion","data":{"status":"pass","name":"TEST 3 compiler does not mutate beliefs","details":""}}
{"at":"2026-05-14T20:29:55+00:00","event":"assertion","data":{"status":"pass","name":"TEST 3 compiler does not mutate narrative","details":""}}
{"at":"2026-05-14T20:29:55+00:00","event":"assertion","data":{"status":"pass","name":"TEST 4 creates S1\/S2 snapshots","details":""}}
{"at":"2026-05-14T20:29:55+00:00","event":"assertion","data":{"status":"pass","name":"TEST 4 S1 payload stable after live mutation","details":""}}
{"at":"2026-05-14T20:29:55+00:00","event":"assertion","data":{"status":"pass","name":"TEST 4 snapshot compare returns ok","details":""}}
{"at":"2026-05-14T20:29:55+00:00","event":"assertion","data":{"status":"pass","name":"TEST 4 snapshot compare does not mutate live state","details":""}}
{"at":"2026-05-14T20:29:55+00:00","event":"assertion","data":{"status":"pass","name":"TEST 4 snapshot compare does not rewrite S1","details":""}}
{"at":"2026-05-14T20:29:55+00:00","event":"assertion","data":{"status":"pass","name":"TEST 4 no silent restore method exposed on ContextSnapshotService","details":""}}
{"at":"2026-05-14T20:29:55+00:00","event":"assertion","data":{"status":"pass","name":"TEST 5 context comparison returns ok","details":""}}
{"at":"2026-05-14T20:29:55+00:00","event":"assertion","data":{"status":"pass","name":"TEST 5 comparison declares runtime_meta.read_only","details":""}}
{"at":"2026-05-14T20:29:55+00:00","event":"assertion","data":{"status":"pass","name":"TEST 5 comparison does not change active context","details":""}}
{"at":"2026-05-14T20:29:55+00:00","event":"assertion","data":{"status":"pass","name":"TEST 5 comparison does not mutate context A tables","details":""}}
{"at":"2026-05-14T20:29:55+00:00","event":"assertion","data":{"status":"pass","name":"TEST 5 comparison does not mutate context B tables","details":""}}
{"at":"2026-05-14T20:29:55+00:00","event":"assertion","data":{"status":"pass","name":"TEST 5 comparison does not mutate context A files","details":""}}
{"at":"2026-05-14T20:29:55+00:00","event":"assertion","data":{"status":"pass","name":"TEST 5 comparison does not mutate context B files","details":""}}
{"at":"2026-05-14T20:29:55+00:00","event":"assertion","data":{"status":"pass","name":"TEST 6 PromptBuilder buildDecisionRoomMessages completes","details":""}}
{"at":"2026-05-14T20:29:55+00:00","event":"assertion","data":{"status":"pass","name":"TEST 6 PromptBuilder does not write SQLite","details":"app_logs delta=0"}}
{"at":"2026-05-14T20:29:55+00:00","event":"assertion","data":{"status":"pass","name":"TEST 6 PromptBuilder does not write filesystem","details":"memory existed before=no, after=no"}}
{"at":"2026-05-14T20:29:55+00:00","event":"assertion","data":{"status":"pass","name":"TEST 6 PromptBuilder with missing memory does not create memory.md","details":""}}
{"at":"2026-05-14T20:29:55+00:00","event":"assertion","data":{"status":"pass","name":"TEST 6 prompt trace and cognitive budget present","details":""}}
{"at":"2026-05-14T20:29:55+00:00","event":"assertion","data":{"status":"pass","name":"TEST 6 all prompt trace steps map to registry definitions","details":""}}
{"at":"2026-05-14T20:29:55+00:00","event":"assertion","data":{"status":"pass","name":"TEST 6 prompt message shape is stable","details":""}}
{"at":"2026-05-14T20:29:55+00:00","event":"assertion","data":{"status":"pass","name":"TEST 6 setup writes existing memory file","details":""}}
{"at":"2026-05-14T20:29:55+00:00","event":"assertion","data":{"status":"pass","name":"TEST 6 PromptBuilder build with existing memory completes","details":""}}
{"at":"2026-05-14T20:29:55+00:00","event":"assertion","data":{"status":"pass","name":"TEST 6 PromptBuilder with existing memory does not modify memory.md","details":""}}
{"at":"2026-05-14T20:29:55+00:00","event":"assertion","data":{"status":"pass","name":"TEST 6 PromptBuilder reads existing memory without content mutation","details":""}}
{"at":"2026-05-14T20:29:55+00:00","event":"assertion","data":{"status":"pass","name":"TEST 6 PromptBuilder does not reference Logger::logPromptBuild","details":""}}
{"at":"2026-05-14T20:29:55+00:00","event":"assertion","data":{"status":"pass","name":"TEST 6 PromptBuilder does not reference ensureFile","details":""}}
{"at":"2026-05-14T20:29:55+00:00","event":"assertion","data":{"status":"pass","name":"TEST 6 social repository defaults never enable legacy NULL rows","details":""}}
{"at":"2026-05-14T20:29:55+00:00","event":"assertion","data":{"status":"pass","name":"TEST 6 SocialPromptContextBuilder avoids global summary call when context can be provided","details":""}}
{"at":"2026-05-14T20:29:55+00:00","event":"assertion","data":{"status":"pass","name":"TEST 7 situated chat returns ok","details":""}}
{"at":"2026-05-14T20:29:55+00:00","event":"assertion","data":{"status":"pass","name":"TEST 7 situated chat returns cognitive_runtime","details":""}}
{"at":"2026-05-14T20:29:55+00:00","event":"assertion","data":{"status":"pass","name":"TEST 7 situated chat returns prompt_injection_trace","details":""}}
{"at":"2026-05-14T20:29:55+00:00","event":"assertion","data":{"status":"pass","name":"TEST 7 situated chat trace steps map to registry definitions","details":""}}
{"at":"2026-05-14T20:29:55+00:00","event":"assertion","data":{"status":"pass","name":"TEST 7 situated chat does not leak context A marker into B prompt","details":""}}
{"at":"2026-05-14T20:29:55+00:00","event":"assertion","data":{"status":"pass","name":"TEST 7 situated chat uses B scoped sources","details":""}}
{"at":"2026-05-14T20:29:55+00:00","event":"assertion","data":{"status":"pass","name":"TEST 8 static PromptBuilder has no persistence calls","details":""}}
{"at":"2026-05-14T20:29:55+00:00","event":"assertion","data":{"status":"pass","name":"TEST 8 static PromptBuilder has no filesystem writes","details":""}}
{"at":"2026-05-14T20:29:55+00:00","event":"assertion","data":{"status":"pass","name":"TEST 8 static PromptBuilder has no repository writes","details":""}}
{"at":"2026-05-14T20:29:55+00:00","event":"assertion","data":{"status":"pass","name":"TEST 8 forbidden call graph src\/Domain\/StrategicContext\/StrategicNarrativeService.php","details":""}}
{"at":"2026-05-14T20:29:55+00:00","event":"assertion","data":{"status":"pass","name":"TEST 8 forbidden call graph src\/Domain\/StrategicContext\/MemoryCompilerService.php","details":""}}
{"at":"2026-05-14T20:29:55+00:00","event":"assertion","data":{"status":"pass","name":"TEST 8 forbidden call graph src\/Domain\/StrategicContext\/ContextSnapshotService.php","details":""}}
{"at":"2026-05-14T20:29:55+00:00","event":"assertion","data":{"status":"pass","name":"TEST 8 forbidden call graph src\/Domain\/SocialDynamics\/SocialPromptContextBuilder.php","details":""}}
{"at":"2026-05-14T20:29:55+00:00","event":"assertion","data":{"status":"pass","name":"TEST 8 static includeLegacyNullRows=true not used as default","details":""}}
{"at":"2026-05-14T20:29:55+00:00","event":"assertion","data":{"status":"pass","name":"TEST 8 SocialPromptContextBuilder passes explicit strict-context arguments to summarizeForPrompt","details":""}}
{"at":"2026-05-14T20:29:55+00:00","event":"assertion","data":{"status":"pass","name":"TEST 8 runners do not opt-in legacy social reads by default","details":""}}
{"at":"2026-05-14T20:29:55+00:00","event":"assertion","data":{"status":"pass","name":"TEST 9 mutation guard blocks forbidden PromptBuilder -> SQLite write","details":""}}
{"at":"2026-05-14T20:29:55+00:00","event":"assertion","data":{"status":"pass","name":"CHAOS comparison asymmetric A\/chaos does not crash","details":""}}
{"at":"2026-05-14T20:29:55+00:00","event":"assertion","data":{"status":"pass","name":"CHAOS Decision Room trace complete and registry declared","details":""}}
{"at":"2026-05-14T20:29:55+00:00","event":"assertion","data":{"status":"pass","name":"CHAOS CognitiveBudgetEngine prunes huge context traceably","details":""}}
{"at":"2026-05-14T20:29:55+00:00","event":"assertion","data":{"status":"pass","name":"CHAOS user prompt remains bounded after pruning","details":""}}
{"at":"2026-05-14T20:29:55+00:00","event":"assertion","data":{"status":"pass","name":"CHAOS Decision Room prompt does not leak context A marker","details":""}}
{"at":"2026-05-14T20:42:28+00:00","event":"assertion","data":{"status":"pass","name":"setup creates contexts A and B","details":"QA_RT_20260514_204228_81bd8f4a"}}
{"at":"2026-05-14T20:42:28+00:00","event":"assertion","data":{"status":"pass","name":"TEST 1 setup created beliefs in A\/B","details":""}}
{"at":"2026-05-14T20:42:28+00:00","event":"assertion","data":{"status":"pass","name":"TEST 1 no B marker visible in context A bundle","details":""}}
{"at":"2026-05-14T20:42:28+00:00","event":"assertion","data":{"status":"pass","name":"TEST 1 no A marker visible in context B bundle","details":""}}
{"at":"2026-05-14T20:42:28+00:00","event":"assertion","data":{"status":"pass","name":"TEST 1 social dynamics scoped rows exist","details":""}}
{"at":"2026-05-14T20:42:28+00:00","event":"assertion","data":{"status":"pass","name":"TEST 1B strict read A returns only scoped A rows","details":""}}
{"at":"2026-05-14T20:42:28+00:00","event":"assertion","data":{"status":"pass","name":"TEST 1B strict read A excludes B and legacy NULL","details":""}}
{"at":"2026-05-14T20:42:28+00:00","event":"assertion","data":{"status":"pass","name":"TEST 1B strict read B returns only scoped B rows","details":""}}
{"at":"2026-05-14T20:42:28+00:00","event":"assertion","data":{"status":"pass","name":"TEST 1B strict read B excludes A and legacy NULL","details":""}}
{"at":"2026-05-14T20:42:28+00:00","event":"assertion","data":{"status":"pass","name":"TEST 1B opt-in legacy read returns A plus legacy only","details":""}}
{"at":"2026-05-14T20:42:28+00:00","event":"assertion","data":{"status":"pass","name":"TEST 1B prompt social block A excludes legacy and context B","details":""}}
{"at":"2026-05-14T20:42:28+00:00","event":"assertion","data":{"status":"pass","name":"TEST 1B prompt social block B excludes legacy and context A","details":""}}
{"at":"2026-05-14T20:42:28+00:00","event":"assertion","data":{"status":"pass","name":"TEST 1B social endpoint marks include_legacy=true on explicit opt-in","details":""}}
{"at":"2026-05-14T20:42:28+00:00","event":"assertion","data":{"status":"pass","name":"TEST 1B social endpoint marks legacy opt-in active","details":""}}
{"at":"2026-05-14T20:42:28+00:00","event":"assertion","data":{"status":"pass","name":"TEST 2 narrative recompute returns context A","details":""}}
{"at":"2026-05-14T20:42:28+00:00","event":"assertion","data":{"status":"pass","name":"TEST 2 narrative recompute does not update belief rows","details":""}}
{"at":"2026-05-14T20:42:28+00:00","event":"assertion","data":{"status":"pass","name":"TEST 2 narrative recompute does not append belief events","details":""}}
{"at":"2026-05-14T20:42:28+00:00","event":"assertion","data":{"status":"pass","name":"TEST 3 memory compiler runs twice","details":""}}
{"at":"2026-05-14T20:42:28+00:00","event":"assertion","data":{"status":"pass","name":"TEST 3 compiler does not mutate memory.md","details":""}}
{"at":"2026-05-14T20:42:28+00:00","event":"assertion","data":{"status":"pass","name":"TEST 3 compiler does not mutate beliefs","details":""}}
{"at":"2026-05-14T20:42:28+00:00","event":"assertion","data":{"status":"pass","name":"TEST 3 compiler does not mutate narrative","details":""}}
{"at":"2026-05-14T20:42:28+00:00","event":"assertion","data":{"status":"pass","name":"TEST 4 creates S1\/S2 snapshots","details":""}}
{"at":"2026-05-14T20:42:28+00:00","event":"assertion","data":{"status":"pass","name":"TEST 4 S1 payload stable after live mutation","details":""}}
{"at":"2026-05-14T20:42:28+00:00","event":"assertion","data":{"status":"pass","name":"TEST 4 snapshot compare returns ok","details":""}}
{"at":"2026-05-14T20:42:28+00:00","event":"assertion","data":{"status":"pass","name":"TEST 4 snapshot compare does not mutate live state","details":""}}
{"at":"2026-05-14T20:42:28+00:00","event":"assertion","data":{"status":"pass","name":"TEST 4 snapshot compare does not rewrite S1","details":""}}
{"at":"2026-05-14T20:42:28+00:00","event":"assertion","data":{"status":"pass","name":"TEST 4 no silent restore method exposed on ContextSnapshotService","details":""}}
{"at":"2026-05-14T20:42:28+00:00","event":"assertion","data":{"status":"pass","name":"TEST 5 context comparison returns ok","details":""}}
{"at":"2026-05-14T20:42:28+00:00","event":"assertion","data":{"status":"pass","name":"TEST 5 comparison declares runtime_meta.read_only","details":""}}
{"at":"2026-05-14T20:42:28+00:00","event":"assertion","data":{"status":"pass","name":"TEST 5 comparison does not change active context","details":""}}
{"at":"2026-05-14T20:42:28+00:00","event":"assertion","data":{"status":"pass","name":"TEST 5 comparison does not mutate context A tables","details":""}}
{"at":"2026-05-14T20:42:28+00:00","event":"assertion","data":{"status":"pass","name":"TEST 5 comparison does not mutate context B tables","details":""}}
{"at":"2026-05-14T20:42:28+00:00","event":"assertion","data":{"status":"pass","name":"TEST 5 comparison does not mutate context A files","details":""}}
{"at":"2026-05-14T20:42:28+00:00","event":"assertion","data":{"status":"pass","name":"TEST 5 comparison does not mutate context B files","details":""}}
{"at":"2026-05-14T20:42:28+00:00","event":"assertion","data":{"status":"pass","name":"TEST 6 PromptBuilder buildDecisionRoomMessages completes","details":""}}
{"at":"2026-05-14T20:42:28+00:00","event":"assertion","data":{"status":"pass","name":"TEST 6 PromptBuilder does not write SQLite","details":"app_logs delta=0"}}
{"at":"2026-05-14T20:42:28+00:00","event":"assertion","data":{"status":"pass","name":"TEST 6 PromptBuilder does not write filesystem","details":"memory existed before=no, after=no"}}
{"at":"2026-05-14T20:42:28+00:00","event":"assertion","data":{"status":"pass","name":"TEST 6 PromptBuilder with missing memory does not create memory.md","details":""}}
{"at":"2026-05-14T20:42:28+00:00","event":"assertion","data":{"status":"pass","name":"TEST 6 prompt trace and cognitive budget present","details":""}}
{"at":"2026-05-14T20:42:28+00:00","event":"assertion","data":{"status":"pass","name":"TEST 6 all prompt trace steps map to registry definitions","details":""}}
{"at":"2026-05-14T20:42:28+00:00","event":"assertion","data":{"status":"pass","name":"TEST 6 prompt message shape is stable","details":""}}
{"at":"2026-05-14T20:42:28+00:00","event":"assertion","data":{"status":"pass","name":"TEST 6 setup writes existing memory file","details":""}}
{"at":"2026-05-14T20:42:28+00:00","event":"assertion","data":{"status":"pass","name":"TEST 6 PromptBuilder build with existing memory completes","details":""}}
{"at":"2026-05-14T20:42:28+00:00","event":"assertion","data":{"status":"pass","name":"TEST 6 PromptBuilder with existing memory does not modify memory.md","details":""}}
{"at":"2026-05-14T20:42:28+00:00","event":"assertion","data":{"status":"pass","name":"TEST 6 PromptBuilder reads existing memory without content mutation","details":""}}
{"at":"2026-05-14T20:42:28+00:00","event":"assertion","data":{"status":"pass","name":"TEST 6 PromptBuilder does not reference Logger::logPromptBuild","details":""}}
{"at":"2026-05-14T20:42:28+00:00","event":"assertion","data":{"status":"pass","name":"TEST 6 PromptBuilder does not reference ensureFile","details":""}}
{"at":"2026-05-14T20:42:28+00:00","event":"assertion","data":{"status":"pass","name":"TEST 6 social repository defaults never enable legacy NULL rows","details":""}}
{"at":"2026-05-14T20:42:28+00:00","event":"assertion","data":{"status":"pass","name":"TEST 6 SocialPromptContextBuilder avoids global summary call when context can be provided","details":""}}
{"at":"2026-05-14T20:42:28+00:00","event":"assertion","data":{"status":"pass","name":"TEST 7 situated chat returns ok","details":""}}
{"at":"2026-05-14T20:42:28+00:00","event":"assertion","data":{"status":"pass","name":"TEST 7 situated chat returns cognitive_runtime","details":""}}
{"at":"2026-05-14T20:42:28+00:00","event":"assertion","data":{"status":"pass","name":"TEST 7 situated chat returns prompt_injection_trace","details":""}}
{"at":"2026-05-14T20:42:28+00:00","event":"assertion","data":{"status":"pass","name":"TEST 7 situated chat trace steps map to registry definitions","details":""}}
{"at":"2026-05-14T20:42:28+00:00","event":"assertion","data":{"status":"pass","name":"TEST 7 situated chat does not leak context A marker into B prompt","details":""}}
{"at":"2026-05-14T20:42:28+00:00","event":"assertion","data":{"status":"pass","name":"TEST 7 situated chat uses B scoped sources","details":""}}
{"at":"2026-05-14T20:42:28+00:00","event":"assertion","data":{"status":"pass","name":"TEST 8 static PromptBuilder has no persistence calls","details":""}}
{"at":"2026-05-14T20:42:28+00:00","event":"assertion","data":{"status":"pass","name":"TEST 8 static PromptBuilder has no filesystem writes","details":""}}
{"at":"2026-05-14T20:42:28+00:00","event":"assertion","data":{"status":"pass","name":"TEST 8 static PromptBuilder has no repository writes","details":""}}
{"at":"2026-05-14T20:42:28+00:00","event":"assertion","data":{"status":"pass","name":"TEST 8 forbidden call graph src\/Domain\/StrategicContext\/StrategicNarrativeService.php","details":""}}
{"at":"2026-05-14T20:42:28+00:00","event":"assertion","data":{"status":"pass","name":"TEST 8 forbidden call graph src\/Domain\/StrategicContext\/MemoryCompilerService.php","details":""}}
{"at":"2026-05-14T20:42:28+00:00","event":"assertion","data":{"status":"pass","name":"TEST 8 forbidden call graph src\/Domain\/StrategicContext\/ContextSnapshotService.php","details":""}}
{"at":"2026-05-14T20:42:28+00:00","event":"assertion","data":{"status":"pass","name":"TEST 8 forbidden call graph src\/Domain\/SocialDynamics\/SocialPromptContextBuilder.php","details":""}}
{"at":"2026-05-14T20:42:28+00:00","event":"assertion","data":{"status":"pass","name":"TEST 8 static includeLegacyNullRows=true not used as default","details":""}}
{"at":"2026-05-14T20:42:28+00:00","event":"assertion","data":{"status":"pass","name":"TEST 8 SocialPromptContextBuilder passes explicit strict-context arguments to summarizeForPrompt","details":""}}
{"at":"2026-05-14T20:42:28+00:00","event":"assertion","data":{"status":"pass","name":"TEST 8 runners do not opt-in legacy social reads by default","details":""}}
{"at":"2026-05-14T20:42:28+00:00","event":"assertion","data":{"status":"pass","name":"TEST 9 mutation guard blocks forbidden PromptBuilder -> SQLite write","details":""}}
{"at":"2026-05-14T20:42:28+00:00","event":"assertion","data":{"status":"pass","name":"CHAOS comparison asymmetric A\/chaos does not crash","details":""}}
{"at":"2026-05-14T20:42:28+00:00","event":"assertion","data":{"status":"pass","name":"CHAOS Decision Room trace complete and registry declared","details":""}}
{"at":"2026-05-14T20:42:28+00:00","event":"assertion","data":{"status":"pass","name":"CHAOS CognitiveBudgetEngine prunes huge context traceably","details":""}}
{"at":"2026-05-14T20:42:28+00:00","event":"assertion","data":{"status":"pass","name":"CHAOS user prompt remains bounded after pruning","details":""}}
{"at":"2026-05-14T20:42:28+00:00","event":"assertion","data":{"status":"pass","name":"CHAOS Decision Room prompt does not leak context A marker","details":""}}
